,Erfelek Tatlıca Şelaleleri - Sinop_temp,Erfelek Tatlıca Şelaleleri - Sinop_prcp,Erfelek Tatlıca Şelaleleri - Sinop_snow,Erfelek Tatlıca Şelaleleri - Sinop_rain,Erfelek Tatlıca Şelaleleri - Sinop_tmin,Erfelek Tatlıca Şelaleleri - Sinop_tmax,Erfelek Tatlıca Şelaleleri - Sinop_wspd,Erfelek Tatlıca Şelaleleri - Sinop_rhum
2021-12-31,6.54,2.45,0.0,2.45,5.0,8.03,13.73,88.19
2022-01-01,6.37,2.36,0.0,2.36,5.21,7.62,9.73,91.48
2022-01-02,5.6,8.0,0.0,8.0,4.03,7.01,31.81,81.78
2022-01-03,5.37,1.4,0.0,1.4,0.97,8.5,12.14,61.09
2022-01-04,7.93,1.94,0.0,1.94,5.57,10.25,16.89,75.54
2022-01-05,9.59,0.66,0.0,0.66,4.06,15.16,10.44,60.2
2022-01-06,12.61,0.0,0.0,0.0,7.34,18.51,11.41,51.78
2022-01-07,9.35,0.67,0.0,0.67,6.72,13.36,10.59,75.39
2022-01-08,7.66,0.6,0.0,0.6,6.31,9.05,15.51,90.05
2022-01-09,9.88,0.0,0.0,0.0,5.8,14.25,9.05,68.72
2022-01-10,10.45,0.05,0.0,0.05,6.38,14.79,8.55,62.12
2022-01-11,6.96,0.2,0.0,0.2,3.7,9.7,7.37,80.34
2022-01-12,3.27,9.03,0.0,9.03,0.26,5.83,18.8,92.34
2022-01-13,-0.08,6.65,6.65,0.0,-0.79,1.06,24.05,76.55
2022-01-14,1.04,0.09,0.09,0.0,-1.71,2.98,13.31,68.17
2022-01-15,2.46,7.09,0.0,7.09,0.74,4.46,34.29,74.01
2022-01-16,1.15,14.18,14.18,0.0,-1.0,3.05,19.55,79.13
2022-01-17,3.09,2.51,0.0,2.51,-0.43,6.09,9.52,65.16
2022-01-18,1.49,2.82,2.82,0.0,-1.57,4.62,23.91,64.05
2022-01-19,-1.02,12.39,12.39,0.0,-2.77,0.49,20.11,81.16
2022-01-20,0.62,3.39,3.39,0.0,-1.5,3.52,16.67,68.12
2022-01-21,4.95,1.03,0.0,1.03,1.11,7.63,14.64,54.68
2022-01-22,-0.27,11.21,11.21,0.0,-1.74,2.44,11.16,90.78
2022-01-23,-0.72,17.69,17.69,0.0,-1.99,1.52,17.2,88.82
2022-01-24,0.31,3.13,3.13,0.0,-1.33,1.77,20.35,72.89
2022-01-25,-0.28,0.78,0.78,0.0,-3.95,2.66,10.07,73.0
2022-01-26,-1.15,3.27,3.27,0.0,-2.7,1.06,13.45,85.42
2022-01-27,0.03,4.41,4.41,0.0,-2.69,3.02,16.14,80.4
2022-01-28,2.15,3.24,0.0,3.24,-1.56,6.08,10.62,66.56
2022-01-29,3.38,0.74,0.0,0.74,0.3,6.02,14.35,63.98
2022-01-30,2.56,0.34,0.0,0.34,-0.64,6.33,7.32,71.26
2022-01-31,3.65,0.0,0.0,0.0,0.51,7.3,10.36,70.45
2022-02-01,3.75,0.0,0.0,0.0,-0.94,7.38,9.95,63.36
2022-02-02,9.2,3.1,0.0,3.1,4.99,11.71,13.5,57.26
2022-02-03,8.24,1.57,0.0,1.57,4.14,11.92,15.28,67.64
2022-02-04,1.62,5.06,5.06,0.0,-0.3,3.31,28.93,78.38
2022-02-05,2.04,2.05,0.0,2.05,-0.97,4.46,12.1,71.05
2022-02-06,3.2,0.83,0.0,0.83,0.64,6.16,11.68,74.65
2022-02-07,6.76,0.18,0.0,0.18,-0.48,11.93,14.53,57.68
2022-02-08,8.6,1.25,0.0,1.25,5.06,12.71,11.73,63.0
2022-02-09,3.28,5.41,0.0,5.41,2.13,4.68,21.15,84.75
2022-02-10,3.42,1.82,0.0,1.82,1.87,4.92,14.62,75.75
2022-02-11,3.4,0.11,0.0,0.11,-1.29,6.76,7.59,71.41
2022-02-12,6.21,0.0,0.0,0.0,0.0,12.28,13.5,63.87
2022-02-13,3.31,0.53,0.0,0.53,2.43,4.47,19.04,80.28
2022-02-14,3.36,0.0,0.0,0.0,1.31,5.18,9.37,75.4
2022-02-15,3.9,0.05,0.0,0.05,2.18,5.6,6.55,81.42
2022-02-16,4.02,0.0,0.0,0.0,-1.22,7.49,9.93,76.65
2022-02-17,6.28,0.0,0.0,0.0,1.47,10.95,9.73,63.92
2022-02-18,7.58,1.57,0.0,1.57,4.0,12.43,17.55,61.16
2022-02-19,4.79,2.6,0.0,2.6,2.66,6.47,13.61,81.16
2022-02-20,7.73,0.11,0.0,0.11,1.94,12.54,6.97,58.3
2022-02-21,6.81,0.0,0.0,0.0,5.48,8.33,10.22,73.21
2022-02-22,8.69,0.0,0.0,0.0,4.15,13.19,8.97,72.09
2022-02-23,8.64,0.05,0.0,0.05,5.13,12.81,7.45,74.26
2022-02-24,5.78,3.1,0.0,3.1,4.93,6.54,10.11,94.63
2022-02-25,5.29,11.17,0.0,11.17,4.54,5.93,18.89,95.08
2022-02-26,4.84,2.14,0.0,2.14,3.78,6.13,27.4,82.81
2022-02-27,4.91,0.05,0.0,0.05,3.29,6.42,8.83,84.77
2022-02-28,5.79,5.18,0.0,5.18,4.03,8.89,16.66,88.24
2022-03-01,4.71,7.33,0.0,7.33,3.04,7.26,13.88,79.08
2022-03-02,2.61,8.77,0.0,8.77,1.74,3.6,8.0,86.46
2022-03-03,1.19,20.24,20.24,0.0,-1.76,3.01,18.72,88.12
2022-03-04,2.39,4.57,0.0,4.57,0.14,5.1,18.46,79.71
2022-03-05,3.3,0.48,0.0,0.48,-0.38,7.11,8.9,75.8
2022-03-06,3.46,0.18,0.0,0.18,1.46,4.54,9.81,78.29
2022-03-07,5.02,2.65,0.0,2.65,2.93,7.61,18.45,83.94
2022-03-08,2.71,2.65,0.0,2.65,1.03,3.96,14.57,79.18
2022-03-09,0.12,8.88,8.88,0.0,-1.31,2.16,10.76,87.19
2022-03-10,0.35,2.02,2.02,0.0,-1.9,2.43,12.26,77.49
2022-03-11,-1.39,4.07,4.07,0.0,-3.0,0.13,19.99,77.98
2022-03-12,-1.45,0.46,0.46,0.0,-4.05,1.01,16.49,67.87
2022-03-13,-0.68,2.17,2.17,0.0,-3.26,2.05,17.55,73.76
2022-03-14,-0.81,3.22,3.22,0.0,-2.63,1.14,11.5,79.86
2022-03-15,0.6,2.7,2.7,0.0,-1.61,3.35,16.58,78.44
2022-03-16,2.65,0.46,0.0,0.46,-0.03,5.18,13.83,69.31
2022-03-17,-0.16,2.4,2.4,0.0,-2.23,1.57,9.15,80.46
2022-03-18,-2.15,4.02,4.02,0.0,-3.59,-0.71,11.83,78.77
2022-03-19,-1.62,6.19,6.19,0.0,-3.81,0.07,14.68,82.15
2022-03-20,0.51,2.59,2.59,0.0,-1.51,1.77,21.11,78.66
2022-03-21,2.19,0.69,0.0,0.69,0.03,4.7,13.3,69.72
2022-03-22,3.15,0.05,0.0,0.05,0.6,5.3,11.38,73.75
2022-03-23,3.51,0.62,0.0,0.62,-0.2,6.25,9.58,76.97
2022-03-24,3.14,0.94,0.0,0.94,2.03,4.78,15.44,79.91
2022-03-25,5.04,0.37,0.0,0.37,1.68,8.66,12.89,58.38
2022-03-26,4.24,0.28,0.0,0.28,2.45,6.49,21.4,75.69
2022-03-27,6.3,0.0,0.0,0.0,0.07,12.12,18.63,59.37
2022-03-28,4.94,0.0,0.0,0.0,0.35,8.03,11.6,65.37
2022-03-29,8.24,0.0,0.0,0.0,3.66,13.11,9.72,65.48
2022-03-30,11.5,0.0,0.0,0.0,6.71,15.88,8.76,54.44
2022-03-31,15.28,0.0,0.0,0.0,7.83,21.6,11.53,44.1
2022-04-01,18.15,0.05,0.0,0.05,12.26,21.97,17.23,35.7
2022-04-02,14.9,0.18,0.0,0.18,10.44,19.63,11.69,45.76
2022-04-03,10.9,0.18,0.0,0.18,7.35,19.61,19.27,60.06
2022-04-04,6.95,0.0,0.0,0.0,4.23,10.12,11.79,72.06
2022-04-05,5.25,5.82,0.0,5.82,4.31,6.65,11.79,90.09
2022-04-06,6.65,0.85,0.0,0.85,4.53,9.16,8.14,93.32
2022-04-07,7.17,0.37,0.0,0.37,5.15,9.51,20.46,92.77
2022-04-08,9.33,5.81,0.0,5.81,7.18,11.38,17.02,86.27
2022-04-09,12.56,0.0,0.0,0.0,6.93,17.29,14.67,71.17
2022-04-10,12.26,0.0,0.0,0.0,8.52,17.24,9.72,65.2
2022-04-11,8.85,0.14,0.0,0.14,6.21,14.05,22.29,80.17
2022-04-12,5.89,1.8,0.0,1.8,4.16,7.67,32.46,75.55
2022-04-13,5.66,0.92,0.0,0.92,2.81,8.36,22.34,66.0
2022-04-14,7.14,1.17,0.0,1.17,5.73,9.2,21.35,63.14
2022-04-15,7.71,0.11,0.0,0.11,5.51,10.45,8.94,74.82
2022-04-16,8.17,0.0,0.0,0.0,5.11,11.84,15.19,80.77
2022-04-17,8.04,0.11,0.0,0.11,6.03,10.83,8.83,86.02
2022-04-18,8.13,0.28,0.0,0.28,6.28,11.16,21.1,86.53
2022-04-19,6.0,0.46,0.0,0.46,5.27,6.86,15.38,88.12
2022-04-20,6.15,0.88,0.0,0.88,4.7,7.73,12.06,81.74
2022-04-21,6.89,0.14,0.0,0.14,4.47,9.65,21.4,81.94
2022-04-22,7.99,0.0,0.0,0.0,4.46,11.58,14.72,81.57
2022-04-23,8.62,0.0,0.0,0.0,6.29,11.35,14.99,85.57
2022-04-24,11.77,0.0,0.0,0.0,8.48,15.01,11.56,73.64
2022-04-25,11.25,0.0,0.0,0.0,8.6,14.33,12.82,74.29
2022-04-26,11.41,0.0,0.0,0.0,8.89,14.54,13.09,72.47
2022-04-27,11.32,0.0,0.0,0.0,8.02,15.04,6.86,74.2
2022-04-28,10.27,0.0,0.0,0.0,8.28,13.06,6.7,85.27
2022-04-29,9.61,0.0,0.0,0.0,7.06,12.52,8.85,90.61
2022-04-30,8.93,0.0,0.0,0.0,7.47,10.89,8.79,94.81
2022-05-01,9.46,2.88,0.0,2.88,8.36,10.93,15.24,92.81
2022-05-02,9.48,0.0,0.0,0.0,7.42,11.74,11.42,85.21
2022-05-03,8.92,0.97,0.0,0.97,7.16,10.87,10.39,85.6
2022-05-04,8.3,1.03,0.0,1.03,7.71,9.21,9.08,92.04
2022-05-05,9.7,0.39,0.0,0.39,7.84,12.82,20.46,79.2
2022-05-06,8.37,14.21,0.0,14.21,7.77,8.89,19.03,92.74
2022-05-07,7.71,3.56,0.0,3.56,6.84,8.35,19.16,86.39
2022-05-08,8.8,1.63,0.0,1.63,6.57,10.47,15.58,82.78
2022-05-09,9.46,0.0,0.0,0.0,5.82,12.17,6.9,82.06
2022-05-10,10.44,0.0,0.0,0.0,6.38,14.2,7.56,75.49
2022-05-11,10.09,0.0,0.0,0.0,5.6,12.82,8.09,81.31
2022-05-12,11.48,0.0,0.0,0.0,7.2,14.83,8.31,68.0
2022-05-13,13.28,0.0,0.0,0.0,8.53,17.24,12.66,61.04
2022-05-14,13.54,0.0,0.0,0.0,9.31,17.38,12.89,69.61
2022-05-15,14.36,0.0,0.0,0.0,8.93,18.69,7.75,64.99
2022-05-16,14.77,0.0,0.0,0.0,10.74,18.09,9.06,62.57
2022-05-17,14.57,0.0,0.0,0.0,10.51,18.41,7.79,67.34
2022-05-18,15.33,0.28,0.0,0.28,11.14,21.7,17.06,66.06
2022-05-19,10.51,4.78,0.0,4.78,8.21,13.27,21.79,77.98
2022-05-20,12.45,0.66,0.0,0.66,9.67,15.84,15.79,70.15
2022-05-21,14.12,0.0,0.0,0.0,8.24,18.75,9.44,65.05
2022-05-22,15.66,0.0,0.0,0.0,10.85,20.09,11.91,65.14
2022-05-23,12.92,2.86,0.0,2.86,10.11,16.57,11.62,81.04
2022-05-24,12.55,2.74,0.0,2.74,9.57,15.48,13.96,80.78
2022-05-25,12.94,0.0,0.0,0.0,8.61,16.02,9.74,78.71
2022-05-26,14.35,0.0,0.0,0.0,10.63,17.15,14.62,79.96
2022-05-27,14.26,0.0,0.0,0.0,11.78,16.92,10.94,81.11
2022-05-28,14.86,0.0,0.0,0.0,11.84,17.9,11.69,81.68
2022-05-29,16.29,0.0,0.0,0.0,13.04,19.56,14.27,78.88
2022-05-30,17.86,0.11,0.0,0.11,13.77,23.85,15.41,77.99
2022-05-31,17.29,0.0,0.0,0.0,14.09,21.7,14.26,77.55
2022-06-01,15.17,0.0,0.0,0.0,13.26,18.36,7.43,89.78
2022-06-02,15.45,0.0,0.0,0.0,12.69,18.82,7.38,88.37
2022-06-03,16.55,0.11,0.0,0.11,13.96,20.83,7.59,86.54
2022-06-04,17.2,0.18,0.0,0.18,14.76,19.8,18.51,86.14
2022-06-05,18.03,0.0,0.0,0.0,15.73,20.72,17.95,80.29
2022-06-06,18.26,0.0,0.0,0.0,15.54,21.64,12.54,81.75
2022-06-07,17.6,2.05,0.0,2.05,15.6,20.55,13.91,85.29
2022-06-08,17.96,0.0,0.0,0.0,15.42,20.94,9.25,85.28
2022-06-09,18.03,0.39,0.0,0.39,15.53,20.38,11.66,85.15
2022-06-10,19.26,0.0,0.0,0.0,16.23,23.02,13.57,80.86
2022-06-11,19.26,1.66,0.0,1.66,16.49,21.92,17.36,85.69
2022-06-12,18.5,3.57,0.0,3.57,16.58,21.06,12.23,87.74
2022-06-13,18.87,0.05,0.0,0.05,16.78,20.75,25.71,81.38
2022-06-14,19.55,0.0,0.0,0.0,17.08,22.01,17.72,81.84
2022-06-15,19.29,0.18,0.0,0.18,16.86,22.03,19.26,81.18
2022-06-16,18.91,0.0,0.0,0.0,15.95,21.84,11.23,74.49
2022-06-17,19.33,0.0,0.0,0.0,15.57,22.79,9.1,72.18
2022-06-18,19.77,0.0,0.0,0.0,16.17,22.65,8.68,69.49
2022-06-19,19.07,0.12,0.0,0.12,15.13,21.69,7.07,76.56
2022-06-20,20.09,0.0,0.0,0.0,15.07,23.89,8.06,78.57
2022-06-21,19.5,0.69,0.0,0.69,16.87,22.16,17.78,80.24
2022-06-22,19.86,0.81,0.0,0.81,16.84,24.07,19.51,70.93
2022-06-23,19.16,0.0,0.0,0.0,16.2,23.09,15.25,62.55
2022-06-24,16.31,8.01,0.0,8.01,13.99,18.21,13.7,79.48
2022-06-25,16.03,11.35,0.0,11.35,14.07,18.13,17.58,83.26
2022-06-26,16.73,26.45,0.0,26.45,13.3,20.02,17.0,84.48
2022-06-27,17.61,46.26,0.0,46.26,15.15,20.15,13.2,90.11
2022-06-28,17.89,2.68,0.0,2.68,15.3,20.75,7.68,85.69
2022-06-29,18.28,2.02,0.0,2.02,15.36,20.88,5.89,83.72
2022-06-30,19.49,0.0,0.0,0.0,15.76,23.02,9.43,81.88
2022-07-01,20.31,0.0,0.0,0.0,18.01,23.07,14.22,84.86
2022-07-02,20.66,0.0,0.0,0.0,16.47,25.19,11.01,73.99
2022-07-03,19.4,0.0,0.0,0.0,14.75,21.92,6.89,66.21
2022-07-04,19.12,0.0,0.0,0.0,13.85,22.2,7.47,68.62
2022-07-05,19.98,0.0,0.0,0.0,15.4,22.85,7.18,72.0
2022-07-06,20.69,0.0,0.0,0.0,15.94,24.29,7.98,76.94
2022-07-07,20.75,0.0,0.0,0.0,17.17,23.78,12.85,80.37
2022-07-08,21.21,0.0,0.0,0.0,18.86,23.96,16.56,81.43
2022-07-09,21.3,0.0,0.0,0.0,17.47,23.92,7.82,81.69
2022-07-10,20.15,4.85,0.0,4.85,18.25,22.97,12.21,83.91
2022-07-11,20.83,1.26,0.0,1.26,18.02,23.69,20.79,74.32
2022-07-12,20.55,0.0,0.0,0.0,17.76,23.0,8.12,73.49
2022-07-13,20.29,0.29,0.0,0.29,16.31,22.92,7.81,71.75
2022-07-14,20.1,1.64,0.0,1.64,15.6,23.14,12.72,70.66
2022-07-15,20.38,0.0,0.0,0.0,15.47,23.95,7.48,69.36
2022-07-16,20.49,0.68,0.0,0.68,17.31,23.0,16.21,76.12
2022-07-17,21.69,0.14,0.0,0.14,19.08,23.92,17.44,77.26
2022-07-18,19.43,13.32,0.0,13.32,17.12,22.42,16.98,79.89
2022-07-19,19.64,0.69,0.0,0.69,16.8,22.79,10.03,70.84
2022-07-20,20.66,0.0,0.0,0.0,16.41,23.3,11.14,66.39
2022-07-21,20.8,0.08,0.0,0.08,16.96,23.83,15.08,66.66
2022-07-22,20.43,0.42,0.0,0.42,17.92,22.51,16.68,71.41
2022-07-23,21.07,0.88,0.0,0.88,17.66,23.59,16.21,70.96
2022-07-24,20.99,0.32,0.0,0.32,17.21,23.62,11.92,74.84
2022-07-25,21.24,0.0,0.0,0.0,15.82,24.46,7.11,70.28
2022-07-26,21.23,0.16,0.0,0.16,17.92,24.03,11.38,75.28
2022-07-27,21.53,0.0,0.0,0.0,15.93,24.73,8.13,68.69
2022-07-28,21.58,0.0,0.0,0.0,18.16,24.32,11.31,72.84
2022-07-29,21.83,0.0,0.0,0.0,16.26,24.89,9.5,71.75
2022-07-30,21.77,0.0,0.0,0.0,16.49,25.26,8.01,77.04
2022-07-31,22.85,0.0,0.0,0.0,18.94,25.69,8.07,83.41
2022-08-01,22.88,0.0,0.0,0.0,20.65,24.96,15.92,82.4
2022-08-02,22.36,0.0,0.0,0.0,20.23,24.87,14.98,75.35
2022-08-03,22.31,0.0,0.0,0.0,18.59,25.08,11.07,74.72
2022-08-04,22.01,0.14,0.0,0.14,18.61,24.54,7.17,76.91
2022-08-05,22.61,2.67,0.0,2.67,20.34,24.66,6.62,79.68
2022-08-06,22.91,0.57,0.0,0.57,19.65,25.94,6.87,76.75
2022-08-07,22.74,0.92,0.0,0.92,18.33,25.34,10.78,78.89
2022-08-08,23.31,0.14,0.0,0.14,19.44,26.75,9.91,78.36
2022-08-09,23.31,0.0,0.0,0.0,19.44,26.73,8.4,78.84
2022-08-10,22.99,0.0,0.0,0.0,20.35,25.68,18.28,78.04
2022-08-11,23.09,0.0,0.0,0.0,20.87,25.18,22.29,75.01
2022-08-12,22.77,0.0,0.0,0.0,20.21,25.74,15.62,76.09
2022-08-13,22.65,0.0,0.0,0.0,17.76,25.82,6.9,77.08
2022-08-14,23.08,0.0,0.0,0.0,18.51,26.1,6.53,76.56
2022-08-15,22.71,4.46,0.0,4.46,20.42,25.82,10.53,78.92
2022-08-16,22.71,0.18,0.0,0.18,19.37,26.26,9.22,75.37
2022-08-17,23.45,0.0,0.0,0.0,18.9,26.81,7.97,71.09
2022-08-18,23.07,0.0,0.0,0.0,19.51,25.63,6.24,72.34
2022-08-19,22.57,3.43,0.0,3.43,17.83,26.12,9.55,75.01
2022-08-20,22.77,0.45,0.0,0.45,18.62,26.1,8.13,76.91
2022-08-21,23.64,0.0,0.0,0.0,18.25,26.71,8.66,75.48
2022-08-22,24.32,0.0,0.0,0.0,21.42,27.74,9.43,78.23
2022-08-23,24.38,0.0,0.0,0.0,19.86,27.87,8.22,79.16
2022-08-24,23.84,0.0,0.0,0.0,18.78,26.77,7.18,80.52
2022-08-25,23.91,0.06,0.0,0.06,21.45,27.4,11.39,80.84
2022-08-26,23.53,0.0,0.0,0.0,19.96,26.04,12.98,78.35
2022-08-27,23.43,0.18,0.0,0.18,20.08,26.46,9.65,77.35
2022-08-28,23.37,1.11,0.0,1.11,18.9,26.76,6.39,78.81
2022-08-29,23.75,0.0,0.0,0.0,18.82,26.76,8.34,77.72
2022-08-30,24.44,0.0,0.0,0.0,21.86,27.53,14.66,79.34
2022-08-31,24.11,0.0,0.0,0.0,21.21,26.7,9.3,80.51
2022-09-01,23.51,0.05,0.0,0.05,20.32,26.29,9.31,81.64
2022-09-02,23.99,0.23,0.0,0.23,19.31,27.07,9.07,79.23
2022-09-03,23.53,0.18,0.0,0.18,19.38,27.18,11.53,80.52
2022-09-04,20.65,2.36,0.0,2.36,18.04,22.75,20.23,78.89
2022-09-05,18.62,9.18,0.0,9.18,16.2,22.66,14.07,76.98
2022-09-06,18.14,4.69,0.0,4.69,15.17,20.88,8.33,62.47
2022-09-07,16.32,1.02,0.0,1.02,12.48,20.14,7.9,67.54
2022-09-08,17.52,3.97,0.0,3.97,12.9,21.07,9.22,71.4
2022-09-09,19.59,0.0,0.0,0.0,15.54,22.92,14.86,65.86
2022-09-10,20.23,0.0,0.0,0.0,17.55,22.66,17.82,66.13
2022-09-11,20.72,0.0,0.0,0.0,15.91,25.03,10.54,71.08
2022-09-12,18.35,12.31,0.0,12.31,14.29,22.59,12.94,83.37
2022-09-13,16.36,5.75,0.0,5.75,13.91,20.1,16.14,80.92
2022-09-14,16.74,0.66,0.0,0.66,12.55,20.38,11.66,73.24
2022-09-15,18.58,0.0,0.0,0.0,13.8,22.27,8.32,67.65
2022-09-16,22.62,0.0,0.0,0.0,16.16,29.73,9.1,58.02
2022-09-17,21.95,0.0,0.0,0.0,16.27,26.61,9.74,63.02
2022-09-18,22.05,0.12,0.0,0.12,18.51,25.91,17.32,68.26
2022-09-19,17.39,1.68,0.0,1.68,15.39,19.35,11.24,76.72
2022-09-20,16.97,1.67,0.0,1.67,14.8,20.75,11.01,78.44
2022-09-21,14.25,4.43,0.0,4.43,13.09,15.99,8.8,81.43
2022-09-22,13.92,13.46,0.0,13.46,11.72,16.77,13.04,81.43
2022-09-23,13.93,5.58,0.0,5.58,11.32,17.59,16.8,72.88
2022-09-24,13.39,2.32,0.0,2.32,10.49,16.67,19.57,73.89
2022-09-25,14.52,0.04,0.0,0.04,8.95,18.53,10.17,67.96
2022-09-26,16.56,0.0,0.0,0.0,10.42,21.11,9.49,73.04
2022-09-27,18.15,0.0,0.0,0.0,13.94,24.35,7.05,64.29
2022-09-28,18.32,2.37,0.0,2.37,14.58,23.31,8.96,65.58
2022-09-29,18.73,0.0,0.0,0.0,14.61,23.42,8.16,73.68
2022-09-30,19.34,0.0,0.0,0.0,15.51,23.73,8.59,73.57
2022-10-01,18.91,0.0,0.0,0.0,13.17,23.0,6.38,76.49
2022-10-02,19.31,7.69,0.0,7.69,13.71,27.35,18.97,71.74
2022-10-03,16.24,2.32,0.0,2.32,13.11,20.39,12.39,69.83
2022-10-04,15.56,1.96,0.0,1.96,12.77,18.22,12.6,73.03
2022-10-05,14.45,5.68,0.0,5.68,10.76,17.59,12.18,79.62
2022-10-06,14.78,0.57,0.0,0.57,12.28,17.77,6.74,76.14
2022-10-07,15.19,0.37,0.0,0.37,11.63,18.09,7.25,71.77
2022-10-08,14.91,3.57,0.0,3.57,13.11,17.36,7.53,85.54
2022-10-09,15.39,4.07,0.0,4.07,12.51,17.55,17.3,84.12
2022-10-10,15.83,4.49,0.0,4.49,13.13,18.04,25.95,75.92
2022-10-11,14.02,0.1,0.0,0.1,10.87,16.59,7.71,69.48
2022-10-12,14.42,0.42,0.0,0.42,10.61,17.11,10.77,77.13
2022-10-13,14.75,0.05,0.0,0.05,12.12,16.8,9.11,68.46
2022-10-14,13.49,0.0,0.0,0.0,8.68,16.49,7.53,72.46
2022-10-15,14.3,0.0,0.0,0.0,11.62,17.29,7.09,75.03
2022-10-16,13.97,2.13,0.0,2.13,12.43,15.83,6.01,86.04
2022-10-17,13.91,8.15,0.0,8.15,12.26,15.4,8.42,87.75
2022-10-18,14.1,0.51,0.0,0.51,12.29,16.08,7.43,84.51
2022-10-19,13.68,0.52,0.0,0.52,12.15,15.75,9.75,86.81
2022-10-20,12.03,5.02,0.0,5.02,9.58,14.33,19.89,83.32
2022-10-21,9.25,2.93,0.0,2.93,7.04,11.99,12.55,74.83
2022-10-22,10.34,0.11,0.0,0.11,4.18,14.06,12.63,73.6
2022-10-23,12.72,0.0,0.0,0.0,6.07,17.71,9.78,61.02
2022-10-24,13.04,0.92,0.0,0.92,9.61,16.0,14.47,84.32
2022-10-25,12.71,0.0,0.0,0.0,9.39,15.78,11.59,82.03
2022-10-26,13.68,0.03,0.0,0.03,7.36,19.18,13.37,79.05
2022-10-27,13.1,1.29,0.0,1.29,11.15,15.9,15.86,84.37
2022-10-28,11.58,0.86,0.0,0.86,8.0,15.0,10.23,81.83
2022-10-29,10.66,0.0,0.0,0.0,5.79,14.31,9.67,77.83
2022-10-30,10.84,0.0,0.0,0.0,6.87,14.66,9.33,77.77
2022-10-31,12.04,1.79,0.0,1.79,7.77,14.94,16.89,83.39
2022-11-01,10.7,1.6,0.0,1.6,7.03,13.21,11.76,74.37
2022-11-02,9.41,0.0,0.0,0.0,4.05,13.74,7.25,76.72
2022-11-03,12.31,1.52,0.0,1.52,8.15,14.37,17.62,77.71
2022-11-04,11.6,1.28,0.0,1.28,8.57,15.06,10.62,77.66
2022-11-05,12.12,0.0,0.0,0.0,7.31,15.22,11.8,80.79
2022-11-06,12.22,0.0,0.0,0.0,10.36,13.77,15.31,79.05
2022-11-07,12.39,0.41,0.0,0.41,10.6,14.75,11.81,80.43
2022-11-08,10.56,1.21,0.0,1.21,8.91,12.09,8.63,80.66
2022-11-09,9.71,0.13,0.0,0.13,7.84,12.13,7.38,75.65
2022-11-10,9.41,0.0,0.0,0.0,6.73,12.1,6.36,75.77
2022-11-11,10.45,0.0,0.0,0.0,6.27,13.96,7.57,76.57
2022-11-12,11.01,0.0,0.0,0.0,7.19,14.63,10.28,81.53
2022-11-13,10.29,0.4,0.0,0.4,7.46,13.97,6.22,84.4
2022-11-14,10.48,0.32,0.0,0.32,7.81,13.21,8.64,79.2
2022-11-15,10.76,0.0,0.0,0.0,7.71,13.98,11.28,78.06
2022-11-16,9.67,0.0,0.0,0.0,5.18,13.09,10.16,79.23
2022-11-17,12.23,0.12,0.0,0.12,5.5,16.08,9.83,61.69
2022-11-18,12.96,0.96,0.0,0.96,11.19,14.98,8.05,76.12
2022-11-19,16.73,0.0,0.0,0.0,11.42,21.63,12.54,58.57
2022-11-20,17.13,0.0,0.0,0.0,13.2,22.75,9.92,57.9
2022-11-21,18.3,0.08,0.0,0.08,13.18,21.98,10.23,47.41
2022-11-22,12.18,2.35,0.0,2.35,9.32,16.03,12.62,73.14
2022-11-23,12.76,0.0,0.0,0.0,8.98,16.29,13.6,67.97
2022-11-24,12.58,0.0,0.0,0.0,9.24,14.78,9.64,73.12
2022-11-25,10.91,1.81,0.0,1.81,9.09,12.7,17.64,86.29
2022-11-26,8.78,5.26,0.0,5.26,7.73,9.81,28.44,83.61
2022-11-27,8.24,0.74,0.0,0.74,6.51,10.0,15.1,72.43
2022-11-28,9.2,0.0,0.0,0.0,6.15,11.73,15.04,76.37
2022-11-29,10.01,0.0,0.0,0.0,8.27,12.0,13.85,79.71
2022-11-30,9.99,0.0,0.0,0.0,7.2,11.79,6.48,83.82
2022-12-01,9.85,0.0,0.0,0.0,6.9,12.21,7.61,86.92
2022-12-02,10.94,0.1,0.0,0.1,8.22,13.39,9.67,86.88
2022-12-03,9.5,4.29,0.0,4.29,8.42,10.55,15.46,86.29
2022-12-04,8.61,1.22,0.0,1.22,7.36,9.49,9.36,86.48
2022-12-05,8.13,4.18,0.0,4.18,6.61,9.78,6.8,88.34
2022-12-06,8.55,11.69,0.0,11.69,5.53,10.7,8.47,84.89
2022-12-07,7.69,0.0,0.0,0.0,4.4,11.39,6.63,79.24
2022-12-08,7.54,0.0,0.0,0.0,3.62,11.84,6.78,80.55
2022-12-09,9.55,0.39,0.0,0.39,5.73,13.78,8.04,74.96
2022-12-10,13.25,0.38,0.0,0.38,7.84,16.38,11.14,57.63
2022-12-11,15.8,0.28,0.0,0.28,12.92,18.22,15.01,49.34
2022-12-12,13.35,10.52,0.0,10.52,9.66,16.89,12.84,69.91
2022-12-13,10.23,7.22,0.0,7.22,6.24,17.52,17.74,81.59
2022-12-14,6.22,12.53,0.0,12.53,4.53,7.47,11.21,82.97
2022-12-15,10.75,2.26,0.0,2.26,6.6,15.84,13.43,75.66
2022-12-16,10.64,1.7,0.0,1.7,9.49,12.27,11.69,89.46
2022-12-17,12.66,0.0,0.0,0.0,8.22,17.62,8.8,74.64
2022-12-18,11.51,2.71,0.0,2.71,8.49,15.06,12.34,76.34
2022-12-19,5.07,22.68,0.0,22.68,2.36,8.14,16.57,88.83
2022-12-20,3.9,5.01,0.0,5.01,2.55,5.41,13.12,75.69
2022-12-21,5.37,0.71,0.0,0.71,3.07,7.23,8.17,79.63
2022-12-22,6.69,0.11,0.0,0.11,3.96,9.38,14.15,75.2
2022-12-23,5.17,0.0,0.0,0.0,1.64,9.66,6.55,78.8
2022-12-24,5.74,0.0,0.0,0.0,1.14,10.32,7.17,74.77
2022-12-25,7.52,3.56,0.0,3.56,4.33,10.16,9.36,73.51
2022-12-26,6.13,13.45,0.0,13.45,5.21,7.16,20.88,87.6
2022-12-27,6.8,4.84,0.0,4.84,2.39,10.32,8.14,73.22
2022-12-28,6.86,6.64,0.0,6.64,4.36,9.22,19.54,74.63
2022-12-29,5.24,0.0,0.0,0.0,-0.05,8.57,10.09,76.11
2022-12-30,7.05,0.0,0.0,0.0,1.27,13.64,6.69,74.06
2022-12-31,7.38,0.0,0.0,0.0,3.63,11.84,7.49,72.28
2023-01-01,6.8,0.0,0.0,0.0,3.05,11.67,6.39,75.97
2023-01-02,6.8,0.0,0.0,0.0,1.77,11.62,7.83,71.7
2023-01-03,5.6,0.0,0.0,0.0,1.01,10.01,8.68,77.1
2023-01-04,6.24,0.68,0.0,0.68,1.35,9.11,16.49,76.16
2023-01-05,7.06,0.21,0.0,0.21,4.7,9.48,9.39,80.74
2023-01-06,6.77,3.97,0.0,3.97,4.62,8.8,13.92,82.25
2023-01-07,4.91,10.37,0.0,10.37,3.51,6.21,15.96,81.38
2023-01-08,3.17,4.89,0.0,4.89,1.78,4.18,9.74,84.23
2023-01-09,3.67,2.14,0.0,2.14,-1.0,6.57,13.02,75.53
2023-01-10,5.89,0.0,0.0,0.0,1.15,9.83,14.16,66.47
2023-01-11,8.94,0.0,0.0,0.0,2.96,13.6,13.25,63.34
2023-01-12,8.68,0.0,0.0,0.0,5.5,11.66,9.51,71.9
2023-01-13,7.2,0.0,0.0,0.0,4.75,9.74,8.98,82.15
2023-01-14,6.3,0.08,0.0,0.08,2.61,9.13,6.5,84.56
2023-01-15,5.46,0.35,0.0,0.35,2.88,7.91,5.83,81.01
2023-01-16,5.17,0.0,0.0,0.0,0.11,8.41,11.68,83.42
2023-01-17,9.35,0.0,0.0,0.0,2.64,15.53,12.86,56.5
2023-01-18,12.3,0.0,0.0,0.0,5.31,16.61,14.34,48.44
2023-01-19,11.95,0.0,0.0,0.0,6.35,17.49,12.48,52.41
2023-01-20,11.25,0.0,0.0,0.0,6.46,16.95,13.3,52.18
2023-01-21,9.45,0.0,0.0,0.0,4.82,13.06,14.72,66.4
2023-01-22,7.09,0.0,0.0,0.0,4.68,9.42,12.15,80.37
2023-01-23,6.1,0.0,0.0,0.0,4.5,7.81,7.44,82.85
2023-01-24,5.96,0.03,0.0,0.03,4.48,7.34,6.76,78.89
2023-01-25,5.22,2.96,0.0,2.96,2.72,8.03,6.13,80.11
2023-01-26,5.04,0.0,0.0,0.0,1.94,7.21,14.91,82.51
2023-01-27,9.9,0.49,0.0,0.49,5.1,14.35,16.04,61.42
2023-01-28,8.89,0.39,0.0,0.39,5.22,12.15,10.51,70.19
2023-01-29,4.62,3.54,0.0,3.54,3.09,5.67,28.26,80.12
2023-01-30,3.4,0.99,0.0,0.99,2.0,4.96,16.43,78.55
2023-01-31,2.22,9.3,0.0,9.3,1.38,3.32,8.59,86.92
2023-02-01,2.12,10.18,0.0,10.18,0.83,4.29,16.1,85.39
2023-02-02,2.27,4.48,0.0,4.48,-0.49,5.17,15.11,77.39
2023-02-03,3.85,0.33,0.0,0.33,1.72,6.1,18.94,66.69
2023-02-04,2.68,0.37,0.0,0.37,-0.8,5.98,10.66,73.23
2023-02-05,2.98,0.08,0.0,0.08,0.25,5.27,9.88,72.46
2023-02-06,2.55,5.72,0.0,5.72,0.6,4.86,24.92,82.61
2023-02-07,0.03,5.28,5.28,0.0,-1.41,1.09,31.27,79.21
2023-02-08,-0.55,9.03,9.03,0.0,-1.67,1.15,25.78,85.04
2023-02-09,0.14,5.62,5.62,0.0,-1.63,1.49,12.5,85.98
2023-02-10,0.27,0.87,0.87,0.0,-1.0,1.34,11.62,78.92
2023-02-11,0.27,0.82,0.82,0.0,-1.48,1.99,8.74,77.79
2023-02-12,1.56,0.0,0.0,0.0,-1.9,4.21,13.75,66.07
2023-02-13,1.89,2.09,2.09,0.0,0.32,3.41,26.58,60.97
2023-02-14,2.48,1.72,0.0,1.72,-0.75,4.43,20.49,58.8
2023-02-15,2.0,16.77,0.0,16.77,0.05,3.23,30.24,73.92
2023-02-16,1.92,10.47,10.47,0.0,-0.28,3.41,29.33,70.59
2023-02-17,4.37,0.23,0.0,0.23,0.77,9.05,11.31,56.24
2023-02-18,6.83,0.41,0.0,0.41,2.48,10.51,13.12,62.16
2023-02-19,9.02,1.6,0.0,1.6,5.38,11.8,20.13,63.54
2023-02-20,5.91,5.36,0.0,5.36,2.11,9.43,21.79,78.8
2023-02-21,7.02,1.88,0.0,1.88,0.53,12.35,17.08,55.17
2023-02-22,7.43,0.0,0.0,0.0,4.89,9.95,15.74,73.08
2023-02-23,4.36,0.18,0.0,0.18,1.91,7.65,11.68,76.98
2023-02-24,4.33,0.0,0.0,0.0,1.41,6.6,21.32,77.74
2023-02-25,8.41,0.0,0.0,0.0,3.48,12.59,12.23,64.5
2023-02-26,13.3,0.0,0.0,0.0,7.3,18.68,14.96,45.22
2023-02-27,12.09,0.0,0.0,0.0,8.47,17.49,12.71,51.17
2023-02-28,8.21,0.0,0.0,0.0,5.51,11.12,9.44,73.79
2023-03-01,6.08,1.35,0.0,1.35,5.04,7.44,8.01,94.11
2023-03-02,5.25,3.79,0.0,3.79,4.66,5.86,10.79,92.98
2023-03-03,5.14,0.9,0.0,0.9,4.31,6.21,13.95,89.65
2023-03-04,6.07,0.54,0.0,0.54,4.35,7.18,8.87,90.21
2023-03-05,7.14,4.54,0.0,4.54,4.74,10.62,9.53,84.28
2023-03-06,5.15,23.25,0.0,23.25,2.65,7.12,16.77,89.49
2023-03-07,8.07,0.48,0.0,0.48,3.02,13.13,11.49,64.72
2023-03-08,9.07,0.22,0.0,0.22,4.71,13.36,10.37,61.87
2023-03-09,10.39,0.37,0.0,0.37,6.46,14.93,9.27,66.05
2023-03-10,10.66,1.2,0.0,1.2,7.35,15.19,12.38,68.39
2023-03-11,13.48,1.72,0.0,1.72,7.67,19.61,15.66,62.64
2023-03-12,7.72,11.34,0.0,11.34,3.83,12.03,15.92,83.16
2023-03-13,3.97,7.08,0.0,7.08,2.9,4.98,15.71,75.15
2023-03-14,4.18,1.25,0.0,1.25,1.98,6.04,8.24,75.5
2023-03-15,5.28,0.46,0.0,0.46,3.42,8.11,11.98,86.56
2023-03-16,6.29,0.74,0.0,0.74,4.81,8.8,9.2,91.56
2023-03-17,6.43,2.07,0.0,2.07,5.14,8.31,10.18,88.68
2023-03-18,6.27,2.65,0.0,2.65,4.43,7.52,5.07,91.88
2023-03-19,5.53,4.01,0.0,4.01,4.66,6.52,15.21,94.32
2023-03-20,5.13,1.08,0.0,1.08,4.41,5.77,23.09,88.03
2023-03-21,5.69,0.02,0.0,0.02,3.63,7.7,8.83,79.91
2023-03-22,6.17,0.25,0.0,0.25,4.33,7.83,15.75,87.42
2023-03-23,6.61,1.42,0.0,1.42,5.56,8.45,11.76,88.09
2023-03-24,7.04,0.0,0.0,0.0,4.72,9.65,11.21,85.11
2023-03-25,6.6,0.0,0.0,0.0,4.7,9.11,15.71,87.94
2023-03-26,7.1,5.82,0.0,5.82,4.7,10.5,15.15,89.37
2023-03-27,9.41,1.93,0.0,1.93,5.98,12.8,20.0,74.02
2023-03-28,8.53,7.25,0.0,7.25,5.65,12.93,21.34,78.47
2023-03-29,3.52,12.72,0.0,12.72,1.97,4.88,29.47,73.54
2023-03-30,1.26,2.48,2.48,0.0,-1.02,3.24,20.03,74.65
2023-03-31,3.58,1.2,0.0,1.2,-0.24,7.51,15.16,62.13
2023-04-01,9.55,0.27,0.0,0.27,2.83,14.78,16.05,61.5
2023-04-02,10.33,2.23,0.0,2.23,7.93,12.5,12.3,78.65
2023-04-03,10.51,1.49,0.0,1.49,8.12,13.19,13.22,80.9
2023-04-04,11.11,0.99,0.0,0.99,7.48,17.51,20.89,76.1
2023-04-05,8.73,8.22,0.0,8.22,5.87,13.16,19.17,82.85
2023-04-06,6.53,1.19,0.0,1.19,5.12,7.84,14.66,80.52
2023-04-07,6.25,6.08,0.0,6.08,5.1,7.36,14.31,89.63
2023-04-08,7.11,1.76,0.0,1.76,5.08,9.19,12.89,85.94
2023-04-09,7.48,0.0,0.0,0.0,5.65,9.73,20.04,85.49
2023-04-10,8.02,0.35,0.0,0.35,6.13,10.83,13.58,84.37
2023-04-11,7.47,1.24,0.0,1.24,5.31,9.59,9.66,84.63
2023-04-12,7.62,3.85,0.0,3.85,6.12,9.82,7.35,84.8
2023-04-13,7.52,1.3,0.0,1.3,4.65,9.95,13.15,85.96
2023-04-14,12.24,0.18,0.0,0.18,4.53,16.94,11.85,56.99
2023-04-15,13.55,0.0,0.0,0.0,8.44,19.01,12.05,59.25
2023-04-16,10.94,1.88,0.0,1.88,8.18,14.07,13.74,76.74
2023-04-17,12.0,0.27,0.0,0.27,7.98,15.15,10.52,79.9
2023-04-18,12.0,0.15,0.0,0.15,9.01,16.7,11.19,78.0
2023-04-19,9.96,1.74,0.0,1.74,7.51,13.91,10.41,88.34
2023-04-20,8.54,4.77,0.0,4.77,7.16,10.03,15.59,89.59
2023-04-21,8.67,4.45,0.0,4.45,6.59,10.43,15.75,83.71
2023-04-22,9.09,0.71,0.0,0.71,6.62,12.31,16.68,76.14
2023-04-23,8.5,0.23,0.0,0.23,4.56,11.39,9.11,81.51
2023-04-24,8.34,5.59,0.0,5.59,5.84,10.53,8.04,85.92
2023-04-25,9.92,0.11,0.0,0.11,6.01,14.01,13.2,80.59
2023-04-26,12.28,0.99,0.0,0.99,8.71,15.84,11.79,73.27
2023-04-27,10.18,4.79,0.0,4.79,8.6,12.8,16.52,88.14
2023-04-28,8.57,5.1,0.0,5.1,7.07,9.8,28.26,84.35
2023-04-29,8.4,0.14,0.0,0.14,7.15,9.91,24.42,73.42
2023-04-30,8.41,0.6,0.0,0.6,5.72,10.89,13.63,74.62
2023-05-01,9.57,0.83,0.0,0.83,6.72,12.94,18.27,66.77
2023-05-02,9.63,0.09,0.0,0.09,6.78,12.84,12.87,65.14
2023-05-03,9.77,0.0,0.0,0.0,4.95,13.16,14.08,72.13
2023-05-04,10.65,0.0,0.0,0.0,7.82,15.55,17.84,80.9
2023-05-05,10.19,0.0,0.0,0.0,8.02,13.15,10.83,85.6
2023-05-06,9.45,4.9,0.0,4.9,7.67,11.37,8.12,88.08
2023-05-07,9.27,7.28,0.0,7.28,8.09,10.65,20.11,93.41
2023-05-08,9.47,8.39,0.0,8.39,8.64,10.89,16.18,94.24
2023-05-09,9.89,0.52,0.0,0.52,7.69,12.46,10.42,89.41
2023-05-10,8.98,7.42,0.0,7.42,7.87,10.04,8.71,88.09
2023-05-11,8.52,2.28,0.0,2.28,7.03,10.43,10.94,82.57
2023-05-12,9.88,1.06,0.0,1.06,8.37,12.31,10.67,78.66
2023-05-13,10.48,0.0,0.0,0.0,8.43,12.6,18.65,80.43
2023-05-14,11.1,0.0,0.0,0.0,7.51,14.92,14.56,69.46
2023-05-15,12.54,0.0,0.0,0.0,7.13,16.58,13.4,63.17
2023-05-16,13.31,0.0,0.0,0.0,10.39,15.7,20.68,64.46
2023-05-17,12.95,0.0,0.0,0.0,9.75,16.65,14.21,73.16
2023-05-18,11.3,3.24,0.0,3.24,8.79,13.95,8.2,88.49
2023-05-19,11.54,0.1,0.0,0.1,9.17,14.2,16.18,90.58
2023-05-20,12.01,0.0,0.0,0.0,10.03,14.36,15.3,89.24
2023-05-21,11.47,1.6,0.0,1.6,9.49,13.16,7.44,93.66
2023-05-22,12.32,1.56,0.0,1.56,9.74,14.35,6.99,90.96
2023-05-23,12.43,3.05,0.0,3.05,10.96,14.6,6.4,93.31
2023-05-24,13.01,1.83,0.0,1.83,10.84,14.63,4.95,92.97
2023-05-25,13.73,0.0,0.0,0.0,10.74,16.97,7.82,89.56
2023-05-26,14.12,0.05,0.0,0.05,11.56,16.16,7.65,89.36
2023-05-27,14.68,0.0,0.0,0.0,12.3,17.09,10.27,88.23
2023-05-28,15.09,0.19,0.0,0.19,12.82,17.29,14.71,89.15
2023-05-29,14.99,0.29,0.0,0.29,12.97,17.44,7.03,92.34
2023-05-30,14.94,5.2,0.0,5.2,12.75,17.33,7.8,92.63
2023-05-31,15.69,4.04,0.0,4.04,12.89,18.43,17.0,85.83
2023-06-01,15.89,0.0,0.0,0.0,12.89,18.69,16.78,76.07
2023-06-02,16.14,0.0,0.0,0.0,11.43,19.76,10.86,78.2
2023-06-03,15.89,1.46,0.0,1.46,13.71,18.2,12.9,91.8
2023-06-04,14.59,21.98,0.0,21.98,13.58,15.78,13.38,95.58
2023-06-05,14.49,50.55,0.0,50.55,13.55,15.62,14.73,93.81
2023-06-06,15.74,1.03,0.0,1.03,13.11,18.37,11.0,84.31
2023-06-07,15.92,0.0,0.0,0.0,11.51,19.69,8.31,83.31
2023-06-08,16.47,0.0,0.0,0.0,13.35,19.88,13.76,84.74
2023-06-09,16.05,0.05,0.0,0.05,14.39,18.38,8.68,90.71
2023-06-10,16.6,0.0,0.0,0.0,13.49,19.38,9.86,84.99
2023-06-11,17.18,0.0,0.0,0.0,12.96,20.33,7.0,79.25
2023-06-12,17.97,2.92,0.0,2.92,14.91,20.82,8.31,79.92
2023-06-13,16.8,2.08,0.0,2.08,14.77,18.78,8.91,86.42
2023-06-14,17.23,0.45,0.0,0.45,14.22,19.54,14.48,83.94
2023-06-15,17.3,1.34,0.0,1.34,14.89,19.97,15.56,83.16
2023-06-16,18.37,0.37,0.0,0.37,13.7,21.82,9.55,76.71
2023-06-17,18.66,0.0,0.0,0.0,15.98,20.89,15.53,85.56
2023-06-18,18.38,4.16,0.0,4.16,16.12,21.17,8.57,84.46
2023-06-19,18.67,1.64,0.0,1.64,15.05,21.21,13.41,83.43
2023-06-20,18.12,5.18,0.0,5.18,16.36,20.13,20.16,86.49
2023-06-21,19.26,0.53,0.0,0.53,16.69,21.62,16.35,82.09
2023-06-22,19.1,0.55,0.0,0.55,15.32,21.89,13.83,80.74
2023-06-23,19.38,0.28,0.0,0.28,15.26,22.94,10.75,74.38
2023-06-24,19.35,0.0,0.0,0.0,13.36,23.08,11.01,69.11
2023-06-25,20.33,0.0,0.0,0.0,17.25,22.72,18.19,79.47
2023-06-26,19.77,0.0,0.0,0.0,16.2,22.54,15.58,81.79
2023-06-27,20.0,0.71,0.0,0.71,17.18,22.87,16.43,78.86
2023-06-28,20.11,0.0,0.0,0.0,14.55,23.66,9.42,74.71
2023-06-29,19.12,1.61,0.0,1.61,16.15,22.89,14.65,79.74
2023-06-30,19.16,1.54,0.0,1.54,15.7,21.66,19.23,72.0
2023-07-01,20.3,0.0,0.0,0.0,15.55,23.74,11.48,64.55
2023-07-02,21.23,0.0,0.0,0.0,17.62,24.39,16.46,69.42
2023-07-03,21.63,0.0,0.0,0.0,17.24,24.65,9.91,79.59
2023-07-04,22.15,0.0,0.0,0.0,19.12,25.17,10.52,78.85
2023-07-05,22.55,0.0,0.0,0.0,18.09,26.72,10.61,71.45
2023-07-06,22.6,0.0,0.0,0.0,18.21,26.07,9.0,73.71
2023-07-07,22.82,0.0,0.0,0.0,19.27,25.45,16.96,78.01
2023-07-08,21.94,0.05,0.0,0.05,19.5,24.94,25.75,78.35
2023-07-09,19.7,10.5,0.0,10.5,17.44,21.76,26.33,80.41
2023-07-10,19.99,32.22,0.0,32.22,16.63,22.11,25.64,75.67
2023-07-11,20.42,4.16,0.0,4.16,16.09,23.97,18.41,71.2
2023-07-12,21.69,0.0,0.0,0.0,16.54,26.16,10.66,65.84
2023-07-13,21.11,0.0,0.0,0.0,17.37,23.72,9.56,75.2
2023-07-14,22.39,0.0,0.0,0.0,17.29,26.94,11.16,70.56
2023-07-15,22.09,0.0,0.0,0.0,18.97,24.33,15.08,73.57
2023-07-16,21.44,0.37,0.0,0.37,18.01,23.98,9.83,73.66
2023-07-17,21.49,0.0,0.0,0.0,16.62,25.63,7.85,64.34
2023-07-18,21.33,0.0,0.0,0.0,16.16,24.85,9.87,60.05
2023-07-19,21.79,0.0,0.0,0.0,16.43,26.05,8.09,58.59
2023-07-20,21.99,0.0,0.0,0.0,17.73,25.19,15.03,65.8
2023-07-21,22.61,0.0,0.0,0.0,18.51,25.52,10.46,70.91
2023-07-22,22.76,0.0,0.0,0.0,17.58,26.43,10.75,70.08
2023-07-23,24.13,0.0,0.0,0.0,18.09,28.62,8.57,59.42
2023-07-24,20.95,6.43,0.0,6.43,18.39,24.29,10.4,76.28
2023-07-25,21.14,10.21,0.0,10.21,16.18,24.64,9.73,70.48
2023-07-26,22.5,0.0,0.0,0.0,18.99,25.64,18.9,70.77
2023-07-27,23.34,0.56,0.0,0.56,20.14,28.15,18.96,73.11
2023-07-28,19.36,0.53,0.0,0.53,17.45,21.47,30.47,68.15
2023-07-29,19.28,0.0,0.0,0.0,14.67,22.68,10.67,65.4
2023-07-30,19.79,0.0,0.0,0.0,14.32,22.71,11.2,68.57
2023-07-31,20.14,0.0,0.0,0.0,14.6,23.86,8.36,73.19
2023-08-01,20.81,0.0,0.0,0.0,16.9,24.16,8.64,78.9
2023-08-02,21.67,0.11,0.0,0.11,18.22,24.5,7.36,80.11
2023-08-03,21.91,0.0,0.0,0.0,17.93,24.4,8.31,78.71
2023-08-04,22.73,0.0,0.0,0.0,17.53,26.0,13.48,74.77
2023-08-05,22.95,0.0,0.0,0.0,19.3,26.41,17.29,73.19
2023-08-06,23.91,0.0,0.0,0.0,20.27,27.78,14.43,72.46
2023-08-07,23.58,0.0,0.0,0.0,20.6,26.27,12.93,68.74
2023-08-08,22.22,0.0,0.0,0.0,19.2,25.41,10.59,79.0
2023-08-09,20.61,0.37,0.0,0.37,18.13,23.04,12.93,76.77
2023-08-10,21.94,0.14,0.0,0.14,19.1,24.98,9.8,79.51
2023-08-11,21.76,1.13,0.0,1.13,19.72,23.64,15.67,82.88
2023-08-12,21.69,0.05,0.0,0.05,19.37,23.86,12.64,75.23
2023-08-13,22.68,0.0,0.0,0.0,18.29,25.91,11.49,76.17
2023-08-14,24.02,0.0,0.0,0.0,20.75,27.0,15.68,80.4
2023-08-15,24.21,0.0,0.0,0.0,21.0,27.77,13.32,81.64
2023-08-16,22.91,0.0,0.0,0.0,18.9,26.61,8.04,84.19
2023-08-17,22.84,0.0,0.0,0.0,18.64,26.41,9.43,81.9
2023-08-18,23.48,0.0,0.0,0.0,19.82,26.33,11.0,79.41
2023-08-19,23.37,0.0,0.0,0.0,18.72,27.71,6.91,81.11
2023-08-20,22.35,0.0,0.0,0.0,17.65,25.83,8.03,74.73
2023-08-21,21.9,0.0,0.0,0.0,18.68,24.72,15.32,80.83
2023-08-22,23.27,0.0,0.0,0.0,19.53,27.45,10.28,65.62
2023-08-23,21.78,0.0,0.0,0.0,16.25,26.08,7.67,78.27
2023-08-24,23.38,0.0,0.0,0.0,19.71,26.71,10.53,70.84
2023-08-25,22.07,0.0,0.0,0.0,15.96,26.13,9.14,66.46
2023-08-26,22.56,0.0,0.0,0.0,15.94,26.52,11.79,64.28
2023-08-27,22.62,0.0,0.0,0.0,18.08,25.65,11.27,68.09
2023-08-28,21.35,0.0,0.0,0.0,15.25,24.72,11.93,74.67
2023-08-29,22.54,0.0,0.0,0.0,19.36,25.12,13.31,73.12
2023-08-30,23.78,0.0,0.0,0.0,17.94,27.99,11.9,71.11
2023-08-31,23.42,0.0,0.0,0.0,18.91,27.55,11.63,73.63
2023-09-01,22.73,0.42,0.0,0.42,19.33,25.74,14.38,79.23
2023-09-02,22.23,4.58,0.0,4.58,19.29,24.94,13.82,80.11
2023-09-03,20.47,7.26,0.0,7.26,18.15,22.96,15.13,83.06
2023-09-04,20.69,0.98,0.0,0.98,17.92,23.93,13.57,76.84
2023-09-05,20.83,0.0,0.0,0.0,17.0,23.66,9.1,80.86
2023-09-06,21.4,0.02,0.0,0.02,18.78,24.12,8.39,80.15
2023-09-07,20.81,0.18,0.0,0.18,18.05,24.61,9.8,77.83
2023-09-08,19.62,0.14,0.0,0.14,15.4,23.66,11.52,70.98
2023-09-09,18.22,0.0,0.0,0.0,13.53,21.72,9.64,64.11
2023-09-10,16.89,0.34,0.0,0.34,14.32,19.41,13.26,64.8
2023-09-11,17.08,0.0,0.0,0.0,11.54,20.48,9.69,64.58
2023-09-12,17.14,3.51,0.0,3.51,12.75,21.09,9.16,67.48
2023-09-13,17.37,0.55,0.0,0.55,11.5,21.42,8.72,67.34
2023-09-14,18.27,0.0,0.0,0.0,13.88,22.41,12.61,61.48
2023-09-15,18.67,0.0,0.0,0.0,12.37,21.71,15.66,65.14
2023-09-16,18.41,0.0,0.0,0.0,12.26,22.6,10.18,70.04
2023-09-17,17.36,2.2,0.0,2.2,14.65,20.02,11.06,73.31
2023-09-18,17.29,0.0,0.0,0.0,12.59,20.49,10.87,68.04
2023-09-19,16.98,0.0,0.0,0.0,11.8,21.08,10.5,72.16
2023-09-20,17.72,0.0,0.0,0.0,12.52,21.67,9.05,76.6
2023-09-21,16.96,0.0,0.0,0.0,12.08,20.71,8.33,80.26
2023-09-22,18.28,0.0,0.0,0.0,13.8,21.22,8.47,81.99
2023-09-23,18.62,0.0,0.0,0.0,13.25,22.59,8.2,80.53
2023-09-24,18.46,0.0,0.0,0.0,13.51,21.53,9.5,80.36
2023-09-25,18.71,0.0,0.0,0.0,13.53,22.6,8.01,82.0
2023-09-26,18.51,0.0,0.0,0.0,14.17,21.73,7.95,83.31
2023-09-27,18.56,0.0,0.0,0.0,13.46,21.91,8.29,78.89
2023-09-28,18.7,0.0,0.0,0.0,14.93,22.11,8.31,82.62
2023-09-29,18.59,1.26,0.0,1.26,15.14,21.42,7.68,85.69
2023-09-30,18.4,0.0,0.0,0.0,15.08,21.9,7.19,81.69
2023-10-01,17.96,1.45,0.0,1.45,15.07,21.25,12.43,82.43
2023-10-02,17.98,7.04,0.0,7.04,15.77,21.36,23.42,78.55
2023-10-03,15.67,7.89,0.0,7.89,11.4,18.6,16.82,70.6
2023-10-04,14.91,0.0,0.0,0.0,10.07,18.92,9.86,64.91
2023-10-05,15.04,0.0,0.0,0.0,10.95,19.41,10.24,72.69
2023-10-06,15.4,0.0,0.0,0.0,9.93,19.77,8.31,73.96
2023-10-07,15.91,3.14,0.0,3.14,12.92,19.25,9.09,74.42
2023-10-08,16.65,0.0,0.0,0.0,11.13,21.13,10.56,67.6
2023-10-09,13.23,11.24,0.0,11.24,10.15,16.77,16.61,75.37
2023-10-10,13.14,0.83,0.0,0.83,9.17,16.53,8.29,69.97
2023-10-11,12.75,7.97,0.0,7.97,11.57,14.11,16.83,72.03
2023-10-12,13.19,0.0,0.0,0.0,10.22,16.22,17.33,67.75
2023-10-13,14.29,0.0,0.0,0.0,8.83,18.9,10.4,74.1
2023-10-14,14.55,0.0,0.0,0.0,9.32,17.92,15.24,76.74
2023-10-15,15.74,0.0,0.0,0.0,11.44,19.08,13.03,80.25
2023-10-16,15.28,4.06,0.0,4.06,11.76,21.72,21.05,76.94
2023-10-17,12.27,0.39,0.0,0.39,9.43,14.09,15.48,72.22
2023-10-18,11.32,26.23,0.0,26.23,10.28,12.88,19.38,82.6
2023-10-19,12.88,16.0,0.0,16.0,9.72,15.43,12.9,75.14
2023-10-20,15.41,0.0,0.0,0.0,8.45,20.71,12.63,67.47
2023-10-21,18.15,0.0,0.0,0.0,11.54,23.87,9.85,61.29
2023-10-22,18.46,0.0,0.0,0.0,13.12,23.78,9.34,65.74
2023-10-23,17.9,0.0,0.0,0.0,14.58,22.34,11.4,66.49
2023-10-24,16.86,0.0,0.0,0.0,14.73,20.04,10.71,76.65
2023-10-25,16.38,0.0,0.0,0.0,14.09,19.74,12.36,80.54
2023-10-26,17.71,0.0,0.0,0.0,14.17,21.47,7.6,65.49
2023-10-27,18.77,0.06,0.0,0.06,14.81,23.34,9.54,61.42
2023-10-28,18.75,0.0,0.0,0.0,14.31,23.46,12.04,64.72
2023-10-29,17.22,3.49,0.0,3.49,14.84,19.27,8.84,75.39
2023-10-30,16.51,0.0,0.0,0.0,12.96,19.74,15.21,85.08
2023-10-31,16.46,0.0,0.0,0.0,14.39,19.0,14.22,84.14
2023-11-01,16.59,1.67,0.0,1.67,13.64,20.06,9.75,80.79
2023-11-02,15.87,0.84,0.0,0.84,12.14,18.34,13.76,85.08
2023-11-03,16.29,0.17,0.0,0.17,14.41,18.6,13.23,81.19
2023-11-04,19.56,0.0,0.0,0.0,13.21,24.47,14.75,60.45
2023-11-05,17.82,0.13,0.0,0.13,14.65,22.36,15.14,64.03
2023-11-06,16.03,1.57,0.0,1.57,13.32,20.03,18.83,78.33
2023-11-07,14.69,0.48,0.0,0.48,10.51,19.31,8.41,72.93
2023-11-08,15.53,0.0,0.0,0.0,12.43,19.56,10.48,71.36
2023-11-09,12.8,10.48,0.0,10.48,10.42,15.51,18.71,79.54
2023-11-10,12.22,0.0,0.0,0.0,7.5,15.03,16.46,76.42
2023-11-11,17.45,0.0,0.0,0.0,12.21,21.95,18.4,60.21
2023-11-12,14.57,5.73,0.0,5.73,12.04,16.87,12.94,79.0
2023-11-13,13.62,6.1,0.0,6.1,11.14,15.43,15.26,86.65
2023-11-14,11.82,11.98,0.0,11.98,8.51,14.39,15.92,78.96
2023-11-15,13.06,0.11,0.0,0.11,7.43,18.81,10.14,67.42
2023-11-16,10.73,27.48,0.0,27.48,8.17,13.72,19.22,84.25
2023-11-17,10.97,11.23,0.0,11.23,6.37,13.97,14.16,71.53
2023-11-18,12.65,5.89,0.0,5.89,7.42,15.32,14.71,63.69
2023-11-19,10.01,7.22,0.0,7.22,8.23,12.31,20.21,66.56
2023-11-20,7.02,26.01,0.0,26.01,5.17,8.91,32.99,79.31
2023-11-21,8.3,14.79,0.0,14.79,5.85,10.89,18.77,78.77
2023-11-22,12.54,1.6,0.0,1.6,6.97,18.18,12.68,62.37
2023-11-23,9.75,9.16,0.0,9.16,7.65,12.68,14.98,84.08
2023-11-24,11.33,2.15,0.0,2.15,7.44,15.13,9.13,84.42
2023-11-25,14.51,1.79,0.0,1.79,11.08,16.83,20.61,63.88
2023-11-26,12.16,7.74,0.0,7.74,5.24,18.85,35.6,59.01
2023-11-27,5.01,3.87,0.0,3.87,2.09,6.98,26.84,56.3
2023-11-28,6.55,0.0,0.0,0.0,3.22,9.93,15.79,38.65
2023-11-29,11.71,0.79,0.0,0.79,8.17,15.16,18.2,60.02
2023-11-30,9.95,3.84,0.0,3.84,8.57,12.13,12.13,82.14
2023-12-01,13.08,0.0,0.0,0.0,8.13,19.63,11.81,70.95
2023-12-02,15.2,0.0,0.0,0.0,9.96,20.74,12.43,59.55
2023-12-03,15.74,0.0,0.0,0.0,10.81,22.11,12.91,54.03
2023-12-04,10.39,4.06,0.0,4.06,6.65,13.21,15.44,80.68
2023-12-05,8.02,1.43,0.0,1.43,6.9,9.71,17.8,84.88
2023-12-06,9.4,0.18,0.0,0.18,4.86,12.44,12.69,83.94
2023-12-07,10.3,0.0,0.0,0.0,8.26,12.52,9.99,85.97
2023-12-08,9.27,1.59,0.0,1.59,6.7,11.37,9.14,88.68
2023-12-09,10.11,4.01,0.0,4.01,8.96,11.54,7.03,90.71
2023-12-10,8.6,14.34,0.0,14.34,7.12,9.81,22.91,84.45
2023-12-11,8.9,0.0,0.0,0.0,5.79,12.04,8.79,82.05
2023-12-12,8.69,2.78,0.0,2.78,7.51,9.89,11.16,86.46
2023-12-13,7.89,4.48,0.0,4.48,5.34,10.32,14.3,82.16
2023-12-14,10.92,0.11,0.0,0.11,5.7,15.77,14.01,61.17
2023-12-15,11.85,0.1,0.0,0.1,7.72,16.45,12.33,67.42
2023-12-16,6.64,6.86,0.0,6.86,3.96,8.9,17.27,84.22
2023-12-17,3.48,10.76,0.0,10.76,1.75,4.8,14.63,82.31
2023-12-18,5.33,0.86,0.0,0.86,1.59,7.7,14.63,68.63
2023-12-19,7.07,0.46,0.0,0.46,4.75,9.44,10.88,74.93
2023-12-20,8.26,0.0,0.0,0.0,2.7,12.42,11.86,71.24
2023-12-21,9.63,0.18,0.0,0.18,5.42,13.34,10.36,63.17
2023-12-22,8.48,0.35,0.0,0.35,6.56,10.27,10.05,80.02
2023-12-23,7.25,9.08,0.0,9.08,3.35,10.53,28.42,67.45
2023-12-24,2.7,15.88,0.0,15.88,-0.38,4.85,27.87,79.29
2023-12-25,9.74,3.43,0.0,3.43,3.41,14.76,13.6,65.07
2023-12-26,11.25,0.0,0.0,0.0,7.08,14.31,14.84,64.66
2023-12-27,9.91,0.0,0.0,0.0,5.94,16.44,17.56,73.9
2023-12-28,7.47,0.03,0.0,0.03,4.77,9.54,10.43,79.73
2023-12-29,7.32,0.0,0.0,0.0,2.61,12.35,10.39,72.26
2023-12-30,7.29,0.0,0.0,0.0,2.91,11.62,8.68,64.92
2023-12-31,7.73,0.0,0.0,0.0,4.88,10.76,12.04,75.07
2024-01-01,9.29,0.0,0.0,0.0,5.61,13.71,11.89,75.53
2024-01-02,9.68,1.98,0.0,1.98,6.6,13.14,10.17,70.1
2024-01-03,8.18,2.64,0.0,2.64,6.41,9.92,14.52,84.1
2024-01-04,10.07,3.13,0.0,3.13,7.82,13.16,13.3,75.21
2024-01-05,8.65,9.01,0.0,9.01,6.49,10.44,22.54,78.22
2024-01-06,8.54,0.0,0.0,0.0,3.17,12.72,13.57,60.49
2024-01-07,11.62,0.63,0.0,0.63,6.04,17.0,12.46,49.92
2024-01-08,10.71,1.68,0.0,1.68,6.72,15.91,11.44,70.18
2024-01-09,5.66,1.56,0.0,1.56,3.01,8.49,19.63,84.34
2024-01-10,2.58,0.5,0.0,0.5,1.49,3.42,13.75,73.41
2024-01-11,3.08,0.39,0.0,0.39,0.81,5.13,13.95,72.46
2024-01-12,2.45,5.36,0.0,5.36,-0.12,4.72,24.41,75.43
2024-01-13,-1.38,7.59,7.59,0.0,-2.86,0.25,18.81,80.49
2024-01-14,-0.5,4.31,4.31,0.0,-4.39,4.98,10.29,66.93
2024-01-15,3.33,0.0,0.0,0.0,-3.05,9.16,11.33,61.22
2024-01-16,7.37,2.57,0.0,2.57,3.92,10.99,15.64,71.65
2024-01-17,5.91,0.24,0.0,0.24,3.71,7.95,14.8,76.03
2024-01-18,9.62,0.0,0.0,0.0,3.44,14.39,15.08,66.21
2024-01-19,11.74,0.74,0.0,0.74,8.33,14.05,14.38,65.52
2024-01-20,9.23,5.97,0.0,5.97,4.51,14.08,15.32,78.47
2024-01-21,2.93,21.88,0.0,21.88,1.05,4.15,18.09,78.89
2024-01-22,1.0,3.11,3.11,0.0,-0.78,2.56,10.56,78.53
2024-01-23,1.48,0.85,0.85,0.0,-1.65,4.35,9.32,70.9
2024-01-24,2.31,0.0,0.0,0.0,-2.15,6.71,10.41,70.65
2024-01-25,3.13,0.02,0.0,0.02,-1.42,6.82,12.0,70.31
2024-01-26,4.34,3.24,0.0,3.24,1.68,7.22,15.08,76.69
2024-01-27,2.49,15.48,0.0,15.48,1.44,3.89,24.76,84.57
2024-01-28,1.51,13.63,13.63,0.0,-0.25,3.57,13.13,84.76
2024-01-29,1.43,15.51,15.51,0.0,-0.16,3.24,12.69,86.26
2024-01-30,1.94,3.92,3.92,0.0,0.07,4.02,10.34,78.94
2024-01-31,3.08,0.0,0.0,0.0,-0.39,6.77,8.64,78.39
2024-02-01,2.63,0.0,0.0,0.0,-1.16,5.58,6.89,78.03
2024-02-02,3.27,0.0,0.0,0.0,-1.25,6.07,13.45,77.08
2024-02-03,3.44,3.1,0.0,3.1,1.12,5.34,17.25,75.66
2024-02-04,5.26,1.42,0.0,1.42,1.7,8.3,14.06,69.87
2024-02-05,8.02,1.1,0.0,1.1,4.01,11.88,19.94,67.64
2024-02-06,9.64,0.77,0.0,0.77,7.72,11.73,24.91,64.32
2024-02-07,10.96,0.0,0.0,0.0,5.15,17.51,15.66,54.88
2024-02-08,9.69,0.0,0.0,0.0,6.57,14.14,10.99,66.76
2024-02-09,10.64,0.0,0.0,0.0,6.12,15.41,9.52,63.84
2024-02-10,10.59,0.0,0.0,0.0,5.63,16.18,9.97,61.92
2024-02-11,11.75,0.0,0.0,0.0,7.43,17.87,8.89,60.02
2024-02-12,13.55,0.0,0.0,0.0,8.24,19.77,10.76,50.9
2024-02-13,12.6,0.52,0.0,0.52,8.11,16.31,12.53,55.83
2024-02-14,7.5,0.08,0.0,0.08,6.26,9.45,15.07,85.14
2024-02-15,6.62,4.85,0.0,4.85,6.12,7.14,19.96,93.29
2024-02-16,6.22,3.54,0.0,3.54,5.53,6.95,16.37,89.91
2024-02-17,4.66,3.83,0.0,3.83,3.57,5.52,14.79,90.08
2024-02-18,3.9,3.04,0.0,3.04,3.09,4.88,17.04,85.78
2024-02-19,4.45,1.0,0.0,1.0,3.22,5.88,17.02,82.95
2024-02-20,4.82,0.8,0.0,0.8,3.28,6.5,12.3,82.14
2024-02-21,5.62,0.94,0.0,0.94,3.38,7.69,15.32,81.85
2024-02-22,4.83,1.47,0.0,1.47,2.37,7.4,9.81,81.25
2024-02-23,6.46,0.0,0.0,0.0,2.37,11.22,14.9,69.82
2024-02-24,7.8,0.0,0.0,0.0,4.38,11.31,14.14,76.42
2024-02-25,6.93,0.0,0.0,0.0,4.73,9.41,16.84,83.39
2024-02-26,6.97,0.0,0.0,0.0,5.02,9.43,17.19,83.51
2024-02-27,6.2,0.0,0.0,0.0,4.14,8.49,12.22,87.13
2024-02-28,5.87,0.0,0.0,0.0,4.02,8.62,7.81,84.56
2024-02-29,6.1,0.0,0.0,0.0,3.34,9.15,14.09,81.14
2024-03-01,6.5,0.0,0.0,0.0,5.15,9.11,17.19,84.73
2024-03-02,6.67,0.0,0.0,0.0,5.49,8.44,15.18,87.22
2024-03-03,6.33,0.09,0.0,0.09,4.41,7.71,16.69,88.56
2024-03-04,6.35,0.03,0.0,0.03,3.6,8.88,7.36,88.26
2024-03-05,7.64,0.02,0.0,0.02,4.96,10.21,13.84,87.14
2024-03-06,6.38,8.05,0.0,8.05,4.83,7.97,26.44,85.58
2024-03-07,5.48,3.9,0.0,3.9,4.25,6.82,23.38,83.2
2024-03-08,5.17,0.69,0.0,0.69,2.98,7.07,11.01,81.41
2024-03-09,4.71,3.24,0.0,3.24,3.55,6.46,10.84,78.29
2024-03-10,4.88,0.23,0.0,0.23,2.25,7.28,7.83,76.74
2024-03-11,5.76,0.0,0.0,0.0,1.82,8.98,13.68,81.51
2024-03-12,8.28,0.0,0.0,0.0,5.23,12.59,20.92,80.04
2024-03-13,8.52,0.67,0.0,0.67,6.1,11.25,12.24,78.19
2024-03-14,7.42,2.14,0.0,2.14,5.71,9.41,7.44,87.56
2024-03-15,6.7,1.14,0.0,1.14,4.57,9.47,10.64,87.4
2024-03-16,5.88,6.67,0.0,6.67,4.94,7.05,12.19,90.29
2024-03-17,5.98,0.48,0.0,0.48,3.07,8.81,8.52,86.0
2024-03-18,6.85,0.0,0.0,0.0,4.32,9.77,13.25,84.36
2024-03-19,5.86,0.0,0.0,0.0,3.0,8.85,7.85,83.46
2024-03-20,5.76,2.54,0.0,2.54,1.43,9.03,11.2,83.08
2024-03-21,3.94,7.24,0.0,7.24,2.84,5.18,16.35,84.57
2024-03-22,3.23,10.14,0.0,10.14,1.85,4.77,19.9,86.37
2024-03-23,3.79,17.5,0.0,17.5,2.37,4.95,24.24,84.91
2024-03-24,5.61,0.74,0.0,0.74,0.61,9.38,12.47,78.68
2024-03-25,8.98,3.2,0.0,3.2,3.81,14.92,17.25,68.99
2024-03-26,7.24,1.71,0.0,1.71,4.58,9.89,32.17,68.72
2024-03-27,6.76,0.0,0.0,0.0,2.44,10.66,15.52,66.91
2024-03-28,11.29,0.1,0.0,0.1,6.59,16.89,18.74,72.37
2024-03-29,13.07,2.93,0.0,2.93,10.02,18.05,13.52,68.37
2024-03-30,12.0,0.0,0.0,0.0,8.88,14.81,15.55,68.9
2024-03-31,11.95,0.0,0.0,0.0,8.81,16.33,14.3,75.68
2024-04-01,13.52,0.0,0.0,0.0,8.3,19.18,9.15,67.76
2024-04-02,15.32,0.0,0.0,0.0,10.74,21.37,13.24,59.15
2024-04-03,12.07,1.36,0.0,1.36,7.99,15.63,20.33,64.46
2024-04-04,9.59,0.0,0.0,0.0,6.68,12.5,17.31,70.86
2024-04-05,9.08,1.73,0.0,1.73,6.47,11.6,13.49,83.37
2024-04-06,9.14,0.0,0.0,0.0,4.52,13.61,8.41,70.65
2024-04-07,8.29,0.0,0.0,0.0,4.6,11.88,10.02,80.31
2024-04-08,9.33,0.0,0.0,0.0,6.3,12.29,15.4,82.84
2024-04-09,8.52,0.0,0.0,0.0,6.35,11.66,7.54,85.63
2024-04-10,9.06,0.0,0.0,0.0,6.09,11.89,16.95,84.91
2024-04-11,10.01,0.0,0.0,0.0,8.81,11.79,20.16,84.66
2024-04-12,10.43,0.0,0.0,0.0,8.35,12.8,9.24,88.74
2024-04-13,10.85,0.0,0.0,0.0,8.51,13.84,19.15,84.48
2024-04-14,11.7,0.0,0.0,0.0,7.77,14.32,17.81,73.05
2024-04-15,14.31,0.0,0.0,0.0,8.37,19.29,12.0,60.17
2024-04-16,18.76,0.0,0.0,0.0,10.6,24.83,12.29,51.46
2024-04-17,17.16,0.0,0.0,0.0,11.5,22.91,14.11,50.71
2024-04-18,17.5,0.0,0.0,0.0,11.78,26.5,19.3,54.26
2024-04-19,11.5,2.64,0.0,2.64,10.16,13.3,10.59,84.4
2024-04-20,11.13,3.49,0.0,3.49,9.43,13.52,19.86,84.57
2024-04-21,10.5,0.0,0.0,0.0,8.26,12.11,18.68,79.2
2024-04-22,12.26,0.0,0.0,0.0,8.87,15.72,18.29,74.49
2024-04-23,12.21,0.02,0.0,0.02,9.65,15.34,16.75,75.27
2024-04-24,16.88,0.0,0.0,0.0,11.01,24.11,20.26,66.6
2024-04-25,17.42,0.0,0.0,0.0,12.15,24.31,14.72,58.9
2024-04-26,13.45,0.0,0.0,0.0,10.63,17.09,18.21,76.28
2024-04-27,10.83,0.0,0.0,0.0,9.08,13.0,10.1,88.8
2024-04-28,11.62,1.92,0.0,1.92,9.3,13.82,13.42,87.58
2024-04-29,11.49,4.09,0.0,4.09,10.19,13.19,13.88,90.17
2024-04-30,11.73,1.55,0.0,1.55,10.12,13.65,8.28,92.46
2024-05-01,11.35,0.85,0.0,0.85,10.15,13.15,12.04,88.98
2024-05-02,10.49,14.81,0.0,14.81,9.84,11.18,14.24,93.33
2024-05-03,10.71,8.24,0.0,8.24,9.57,12.54,21.5,89.66
2024-05-04,9.84,13.06,0.0,13.06,9.09,11.06,11.47,92.59
2024-05-05,9.69,9.91,0.0,9.91,7.27,11.42,16.83,73.27
2024-05-06,9.49,0.0,0.0,0.0,5.48,12.52,12.62,69.61
2024-05-07,10.37,0.0,0.0,0.0,5.96,15.2,10.06,68.51
2024-05-08,13.18,0.0,0.0,0.0,6.53,18.52,10.91,62.17
2024-05-09,12.82,0.0,0.0,0.0,10.34,15.17,15.45,77.87
2024-05-10,13.04,0.37,0.0,0.37,10.59,15.57,10.63,85.79
2024-05-11,11.99,2.05,0.0,2.05,10.25,14.14,12.16,86.88
2024-05-12,12.15,0.11,0.0,0.11,9.99,14.7,19.53,77.1
2024-05-13,10.68,2.26,0.0,2.26,7.44,13.49,17.72,80.95
2024-05-14,9.42,1.15,0.0,1.15,6.43,12.05,19.32,74.29
2024-05-15,10.37,0.0,0.0,0.0,6.57,13.51,12.73,70.89
2024-05-16,10.85,0.14,0.0,0.14,7.49,14.16,9.09,74.55
2024-05-17,10.94,0.0,0.0,0.0,5.91,14.34,11.43,77.28
2024-05-18,12.49,0.0,0.0,0.0,9.74,15.18,18.99,77.03
2024-05-19,13.22,0.0,0.0,0.0,10.57,15.53,14.86,77.83
2024-05-20,13.78,0.0,0.0,0.0,10.51,16.88,16.51,78.34
2024-05-21,14.4,0.0,0.0,0.0,10.9,18.02,13.33,74.4
2024-05-22,14.31,0.0,0.0,0.0,10.37,17.32,15.27,75.69
2024-05-23,14.63,0.0,0.0,0.0,12.12,18.09,13.29,83.96
2024-05-24,13.9,0.0,0.0,0.0,10.78,16.65,20.74,85.54
2024-05-25,13.89,0.14,0.0,0.14,12.44,15.49,22.67,85.01
2024-05-26,13.85,0.53,0.0,0.53,12.11,15.6,16.37,85.25
2024-05-27,13.74,0.29,0.0,0.29,10.91,16.63,9.02,83.86
2024-05-28,13.89,2.64,0.0,2.64,10.89,16.36,7.66,85.8
2024-05-29,15.22,1.26,0.0,1.26,11.06,18.51,10.16,81.85
2024-05-30,15.96,0.05,0.0,0.05,13.03,19.41,14.56,85.39
2024-05-31,16.33,0.0,0.0,0.0,11.84,19.82,9.55,82.91
2024-06-01,18.21,0.0,0.0,0.0,12.11,23.38,11.23,70.53
2024-06-02,19.42,0.0,0.0,0.0,15.13,22.81,14.78,70.61
2024-06-03,19.03,0.0,0.0,0.0,15.27,22.86,14.04,77.65
2024-06-04,18.77,0.0,0.0,0.0,15.76,21.31,17.86,78.88
2024-06-05,19.73,0.0,0.0,0.0,15.74,24.78,17.17,77.49
2024-06-06,20.37,0.0,0.0,0.0,15.95,24.27,11.76,76.23
2024-06-07,19.95,0.0,0.0,0.0,15.88,23.14,9.07,76.0
2024-06-08,20.11,0.0,0.0,0.0,16.07,23.75,10.19,79.03
2024-06-09,20.01,0.0,0.0,0.0,14.96,23.6,9.86,72.16
2024-06-10,21.93,0.0,0.0,0.0,15.15,26.46,10.9,66.1
2024-06-11,21.27,0.0,0.0,0.0,17.78,24.22,15.11,74.14
2024-06-12,22.69,0.0,0.0,0.0,18.08,27.45,14.18,70.37
2024-06-13,21.42,0.0,0.0,0.0,18.2,24.0,9.68,81.61
2024-06-14,23.43,0.18,0.0,0.18,19.15,29.12,13.29,75.84
2024-06-15,19.35,0.07,0.0,0.07,17.33,21.96,27.81,75.95
2024-06-16,19.47,0.0,0.0,0.0,16.87,21.78,16.24,73.4
2024-06-17,19.75,0.0,0.0,0.0,14.93,23.0,9.31,74.25
2024-06-18,20.53,0.0,0.0,0.0,17.02,24.03,11.55,78.14
2024-06-19,21.09,0.0,0.0,0.0,15.97,24.54,10.03,74.7
2024-06-20,21.37,0.0,0.0,0.0,16.35,25.2,9.36,74.38
2024-06-21,20.46,0.6,0.0,0.6,17.86,22.45,13.36,74.6
2024-06-22,19.78,0.0,0.0,0.0,15.77,23.1,10.68,71.26
2024-06-23,20.33,0.0,0.0,0.0,15.33,23.38,14.31,72.46
2024-06-24,20.93,0.0,0.0,0.0,17.58,23.52,16.01,76.85
2024-06-25,20.33,0.2,0.0,0.2,16.96,22.97,12.55,81.15
2024-06-26,20.01,1.75,0.0,1.75,17.05,24.25,14.92,77.1
2024-06-27,19.98,0.0,0.0,0.0,14.12,23.46,10.99,66.24
2024-06-28,21.1,0.0,0.0,0.0,17.5,24.09,15.84,66.89
2024-06-29,20.47,0.0,0.0,0.0,15.2,23.85,11.08,72.43
2024-06-30,20.72,0.69,0.0,0.69,17.63,23.28,17.98,75.67
2024-07-01,21.37,0.0,0.0,0.0,18.56,23.78,20.19,74.48
2024-07-02,21.94,0.0,0.0,0.0,17.12,25.26,14.12,70.88
2024-07-03,21.47,0.0,0.0,0.0,15.62,25.22,15.06,76.31
2024-07-04,21.47,0.35,0.0,0.35,19.09,24.78,13.88,82.08
2024-07-05,20.55,0.02,0.0,0.02,18.37,23.34,20.14,81.69
2024-07-06,19.98,2.26,0.0,2.26,18.4,22.21,22.0,80.98
2024-07-07,21.42,0.55,0.0,0.55,19.32,23.64,21.02,78.0
2024-07-08,22.37,0.0,0.0,0.0,19.55,25.39,21.37,80.36
2024-07-09,22.61,0.0,0.0,0.0,19.72,25.54,19.05,82.21
2024-07-10,22.38,0.18,0.0,0.18,19.7,25.0,11.47,81.72
2024-07-11,22.71,0.0,0.0,0.0,18.94,25.98,8.24,81.78
2024-07-12,23.14,0.0,0.0,0.0,19.55,25.97,12.82,81.32
2024-07-13,23.66,0.0,0.0,0.0,20.37,26.03,15.03,79.32
2024-07-14,23.45,0.0,0.0,0.0,20.88,25.87,20.28,72.47
2024-07-15,23.18,0.99,0.0,0.99,20.97,25.47,21.47,70.36
2024-07-16,22.52,2.37,0.0,2.37,20.79,24.47,14.66,79.48
2024-07-17,24.19,0.22,0.0,0.22,20.61,27.22,14.26,78.41
2024-07-18,24.41,0.0,0.0,0.0,21.84,26.95,19.1,82.41
2024-07-19,25.16,0.0,0.0,0.0,21.55,27.85,19.02,76.3
2024-07-20,24.77,0.0,0.0,0.0,22.06,27.45,17.93,78.78
2024-07-21,24.81,0.0,0.0,0.0,21.14,27.89,10.15,79.18
2024-07-22,24.38,0.0,0.0,0.0,20.62,27.32,10.35,77.33
2024-07-23,23.76,0.84,0.0,0.84,20.06,26.88,13.5,74.75
2024-07-24,23.77,0.63,0.0,0.63,21.17,26.31,11.83,75.04
2024-07-25,23.49,0.64,0.0,0.64,19.74,26.37,10.23,71.43
2024-07-26,21.97,13.67,0.0,13.67,18.68,25.98,10.9,78.17
2024-07-27,19.27,42.16,0.0,42.16,17.16,21.59,22.09,85.81
2024-07-28,22.61,0.8,0.0,0.8,18.95,26.02,16.86,73.57
2024-07-29,22.04,0.0,0.0,0.0,17.19,26.4,7.99,64.57
2024-07-30,21.55,0.65,0.0,0.65,17.38,25.54,17.49,68.67
2024-07-31,20.95,0.94,0.0,0.94,18.02,24.2,17.23,69.07
2024-08-01,21.61,0.0,0.0,0.0,16.65,25.48,9.42,70.45
2024-08-02,22.35,0.0,0.0,0.0,15.04,26.07,12.84,71.75
2024-08-03,23.0,0.0,0.0,0.0,18.63,26.19,17.84,74.65
2024-08-04,23.15,0.0,0.0,0.0,17.79,26.74,13.55,75.88
2024-08-05,22.38,1.75,0.0,1.75,17.99,25.85,15.03,77.52
2024-08-06,22.5,0.0,0.0,0.0,18.44,26.17,12.16,72.61
2024-08-07,21.9,0.78,0.0,0.78,16.98,26.14,10.26,76.78
2024-08-08,22.55,0.09,0.0,0.09,17.52,26.58,10.61,75.92
2024-08-09,23.89,0.0,0.0,0.0,19.96,27.14,13.93,72.94
2024-08-10,23.88,0.0,0.0,0.0,18.26,27.75,8.19,75.53
2024-08-11,23.47,0.0,0.0,0.0,18.54,26.98,14.36,73.7
2024-08-12,22.97,0.23,0.0,0.23,18.79,26.6,14.75,74.8
2024-08-13,23.43,0.0,0.0,0.0,17.29,27.68,8.88,72.57
2024-08-14,23.05,0.0,0.0,0.0,16.23,27.53,11.24,68.43
2024-08-15,22.9,0.0,0.0,0.0,18.91,26.07,12.28,63.06
2024-08-16,22.42,0.0,0.0,0.0,14.9,26.74,9.92,63.14
2024-08-17,22.97,0.0,0.0,0.0,16.2,27.4,11.53,60.72
2024-08-18,22.53,0.0,0.0,0.0,14.61,27.37,9.59,64.24
2024-08-19,23.03,0.0,0.0,0.0,15.53,26.49,9.7,73.82
2024-08-20,23.37,0.0,0.0,0.0,18.0,26.78,7.4,77.71
2024-08-21,23.97,0.0,0.0,0.0,20.16,27.59,12.54,80.05
2024-08-22,23.22,0.62,0.0,0.62,19.59,28.68,10.85,83.09
2024-08-23,23.49,0.0,0.0,0.0,20.43,27.15,19.17,78.53
2024-08-24,23.1,0.18,0.0,0.18,20.62,26.4,21.14,75.96
2024-08-25,21.49,3.38,0.0,3.38,19.64,23.6,18.6,79.21
2024-08-26,20.67,1.31,0.0,1.31,18.9,22.94,21.16,81.2
2024-08-27,21.96,1.15,0.0,1.15,18.11,24.96,12.4,79.41
2024-08-28,21.26,0.0,0.0,0.0,18.47,25.07,10.71,76.05
2024-08-29,21.75,0.29,0.0,0.29,17.95,25.59,10.61,76.69
2024-08-30,21.85,0.11,0.0,0.11,18.37,25.2,11.04,76.95
2024-08-31,22.35,0.0,0.0,0.0,18.4,25.8,10.76,76.48
2024-09-01,22.44,0.0,0.0,0.0,18.38,26.14,11.12,77.66
2024-09-02,21.99,0.0,0.0,0.0,18.64,25.94,10.29,77.38
2024-09-03,21.82,0.0,0.0,0.0,18.25,25.17,11.02,76.68
2024-09-04,21.82,0.0,0.0,0.0,18.55,25.48,11.79,78.7
2024-09-05,21.42,0.28,0.0,0.28,18.38,24.91,10.57,77.32
2024-09-06,21.54,0.14,0.0,0.14,16.11,25.62,8.97,77.2
2024-09-07,21.07,4.86,0.0,4.86,16.9,25.42,7.83,79.32
2024-09-08,19.29,6.95,0.0,6.95,16.32,23.81,9.33,83.06
2024-09-09,20.96,2.84,0.0,2.84,15.04,24.87,8.81,78.95
2024-09-10,22.93,0.05,0.0,0.05,18.57,26.76,16.41,80.25
2024-09-11,23.4,0.0,0.0,0.0,20.35,27.66,13.74,81.48
2024-09-12,21.99,1.13,0.0,1.13,18.81,25.94,14.21,81.01
2024-09-13,21.84,0.0,0.0,0.0,17.07,26.06,12.72,76.48
2024-09-14,23.23,0.0,0.0,0.0,19.87,27.78,13.9,76.4
2024-09-15,23.06,0.83,0.0,0.83,18.01,26.79,17.04,80.89
2024-09-16,18.98,8.51,0.0,8.51,15.09,22.41,20.59,79.33
2024-09-17,20.01,3.83,0.0,3.83,16.27,23.26,16.5,71.98
2024-09-18,19.54,0.05,0.0,0.05,14.79,23.54,9.05,71.61
2024-09-19,17.15,14.41,0.0,14.41,14.91,21.43,9.01,85.52
2024-09-20,17.67,4.92,0.0,4.92,14.9,21.32,13.83,81.26
2024-09-21,17.68,19.56,0.0,19.56,14.42,21.86,14.48,77.22
2024-09-22,17.22,6.59,0.0,6.59,13.9,20.38,17.01,77.23
2024-09-23,16.52,26.26,0.0,26.26,13.89,19.37,21.81,86.34
2024-09-24,17.83,18.69,0.0,18.69,14.34,21.84,17.14,81.88
2024-09-25,18.03,6.08,0.0,6.08,12.44,22.3,7.03,80.74
2024-09-26,18.82,0.0,0.0,0.0,13.43,22.86,11.68,81.4
2024-09-27,19.3,0.0,0.0,0.0,13.7,22.99,15.39,81.48
2024-09-28,19.55,0.0,0.0,0.0,16.76,22.77,22.24,80.53
2024-09-29,19.25,0.0,0.0,0.0,15.51,23.08,13.7,83.26
2024-09-30,17.3,10.25,0.0,10.25,13.63,21.7,19.23,83.17
2024-10-01,16.23,10.54,0.0,10.54,12.55,20.27,15.92,68.68
2024-10-02,15.71,3.21,0.0,3.21,11.28,19.17,16.8,75.69
2024-10-03,17.55,0.97,0.0,0.97,12.67,21.43,11.68,80.57
2024-10-04,18.56,0.0,0.0,0.0,13.45,22.18,14.2,83.26
2024-10-05,19.24,0.0,0.0,0.0,16.21,22.85,16.31,83.97
2024-10-06,19.89,0.0,0.0,0.0,16.59,24.56,13.8,81.42
2024-10-07,17.79,0.42,0.0,0.42,13.05,21.03,15.79,82.31
2024-10-08,16.72,0.76,0.0,0.76,15.0,18.58,9.66,79.55
2024-10-09,18.55,0.0,0.0,0.0,14.91,22.35,17.59,83.19
2024-10-10,18.51,0.09,0.0,0.09,15.74,22.34,12.22,80.04
2024-10-11,18.61,0.0,0.0,0.0,12.67,23.21,10.91,77.75
2024-10-12,18.69,0.29,0.0,0.29,16.16,22.25,13.62,84.34
2024-10-13,15.87,15.62,0.0,15.62,13.47,18.69,21.3,84.72
2024-10-14,14.52,1.6,0.0,1.6,12.6,16.47,9.37,78.8
2024-10-15,14.92,0.0,0.0,0.0,11.04,18.42,9.05,78.78
2024-10-16,14.34,7.57,0.0,7.57,10.31,18.45,18.93,80.61
2024-10-17,8.97,10.3,0.0,10.3,7.47,12.17,17.98,86.4
2024-10-18,7.69,25.48,0.0,25.48,5.82,10.12,19.28,83.18
2024-10-19,7.56,25.3,0.0,25.3,5.71,10.67,18.96,83.55
2024-10-20,9.13,25.47,0.0,25.47,6.5,11.06,23.36,79.61
2024-10-21,10.69,7.81,0.0,7.81,7.59,12.85,27.12,73.69
2024-10-22,11.12,2.53,0.0,2.53,9.24,14.0,16.54,73.46
2024-10-23,11.5,0.0,0.0,0.0,6.01,15.95,7.5,76.33
2024-10-24,11.6,0.0,0.0,0.0,7.41,16.12,11.74,79.68
2024-10-25,12.34,0.63,0.0,0.63,10.28,15.03,17.27,76.64
2024-10-26,11.56,0.55,0.0,0.55,9.57,13.49,14.61,77.69
2024-10-27,12.0,0.0,0.0,0.0,9.31,15.7,15.54,78.88
2024-10-28,11.67,0.0,0.0,0.0,5.86,16.66,10.18,80.51
2024-10-29,11.52,0.23,0.0,0.23,7.65,15.68,10.6,80.96
2024-10-30,12.18,2.92,0.0,2.92,9.94,15.0,9.15,86.06
2024-10-31,11.5,1.52,0.0,1.52,8.89,15.74,10.79,85.01
2024-11-01,11.56,0.0,0.0,0.0,6.91,16.31,10.18,82.45
2024-11-02,11.32,0.0,0.0,0.0,7.43,16.6,9.25,82.88
2024-11-03,8.66,7.77,0.0,7.77,6.17,11.16,18.25,77.37
2024-11-04,7.88,0.4,0.0,0.4,3.39,11.09,17.91,69.38
2024-11-05,6.41,8.11,0.0,8.11,3.27,8.59,19.37,71.98
2024-11-06,6.89,0.07,0.0,0.07,1.34,11.92,9.19,72.43
2024-11-07,7.98,0.0,0.0,0.0,2.07,13.32,11.65,73.65
2024-11-08,7.98,0.0,0.0,0.0,2.7,14.46,11.74,77.92
2024-11-09,8.51,0.0,0.0,0.0,3.58,13.83,12.04,79.15
2024-11-10,10.51,0.0,0.0,0.0,4.99,15.04,17.39,78.55
2024-11-11,10.8,0.33,0.0,0.33,9.14,12.22,11.86,82.2
2024-11-12,10.68,0.02,0.0,0.02,9.47,12.28,9.19,81.93
2024-11-13,10.96,0.0,0.0,0.0,6.35,14.38,11.56,85.61
2024-11-14,10.27,0.51,0.0,0.51,8.07,12.92,10.27,87.99
2024-11-15,9.92,4.59,0.0,4.59,8.45,12.06,9.28,89.02
2024-11-16,7.69,15.64,0.0,15.64,6.28,9.15,11.84,88.82
2024-11-17,8.92,1.03,0.0,1.03,3.16,13.36,18.26,80.97
2024-11-18,10.17,0.4,0.0,0.4,7.4,12.5,13.95,85.65
2024-11-19,9.96,1.76,0.0,1.76,7.83,12.83,10.92,86.89
2024-11-20,11.66,0.0,0.0,0.0,7.43,17.68,14.13,77.88
2024-11-21,13.5,2.15,0.0,2.15,7.84,19.5,21.4,63.0
2024-11-22,10.9,0.48,0.0,0.48,7.76,14.47,18.15,81.78
2024-11-23,11.96,9.68,0.0,9.68,3.94,20.3,27.93,72.83
2024-11-24,4.43,31.45,0.0,31.45,2.14,6.95,31.11,76.96
2024-11-25,2.79,15.76,0.0,15.76,0.56,4.5,23.97,81.88
2024-11-26,4.17,19.71,0.0,19.71,3.01,5.63,20.91,88.81
2024-11-27,5.76,2.99,0.0,2.99,0.41,9.98,13.56,67.94
2024-11-28,6.45,2.76,0.0,2.76,4.99,8.38,9.82,81.89
2024-11-29,6.53,0.48,0.0,0.48,3.07,12.22,8.52,77.23
2024-11-30,6.75,0.0,0.0,0.0,3.04,11.26,14.31,72.72
2024-12-01,6.72,0.11,0.0,0.11,0.95,10.69,13.81,75.94
2024-12-02,5.95,0.0,0.0,0.0,0.01,10.96,13.75,77.29
2024-12-03,4.99,0.0,0.0,0.0,0.84,9.68,13.1,73.9
2024-12-04,5.66,0.85,0.0,0.85,0.69,9.6,7.99,84.03
2024-12-05,6.75,0.64,0.0,0.64,4.91,9.35,8.19,85.54
2024-12-06,7.63,0.18,0.0,0.18,4.29,11.2,16.89,83.71
2024-12-07,9.11,0.0,0.0,0.0,4.69,14.39,12.4,72.1
2024-12-08,11.06,0.79,0.0,0.79,9.15,17.04,11.63,58.84
2024-12-09,11.53,0.0,0.0,0.0,7.11,17.14,10.48,64.13
2024-12-10,10.33,0.0,0.0,0.0,7.19,14.57,11.31,65.37
2024-12-11,7.87,0.37,0.0,0.37,6.04,11.36,13.09,71.01
2024-12-12,5.46,2.25,0.0,2.25,3.02,8.01,19.75,73.49
2024-12-13,3.61,1.88,0.0,1.88,1.04,5.95,29.2,71.1
2024-12-14,3.02,0.23,0.0,0.23,0.28,6.0,19.8,61.39
2024-12-15,4.82,0.48,0.0,0.48,0.36,8.62,13.05,63.81
2024-12-16,4.74,10.09,0.0,10.09,2.27,6.76,18.78,81.3
2024-12-17,7.19,0.37,0.0,0.37,2.81,10.51,19.62,69.36
2024-12-18,8.82,0.36,0.0,0.36,6.5,10.89,26.4,78.13
2024-12-19,6.54,0.0,0.0,0.0,3.01,10.59,14.93,81.37
2024-12-20,7.01,0.0,0.0,0.0,1.94,13.06,11.76,75.03
2024-12-21,9.58,0.92,0.0,0.92,3.9,15.48,13.55,64.33
2024-12-22,7.81,1.23,0.0,1.23,6.07,9.84,17.76,85.61
2024-12-23,6.8,0.0,0.0,0.0,3.73,9.29,14.61,85.45
2024-12-24,10.5,0.14,0.0,0.14,5.41,15.23,15.27,63.65
2024-12-25,12.46,0.02,0.0,0.02,9.88,16.68,14.4,58.8
2024-12-26,8.41,0.24,0.0,0.24,5.54,12.07,12.99,82.14
2024-12-27,4.8,5.73,0.0,5.73,3.79,6.1,14.07,84.67
2024-12-28,4.56,3.7,0.0,3.7,3.65,5.47,18.82,87.0
2024-12-29,4.41,0.33,0.0,0.33,3.35,5.52,9.91,82.83
2024-12-30,3.95,0.53,0.0,0.53,2.75,5.97,9.95,77.06
2024-12-31,4.02,0.0,0.0,0.0,0.85,7.55,9.85,79.69
2025-01-01,4.36,0.0,0.0,0.0,0.18,9.76,10.54,79.28
2025-01-02,5.58,0.0,0.0,0.0,0.75,13.5,10.31,71.71
2025-01-03,6.6,0.0,0.0,0.0,1.18,13.21,12.56,62.13
2025-01-04,8.22,2.89,0.0,2.89,4.2,12.56,19.09,64.81
2025-01-05,3.9,2.29,0.0,2.29,1.98,5.54,12.48,81.63
2025-01-06,4.03,0.0,0.0,0.0,-0.17,9.25,12.05,80.56
2025-01-07,6.43,0.0,0.0,0.0,1.92,12.49,10.94,68.67
2025-01-08,8.5,0.0,0.0,0.0,2.81,16.24,9.98,63.98
2025-01-09,10.38,0.0,0.0,0.0,7.12,16.89,13.91,63.22
2025-01-10,7.87,0.0,0.0,0.0,3.22,14.67,10.02,73.34
2025-01-11,7.77,0.07,0.0,0.07,3.65,14.24,10.76,73.42
2025-01-12,7.13,1.4,0.0,1.4,5.5,8.82,10.15,91.0
2025-01-13,5.26,9.24,0.0,9.24,2.8,8.32,17.12,91.17
2025-01-14,2.68,8.4,0.0,8.4,1.95,3.51,11.99,85.74
2025-01-15,4.63,2.09,0.0,2.09,2.49,6.35,16.99,83.03
2025-01-16,4.15,3.9,0.0,3.9,3.47,5.25,12.47,89.48
2025-01-17,5.57,0.23,0.0,0.23,3.82,8.67,25.02,72.35
2025-01-18,6.47,0.37,0.0,0.37,4.21,7.94,31.26,74.44
2025-01-19,6.81,0.96,0.0,0.96,4.87,8.81,41.65,77.2
2025-01-20,4.68,0.07,0.0,0.07,2.36,7.44,15.77,74.03
2025-01-21,5.48,0.0,0.0,0.0,2.55,9.45,16.99,79.1
2025-01-22,5.84,0.05,0.0,0.05,1.35,9.58,8.56,81.92
2025-01-23,6.26,5.25,0.0,5.25,4.22,7.97,9.33,90.64
2025-01-24,6.89,1.68,0.0,1.68,3.57,12.9,9.84,79.64
2025-01-25,7.93,0.41,0.0,0.41,5.48,11.39,10.59,78.2
2025-01-26,7.63,0.11,0.0,0.11,5.96,10.22,10.59,89.56
2025-01-27,6.5,0.0,0.0,0.0,2.78,10.63,15.31,84.14
2025-01-28,4.52,0.0,0.0,0.0,0.75,10.7,7.12,86.49
2025-01-29,6.17,0.0,0.0,0.0,0.61,12.71,8.63,73.02
2025-01-30,6.3,0.0,0.0,0.0,2.2,12.78,9.54,71.54
2025-01-31,5.31,0.0,0.0,0.0,1.22,10.42,7.95,80.04
2025-02-01,5.72,0.0,0.0,0.0,2.7,9.56,12.45,81.63
2025-02-02,6.18,0.7,0.0,0.7,4.84,8.21,14.77,87.8
2025-02-03,6.11,0.41,0.0,0.41,3.8,9.55,14.69,84.01
2025-02-04,2.03,6.35,0.0,6.35,-0.24,4.59,21.0,83.03
2025-02-05,-0.04,7.99,7.99,0.0,-2.3,3.1,11.23,86.43
2025-02-06,0.38,9.82,9.82,0.0,-1.61,3.49,25.42,80.02
2025-02-07,0.99,17.75,17.75,0.0,-1.54,2.72,23.65,87.98
2025-02-08,0.89,5.05,5.05,0.0,0.16,2.37,15.93,89.17
2025-02-09,0.85,8.7,8.7,0.0,-0.56,2.58,15.69,86.87
2025-02-10,0.69,5.42,5.42,0.0,-0.86,3.04,13.4,82.83
2025-02-11,0.1,6.61,6.61,0.0,-1.19,1.66,9.7,86.88
2025-02-12,1.12,7.47,7.47,0.0,0.12,2.31,13.31,93.62
2025-02-13,2.33,3.59,0.0,3.59,1.08,4.09,17.58,81.96
2025-02-14,2.97,0.0,0.0,0.0,-1.48,7.21,12.53,68.51
2025-02-15,6.23,0.51,0.0,0.51,1.61,13.11,13.54,68.31
2025-02-16,2.7,3.05,0.0,3.05,1.27,4.3,11.44,90.18
2025-02-17,0.46,15.91,15.91,0.0,-1.47,1.88,16.3,93.03
2025-02-18,-0.14,8.13,8.13,0.0,-1.6,1.37,10.48,83.2
2025-02-19,-0.04,0.46,0.46,0.0,-1.34,2.04,13.0,65.79
2025-02-20,-3.02,8.75,8.75,0.0,-4.85,-1.55,15.43,82.13
2025-02-21,-3.67,12.11,12.11,0.0,-5.44,-0.39,16.03,82.68
2025-02-22,-3.53,12.04,12.04,0.0,-5.38,-0.86,23.62,80.43
2025-02-23,-3.73,11.22,11.22,0.0,-4.81,-0.95,22.46,86.44
2025-02-24,-1.79,6.88,6.88,0.0,-4.0,0.62,26.1,82.91
2025-02-25,-0.38,2.41,2.41,0.0,-5.27,3.65,21.22,66.59
2025-02-26,0.27,5.89,5.89,0.0,-1.05,2.89,13.04,86.09
2025-02-27,1.61,0.48,0.48,0.0,-3.17,6.27,13.97,78.92
2025-02-28,3.04,0.22,0.0,0.22,1.21,4.92,13.42,81.31
2025-03-01,2.12,0.0,0.0,0.0,-1.08,5.71,9.36,79.11
2025-03-02,2.42,0.29,0.0,0.29,-1.57,6.67,9.09,81.53
2025-03-03,2.5,10.29,0.0,10.29,1.46,4.41,18.11,87.17
2025-03-04,2.39,0.48,0.0,0.48,0.04,5.68,9.99,75.41
2025-03-05,2.05,0.0,0.0,0.0,-2.79,7.23,11.44,79.68
2025-03-06,4.61,0.0,0.0,0.0,0.75,9.99,12.23,70.65
2025-03-07,5.52,0.0,0.0,0.0,-1.08,12.09,12.29,63.88
2025-03-08,5.69,0.0,0.0,0.0,3.08,10.25,12.2,77.59
2025-03-09,5.32,0.0,0.0,0.0,2.73,8.98,10.59,85.46
2025-03-10,6.06,0.0,0.0,0.0,1.82,10.84,10.57,83.6
2025-03-11,8.25,0.0,0.0,0.0,3.9,14.53,13.08,72.16
2025-03-12,11.05,0.0,0.0,0.0,3.66,17.96,13.91,62.53
2025-03-13,14.46,0.0,0.0,0.0,8.91,21.22,12.34,47.92
2025-03-14,13.73,0.0,0.0,0.0,8.98,19.04,10.88,46.68
2025-03-15,13.63,0.0,0.0,0.0,8.15,19.55,11.71,49.0
2025-03-16,14.54,0.0,0.0,0.0,8.01,21.45,12.58,48.23
2025-03-17,10.18,0.0,0.0,0.0,5.48,14.63,14.01,55.32
2025-03-18,6.9,0.74,0.0,0.74,2.94,10.06,13.94,67.45
2025-03-19,4.82,0.37,0.0,0.37,1.96,7.14,13.17,72.09
2025-03-20,4.28,0.18,0.0,0.18,1.1,6.86,14.81,72.47
2025-03-21,4.05,0.74,0.0,0.74,1.17,6.14,18.23,71.16
2025-03-22,4.15,0.74,0.0,0.74,0.59,7.0,14.7,75.21
2025-03-23,4.44,0.0,0.0,0.0,-1.39,9.19,11.78,79.43
2025-03-24,7.57,0.18,0.0,0.18,3.97,11.16,18.42,79.05
2025-03-25,12.21,0.0,0.0,0.0,6.89,17.68,10.54,68.31
2025-03-26,11.94,0.0,0.0,0.0,8.62,15.4,9.7,62.9
2025-03-27,9.42,0.0,0.0,0.0,6.24,13.62,8.9,78.43
2025-03-28,9.7,0.0,0.0,0.0,8.06,13.06,15.74,81.48
2025-03-29,9.57,0.0,0.0,0.0,7.46,13.17,16.72,82.51
2025-03-30,8.21,0.0,0.0,0.0,5.14,12.14,7.75,88.12
2025-03-31,7.34,0.94,0.0,0.94,5.85,10.22,11.09,92.14
2025-04-01,8.09,0.03,0.0,0.03,6.34,12.74,12.71,90.81
2025-04-02,8.07,1.81,0.0,1.81,6.18,12.14,12.78,89.04
2025-04-03,7.27,0.87,0.0,0.87,5.7,9.06,21.91,91.21
2025-04-04,7.28,0.05,0.0,0.05,4.42,11.36,9.73,87.14
2025-04-05,7.19,0.0,0.0,0.0,5.36,10.14,8.87,89.35
2025-04-06,8.6,3.23,0.0,3.23,5.18,13.06,9.39,85.69
2025-04-07,7.26,1.83,0.0,1.83,4.54,9.66,13.35,91.11
2025-04-08,3.49,3.82,0.0,3.82,1.81,5.35,15.75,78.97
2025-04-09,2.69,7.35,0.0,7.35,1.38,4.84,12.1,85.85
2025-04-10,4.33,1.68,0.0,1.68,0.6,8.64,18.41,68.92
2025-04-11,1.69,2.4,2.4,0.0,-1.04,4.98,27.9,72.63
2025-04-12,2.19,4.4,0.0,4.4,-1.94,5.54,19.77,68.29
2025-04-13,2.77,15.22,0.0,15.22,0.35,6.07,20.09,85.56
2025-04-14,4.88,5.08,0.0,5.08,0.83,8.42,17.48,80.35
2025-04-15,7.36,0.0,0.0,0.0,4.37,10.61,20.74,75.21
2025-04-16,7.98,0.09,0.0,0.09,5.5,10.56,13.3,81.16
2025-04-17,6.93,0.0,0.0,0.0,4.35,10.09,10.62,87.48
2025-04-18,7.29,0.0,0.0,0.0,5.19,11.24,15.74,86.28
2025-04-19,6.85,0.14,0.0,0.14,5.14,9.39,12.33,90.89
2025-04-20,7.14,2.76,0.0,2.76,6.23,8.78,15.78,90.78
2025-04-21,8.34,0.0,0.0,0.0,5.04,12.67,8.8,86.18
2025-04-22,7.67,0.0,0.0,0.0,5.74,9.82,11.23,91.89
2025-04-23,7.85,0.0,0.0,0.0,6.19,10.42,8.67,90.14
2025-04-24,7.77,0.0,0.0,0.0,5.48,11.03,10.74,89.69
2025-04-25,7.49,6.74,0.0,6.74,6.51,8.76,13.38,92.51
2025-04-26,10.12,0.18,0.0,0.18,6.64,14.31,8.17,83.94
2025-04-27,7.74,1.71,0.0,1.71,4.67,10.57,12.59,87.08
2025-04-28,6.51,0.11,0.0,0.11,0.38,10.57,11.92,72.83
2025-04-29,6.68,0.0,0.0,0.0,1.74,10.98,10.33,75.23
2025-04-30,7.24,0.0,0.0,0.0,1.28,12.27,11.21,78.53
2025-05-01,7.95,0.0,0.0,0.0,6.01,10.74,14.79,85.03
2025-05-02,8.33,0.53,0.0,0.53,6.53,10.25,13.88,88.24
2025-05-03,8.52,0.0,0.0,0.0,3.86,12.27,12.47,83.78
2025-05-04,8.49,0.0,0.0,0.0,1.56,13.73,9.2,74.97
2025-05-05,9.57,0.0,0.0,0.0,4.86,14.3,10.31,79.34
2025-05-06,10.5,0.0,0.0,0.0,5.25,15.86,9.46,78.22
2025-05-07,15.48,0.47,0.0,0.47,9.62,21.69,10.29,70.53
2025-05-08,14.08,1.7,0.0,1.7,10.63,17.79,12.58,78.53
2025-05-09,13.22,0.1,0.0,0.1,9.87,18.32,17.98,81.03
2025-05-10,9.56,1.97,0.0,1.97,8.19,10.88,10.55,92.46
2025-05-11,9.05,2.45,0.0,2.45,7.61,10.89,8.46,87.32
2025-05-12,9.28,0.04,0.0,0.04,6.5,11.8,7.01,84.92
2025-05-13,8.94,0.03,0.0,0.03,4.98,12.7,16.21,79.69
2025-05-14,9.31,0.0,0.0,0.0,3.96,13.4,10.32,76.8
2025-05-15,9.62,0.0,0.0,0.0,3.71,15.13,12.37,78.53
2025-05-16,12.15,0.03,0.0,0.03,8.23,15.94,24.44,78.87
2025-05-17,15.61,1.91,0.0,1.91,10.22,28.17,18.86,69.19
2025-05-18,11.32,5.9,0.0,5.9,8.72,14.4,8.77,89.08
2025-05-19,11.97,4.68,0.0,4.68,6.3,16.63,13.33,75.87
2025-05-20,11.94,0.0,0.0,0.0,7.13,18.56,22.81,74.65
2025-05-21,12.58,0.0,0.0,0.0,6.14,17.27,13.22,66.97
2025-05-22,13.0,0.0,0.0,0.0,9.8,16.81,16.84,78.8
2025-05-23,14.97,0.0,0.0,0.0,10.98,20.78,15.61,75.82
2025-05-24,16.62,0.0,0.0,0.0,10.62,21.94,8.98,68.67
2025-05-25,18.09,0.0,0.0,0.0,13.84,22.38,18.48,61.35
2025-05-26,16.02,0.85,0.0,0.85,13.28,20.17,12.38,77.43
2025-05-27,12.94,0.55,0.0,0.55,11.51,15.73,19.35,84.86
2025-05-28,15.53,0.29,0.0,0.29,10.45,20.16,10.76,66.88
2025-05-29,14.49,0.0,0.0,0.0,10.3,18.97,9.14,73.28
2025-05-30,14.49,0.0,0.0,0.0,9.94,19.08,7.87,80.18
2025-05-31,14.84,0.0,0.0,0.0,9.87,20.0,8.77,77.68
2025-06-01,14.49,0.09,0.0,0.09,9.73,18.42,9.37,81.04
2025-06-02,15.28,0.0,0.0,0.0,11.17,19.05,16.26,81.86
2025-06-03,16.81,0.0,0.0,0.0,13.01,21.74,17.21,69.32
2025-06-04,16.84,0.0,0.0,0.0,10.83,22.06,8.77,68.59
2025-06-05,17.21,0.0,0.0,0.0,11.31,23.05,10.1,64.1
2025-06-06,17.25,0.0,0.0,0.0,13.21,21.58,14.61,76.01
2025-06-07,17.98,0.0,0.0,0.0,13.67,23.11,12.93,73.06
2025-06-08,16.83,0.0,0.0,0.0,11.66,22.1,11.84,73.85
2025-06-09,16.99,0.0,0.0,0.0,11.8,21.79,9.52,76.59
2025-06-10,18.62,0.0,0.0,0.0,14.62,22.41,16.27,77.41
2025-06-11,19.54,0.0,0.0,0.0,16.15,23.9,10.14,81.97
2025-06-12,19.14,0.0,0.0,0.0,15.12,23.13,10.45,84.91
2025-06-13,18.18,0.0,0.0,0.0,14.59,21.46,14.83,75.26
2025-06-14,16.91,0.18,0.0,0.18,12.14,21.5,16.56,68.52
2025-06-15,16.57,0.67,0.0,0.67,13.06,19.74,21.86,71.33
2025-06-16,16.33,4.07,0.0,4.07,12.38,20.07,19.93,74.44
2025-06-17,18.35,3.77,0.0,3.77,14.47,22.92,19.11,68.53
2025-06-18,18.54,0.0,0.0,0.0,12.34,23.81,13.74,72.52
2025-06-19,18.44,0.0,0.0,0.0,13.94,23.58,10.7,73.44
2025-06-20,18.63,0.05,0.0,0.05,12.97,24.05,12.51,72.06
2025-06-21,18.24,2.28,0.0,2.28,14.41,21.51,15.37,69.63
2025-06-22,16.63,0.37,0.0,0.37,12.08,20.62,12.88,65.61
2025-06-23,17.97,0.05,0.0,0.05,12.08,22.66,14.81,64.39
2025-06-24,19.06,0.09,0.0,0.09,13.48,24.24,11.7,63.35
2025-06-25,19.64,0.0,0.0,0.0,12.65,25.47,13.77,63.73
2025-06-26,21.16,0.0,0.0,0.0,14.51,27.42,9.19,56.41
2025-06-27,21.24,0.0,0.0,0.0,17.53,25.59,13.59,65.12
2025-06-28,18.93,0.0,0.0,0.0,12.37,23.68,11.07,67.32
2025-06-29,17.73,5.47,0.0,5.47,14.85,19.86,20.88,77.54
2025-06-30,19.17,3.86,0.0,3.86,15.05,22.33,23.51,74.01
2025-07-01,19.66,1.8,0.0,1.8,15.68,23.47,16.11,70.33
2025-07-02,18.45,0.19,0.0,0.19,13.98,22.17,16.16,70.12
2025-07-03,17.18,5.22,0.0,5.22,14.61,21.59,17.9,75.78
2025-07-04,18.61,2.32,0.0,2.32,14.58,22.24,19.45,75.75
2025-07-05,19.52,0.0,0.0,0.0,15.0,23.36,13.9,76.41
2025-07-06,20.53,0.0,0.0,0.0,13.97,25.98,11.44,64.95
2025-07-07,21.06,0.0,0.0,0.0,16.43,25.26,16.88,71.88
2025-07-08,21.14,0.0,0.0,0.0,17.35,26.3,15.72,77.57
2025-07-09,21.39,0.0,0.0,0.0,16.0,26.09,13.36,78.72
2025-07-10,21.08,0.12,0.0,0.12,18.05,24.77,17.99,81.91
2025-07-11,21.15,0.0,0.0,0.0,17.56,25.31,10.66,77.88
2025-07-12,21.16,0.23,0.0,0.23,16.68,25.74,10.21,76.46
2025-07-13,21.82,0.0,0.0,0.0,17.96,25.83,16.81,72.29
2025-07-14,22.33,0.0,0.0,0.0,18.97,28.0,16.98,72.43
2025-07-15,22.51,0.0,0.0,0.0,17.59,27.56,8.34,76.43
2025-07-16,22.37,0.0,0.0,0.0,15.72,28.16,9.63,64.04
2025-07-17,22.66,0.0,0.0,0.0,15.83,28.66,11.85,58.16
2025-07-18,22.62,1.89,0.0,1.89,19.33,28.14,19.56,78.49
2025-07-19,22.08,0.27,0.0,0.27,18.66,26.23,11.08,77.98
2025-07-20,21.38,0.0,0.0,0.0,16.58,25.26,13.54,71.23
2025-07-21,21.42,0.0,0.0,0.0,15.72,26.64,9.3,72.61
2025-07-22,22.44,0.0,0.0,0.0,17.21,27.24,11.65,77.83
2025-07-23,23.72,0.0,0.0,0.0,19.68,28.21,12.71,78.53
2025-07-24,23.75,0.0,0.0,0.0,19.43,29.44,13.06,71.14
2025-07-25,23.1,0.0,0.0,0.0,18.23,28.51,9.14,70.37
2025-07-26,23.24,0.0,0.0,0.0,16.93,28.33,8.43,72.46
2025-07-27,24.23,0.0,0.0,0.0,17.05,29.01,15.14,68.57
2025-07-28,24.2,0.0,0.0,0.0,21.15,28.62,15.2,76.91
2025-07-29,22.97,0.0,0.0,0.0,18.99,28.18,12.28,83.59
2025-07-30,22.4,0.0,0.0,0.0,18.09,26.77,14.61,84.86
2025-07-31,22.68,0.66,0.0,0.66,20.24,26.55,14.11,80.61
2025-08-01,22.95,0.32,0.0,0.32,19.01,27.56,11.84,73.78
2025-08-02,22.07,2.76,0.0,2.76,18.75,25.95,11.9,77.26
2025-08-03,21.88,0.05,0.0,0.05,19.14,25.35,12.65,76.93
2025-08-04,22.63,0.0,0.0,0.0,17.31,28.03,10.6,71.41
2025-08-05,23.4,0.0,0.0,0.0,19.52,28.0,12.58,74.58
2025-08-06,23.19,0.0,0.0,0.0,16.74,28.7,9.94,72.18
2025-08-07,22.87,0.0,0.0,0.0,18.21,27.13,19.58,72.47
2025-08-08,23.35,0.52,0.0,0.52,20.96,26.28,18.82,80.21
2025-08-09,22.93,0.0,0.0,0.0,19.33,26.45,12.94,79.43
2025-08-10,22.88,0.0,0.0,0.0,17.72,28.4,10.72,65.88
2025-08-11,22.62,0.0,0.0,0.0,17.38,28.51,11.41,54.1
2025-08-12,22.11,0.18,0.0,0.18,16.72,27.22,11.54,64.24
2025-08-13,22.55,0.0,0.0,0.0,18.18,26.67,14.24,59.98
2025-08-14,21.72,0.0,0.0,0.0,17.35,26.41,13.52,62.21
2025-08-15,20.89,0.0,0.0,0.0,14.59,26.34,10.19,63.38
2025-08-16,21.08,0.0,0.0,0.0,15.35,26.23,9.26,65.98
2025-08-17,21.69,0.0,0.0,0.0,14.99,26.37,15.51,61.33
2025-08-18,20.41,0.11,0.0,0.11,15.63,24.7,14.22,77.51
2025-08-19,20.32,0.0,0.0,0.0,17.3,24.17,14.55,75.13
2025-08-20,20.22,0.18,0.0,0.18,16.72,23.83,16.15,75.71
2025-08-21,20.39,0.26,0.0,0.26,17.04,24.72,13.18,75.75
2025-08-22,22.11,0.0,0.0,0.0,17.74,26.3,17.31,74.91
2025-08-23,20.97,0.0,0.0,0.0,15.91,25.19,18.39,76.47
2025-08-24,20.0,0.71,0.0,0.71,17.58,23.25,15.29,78.86
2025-08-25,18.01,4.71,0.0,4.71,15.8,21.04,12.63,78.14
2025-08-26,18.73,0.0,0.0,0.0,14.31,23.6,9.79,65.45
2025-08-27,18.95,0.0,0.0,0.0,12.24,24.15,10.79,66.8
2025-08-28,19.77,0.0,0.0,0.0,15.14,24.3,12.13,73.11
2025-08-29,20.49,0.0,0.0,0.0,14.66,25.74,10.01,75.39
2025-08-30,20.65,0.0,0.0,0.0,15.23,26.17,8.3,80.21
2025-08-31,21.58,0.0,0.0,0.0,16.07,27.16,9.63,79.06
2025-09-01,21.48,0.05,0.0,0.05,17.81,25.21,19.55,79.78
2025-09-02,20.94,0.0,0.0,0.0,16.27,25.51,11.78,71.78
2025-09-03,19.91,3.58,0.0,3.58,16.66,23.66,15.86,77.36
2025-09-04,20.63,1.03,0.0,1.03,16.62,25.06,11.22,79.61
2025-09-05,21.02,0.0,0.0,0.0,16.87,25.55,11.45,79.31
2025-09-06,20.86,0.0,0.0,0.0,15.61,25.9,10.36,79.2
2025-09-07,19.22,0.46,0.0,0.46,16.84,22.08,15.3,74.05
2025-09-08,18.38,12.35,0.0,12.35,15.85,22.56,15.1,76.04
2025-09-09,19.2,5.19,0.0,5.19,16.46,22.98,18.79,77.91
2025-09-10,18.42,2.02,0.0,2.02,14.1,23.43,19.08,75.01
2025-09-11,17.78,12.3,0.0,12.3,14.62,22.51,15.28,85.86
2025-09-12,18.52,0.09,0.0,0.09,13.44,23.77,9.16,80.31
2025-09-13,18.03,0.05,0.0,0.05,14.18,23.26,12.74,74.68
2025-09-14,16.57,0.0,0.0,0.0,12.07,21.86,9.13,68.4
2025-09-15,16.78,0.0,0.0,0.0,9.99,22.46,9.62,75.08
2025-09-16,17.15,0.0,0.0,0.0,13.63,21.52,15.15,73.04
2025-09-17,18.03,0.0,0.0,0.0,12.28,22.88,12.13,68.4
2025-09-18,14.96,8.25,0.0,8.25,12.25,16.98,24.99,82.71
2025-09-19,15.5,16.79,0.0,16.79,12.25,17.97,36.98,78.61
2025-09-20,16.46,3.35,0.0,3.35,13.39,20.13,21.74,71.91
2025-09-21,16.36,0.42,0.0,0.42,13.09,20.79,13.09,75.04
2025-09-22,15.72,0.0,0.0,0.0,9.02,21.04,16.14,71.71
2025-09-23,16.66,0.0,0.0,0.0,14.1,20.84,18.85,75.42
2025-09-24,16.19,0.0,0.0,0.0,10.23,21.49,8.41,82.25
2025-09-25,16.39,0.11,0.0,0.11,12.2,21.68,11.67,81.44
2025-09-26,14.21,3.55,0.0,3.55,11.6,16.73,18.32,76.17
2025-09-27,12.11,0.0,0.0,0.0,8.24,16.27,12.93,66.8
2025-09-28,12.74,0.0,0.0,0.0,7.12,17.67,10.04,68.25
2025-09-29,13.24,18.95,0.0,18.95,11.46,15.06,10.9,90.78
2025-09-30,13.57,7.6,0.0,7.6,11.41,17.1,14.09,87.01
2025-10-01,13.17,3.51,0.0,3.51,8.65,18.05,8.61,82.65
2025-10-02,14.06,0.56,0.0,0.56,10.72,18.26,11.75,79.79
2025-10-03,15.8,0.0,0.0,0.0,11.81,20.09,19.14,77.44
2025-10-04,16.19,0.98,0.0,0.98,12.09,19.42,14.36,77.63
2025-10-05,15.14,0.32,0.0,0.32,12.6,19.19,10.07,82.44
2025-10-06,15.84,0.0,0.0,0.0,11.34,19.49,16.15,78.0
2025-10-07,16.24,0.0,0.0,0.0,13.61,20.38,20.45,84.45
2025-10-08,15.56,11.41,0.0,11.41,12.59,19.63,12.32,86.67
2025-10-09,13.47,4.55,0.0,4.55,11.23,16.78,13.73,83.88
2025-10-10,12.85,2.08,0.0,2.08,10.57,16.46,21.64,78.83
2025-10-11,11.81,11.29,0.0,11.29,8.35,17.33,15.78,80.94
2025-10-12,10.03,12.15,0.0,12.15,8.12,13.04,23.11,83.52
2025-10-13,11.6,5.63,0.0,5.63,9.09,15.05,14.88,82.17
2025-10-14,12.23,1.57,0.0,1.57,9.31,17.09,8.02,85.18
2025-10-15,11.68,5.99,0.0,5.99,9.36,16.49,8.25,88.68
2025-10-16,11.47,9.27,0.0,9.27,10.01,13.55,13.54,82.11
2025-10-17,13.38,0.26,0.0,0.26,10.76,16.35,21.02,78.8
2025-10-18,13.85,0.03,0.0,0.03,10.04,17.67,13.16,86.8
2025-10-19,12.87,12.55,0.0,12.55,10.63,16.35,15.91,91.01
2025-10-20,10.71,1.27,0.0,1.27,8.21,13.87,15.01,74.05
2025-10-21,10.66,0.05,0.0,0.05,6.42,15.71,12.08,77.31
2025-10-22,12.48,0.09,0.0,0.09,7.91,16.9,12.14,79.49
2025-10-23,13.45,2.93,0.0,2.93,9.65,17.54,9.06,87.64
2025-10-24,15.8,0.12,0.0,0.12,11.76,23.05,9.43,78.16
2025-10-25,13.96,11.88,0.0,11.88,11.5,16.26,10.1,83.96
2025-10-26,13.2,1.6,0.0,1.6,10.54,16.91,12.74,82.75
2025-10-27,17.18,0.07,0.0,0.07,12.01,23.16,17.55,67.77
2025-10-28,13.61,16.44,0.0,16.44,10.38,17.23,13.79,85.68
2025-10-29,11.68,14.19,0.0,14.19,8.97,15.63,16.97,79.09
2025-10-30,11.34,0.0,0.0,0.0,6.63,16.25,15.63,74.0
2025-10-31,12.54,0.0,0.0,0.0,6.46,18.51,13.86,69.41
2025-11-01,11.89,0.0,0.0,0.0,7.93,16.59,13.11,76.15
2025-11-02,11.03,0.0,0.0,0.0,5.44,15.95,15.27,82.57
2025-11-03,12.41,0.0,0.0,0.0,8.62,16.28,19.62,82.62
2025-11-04,12.43,0.0,0.0,0.0,8.68,16.81,7.93,82.92
2025-11-05,12.47,0.24,0.0,0.24,9.75,15.78,9.83,87.03
2025-11-06,13.03,0.0,0.0,0.0,11.61,15.51,17.81,86.34
2025-11-07,13.21,0.0,0.0,0.0,11.68,16.18,16.6,90.66
2025-11-08,13.23,0.0,0.0,0.0,11.25,16.31,10.49,90.32
2025-11-09,12.67,0.0,0.0,0.0,8.76,16.78,10.71,89.8
2025-11-10,12.81,0.0,0.0,0.0,8.72,16.36,14.72,89.51
2025-11-11,13.09,0.0,0.0,0.0,9.83,18.38,11.05,79.63
2025-11-12,11.79,6.95,0.0,6.95,9.84,14.56,15.09,87.49
2025-11-13,9.2,1.11,0.0,1.11,6.67,10.72,10.82,86.07
2025-11-14,7.77,8.05,0.0,8.05,5.5,11.52,12.53,86.31
2025-11-15,8.66,2.47,0.0,2.47,6.25,11.63,16.81,84.77
2025-11-16,8.76,0.0,0.0,0.0,4.49,14.26,10.97,80.04
2025-11-17,11.43,0.0,0.0,0.0,4.14,19.56,12.53,65.37
2025-11-18,14.63,0.0,0.0,0.0,10.62,21.92,13.8,47.22
2025-11-19,13.41,0.0,0.0,0.0,8.45,21.04,10.53,62.07
2025-11-20,11.52,0.0,0.0,0.0,7.65,16.56,8.76,75.74
2025-11-21,13.48,0.0,0.0,0.0,7.92,20.78,10.82,60.46
2025-11-22,14.74,0.0,0.0,0.0,10.43,21.11,11.09,55.53
2025-11-23,16.6,0.0,0.0,0.0,10.86,23.46,11.58,52.75
2025-11-24,12.5,1.9,0.0,1.9,9.89,16.41,17.09,81.41
2025-11-25,11.42,0.0,0.0,0.0,8.94,14.77,14.52,87.32
2025-11-26,10.85,0.0,0.0,0.0,7.03,17.86,8.98,78.65
2025-11-27,11.67,0.0,0.0,0.0,7.45,18.88,10.26,69.15
2025-11-28,11.08,0.0,0.0,0.0,6.85,17.53,8.34,72.34
2025-11-29,12.56,0.0,0.0,0.0,8.69,18.44,13.48,60.17
2025-11-30,10.79,3.95,0.0,3.95,8.39,13.56,12.82,80.34
2025-12-01,8.71,9.53,0.0,9.53,6.97,10.6,15.49,86.89
2025-12-02,8.52,0.14,0.0,0.14,5.96,12.02,10.24,82.49
2025-12-03,9.15,0.0,0.0,0.0,5.7,13.24,14.5,75.23
2025-12-04,9.64,0.0,0.0,0.0,7.33,13.22,17.65,73.37
2025-12-05,10.24,0.0,0.0,0.0,7.79,13.19,18.63,76.55
2025-12-06,12.6,0.6,0.0,0.6,9.31,17.03,15.17,71.39
2025-12-07,11.89,0.0,0.0,0.0,7.96,15.5,12.79,74.53
2025-12-08,9.97,1.67,0.0,1.67,7.7,13.17,13.64,85.29
2025-12-09,8.98,4.41,0.0,4.41,6.98,11.21,18.15,87.38
2025-12-10,7.39,6.9,0.0,6.9,5.61,9.8,13.51,91.54
2025-12-11,6.75,12.81,0.0,12.81,5.27,8.34,8.84,91.54
2025-12-12,7.09,8.91,0.0,8.91,3.36,10.08,14.2,82.35
2025-12-13,7.13,19.61,0.0,19.61,5.5,8.75,23.15,88.94
2025-12-14,6.08,1.73,0.0,1.73,4.53,9.16,10.05,85.63
2025-12-15,5.62,11.03,0.0,11.03,4.04,7.68,24.64,83.92
2025-12-16,5.29,21.63,0.0,21.63,3.19,7.52,21.39,89.01
2025-12-17,4.49,0.0,0.0,0.0,0.67,10.46,10.36,81.77
2025-12-18,4.88,0.0,0.0,0.0,-0.7,11.23,11.33,73.61
2025-12-19,5.35,0.0,0.0,0.0,2.0,10.84,8.66,79.01
2025-12-20,6.57,0.0,0.0,0.0,3.22,11.2,12.69,77.03
2025-12-21,7.02,0.0,0.0,0.0,3.37,9.96,12.73,81.17
2025-12-22,7.63,1.37,0.0,1.37,5.68,10.83,10.46,86.4
2025-12-23,7.63,10.09,0.0,10.09,6.31,9.39,17.54,93.29
2025-12-24,6.82,4.23,0.0,4.23,5.23,9.01,15.85,83.06
2025-12-25,4.36,1.11,0.0,1.11,3.25,5.82,18.26,83.16
2025-12-26,3.52,2.18,0.0,2.18,2.57,4.25,13.91,80.75
2025-12-27,0.6,21.45,21.45,0.0,-0.87,2.34,20.62,91.04
2025-12-28,1.5,15.69,15.69,0.0,-0.98,5.45,24.84,83.33
2025-12-29,0.59,25.59,25.59,0.0,-1.15,1.87,35.72,84.07
2025-12-30,3.99,2.5,0.0,2.5,-0.35,9.76,20.62,61.06
2025-12-31,0.06,20.46,20.46,0.0,-2.33,3.18,20.4,92.95
2026-01-01,-2.45,10.6,10.6,0.0,-3.88,-1.23,17.41,89.65
