,Şahinkaya Kanyonu - Samsun_temp,Şahinkaya Kanyonu - Samsun_prcp,Şahinkaya Kanyonu - Samsun_snow,Şahinkaya Kanyonu - Samsun_rain,Şahinkaya Kanyonu - Samsun_tmin,Şahinkaya Kanyonu - Samsun_tmax,Şahinkaya Kanyonu - Samsun_wspd,Şahinkaya Kanyonu - Samsun_rhum
2021-12-31,7.29,0.0,0.0,0.0,3.33,11.71,5.23,75.5
2022-01-01,8.45,1.91,0.0,1.91,6.46,10.79,2.53,85.27
2022-01-02,7.76,6.91,0.0,6.91,5.18,10.45,12.78,81.05
2022-01-03,6.28,3.45,0.0,3.45,1.19,10.33,6.51,65.39
2022-01-04,8.02,0.44,0.0,0.44,5.89,11.73,7.49,66.16
2022-01-05,10.02,0.46,0.0,0.46,3.31,16.63,6.76,63.23
2022-01-06,13.05,0.0,0.0,0.0,7.94,18.49,8.87,57.33
2022-01-07,10.86,0.17,0.0,0.17,8.56,14.52,5.19,74.37
2022-01-08,8.81,0.09,0.0,0.09,6.38,12.49,4.75,88.71
2022-01-09,10.15,0.0,0.0,0.0,4.05,17.17,5.04,67.38
2022-01-10,12.12,1.3,0.0,1.3,8.51,15.3,6.73,65.06
2022-01-11,9.63,0.57,0.0,0.57,7.26,12.79,3.84,75.09
2022-01-12,6.57,7.38,0.0,7.38,3.44,9.28,10.66,92.9
2022-01-13,2.52,10.75,0.0,10.75,0.51,3.86,17.61,75.65
2022-01-14,2.32,0.0,0.0,0.0,-0.88,5.22,7.51,63.17
2022-01-15,1.59,2.7,2.7,0.0,-0.47,4.82,13.46,77.53
2022-01-16,1.31,13.01,13.01,0.0,-1.98,3.86,8.13,80.36
2022-01-17,4.18,3.7,0.0,3.7,-0.08,7.69,9.19,64.33
2022-01-18,3.81,0.13,0.0,0.13,1.4,6.53,15.96,58.17
2022-01-19,0.87,5.59,5.59,0.0,-2.12,3.75,7.5,68.79
2022-01-20,2.29,1.4,0.0,1.4,-0.85,5.74,12.3,61.31
2022-01-21,4.85,0.72,0.0,0.72,-1.39,9.07,12.81,50.22
2022-01-22,3.57,9.69,0.0,9.69,1.81,6.55,9.17,83.44
2022-01-23,1.49,30.62,30.62,0.0,0.03,2.59,10.87,91.67
2022-01-24,0.57,11.97,11.97,0.0,-3.11,3.2,9.56,80.41
2022-01-25,-2.09,0.79,0.79,0.0,-5.64,0.34,5.39,75.21
2022-01-26,-0.44,4.33,4.33,0.0,-2.75,1.38,5.21,87.12
2022-01-27,-0.34,1.58,1.58,0.0,-3.84,3.65,6.35,77.19
2022-01-28,0.33,1.77,1.77,0.0,-4.71,5.55,6.9,67.36
2022-01-29,0.49,0.0,0.0,0.0,-2.42,3.37,10.4,64.8
2022-01-30,1.27,0.21,0.21,0.0,-2.16,4.78,6.87,66.27
2022-01-31,3.85,1.03,0.0,1.03,1.18,6.7,6.37,76.02
2022-02-01,4.37,0.0,0.0,0.0,0.84,7.23,5.25,73.2
2022-02-02,8.5,0.0,0.0,0.0,4.49,11.92,8.02,62.42
2022-02-03,9.09,0.0,0.0,0.0,5.78,14.31,7.86,62.06
2022-02-04,4.02,3.52,0.0,3.52,2.27,6.16,12.55,79.97
2022-02-05,3.63,0.98,0.0,0.98,-0.43,6.12,8.94,64.09
2022-02-06,3.47,0.0,0.0,0.0,1.06,7.25,6.81,68.07
2022-02-07,6.36,0.42,0.0,0.42,0.65,10.98,9.28,62.23
2022-02-08,10.66,0.27,0.0,0.27,6.37,15.37,9.1,56.26
2022-02-09,6.28,5.96,0.0,5.96,3.72,10.13,11.57,82.79
2022-02-10,5.14,0.55,0.0,0.55,3.07,7.98,12.69,72.27
2022-02-11,5.29,0.08,0.0,0.08,0.47,10.12,7.05,68.37
2022-02-12,6.87,0.0,0.0,0.0,2.05,13.11,9.48,63.67
2022-02-13,4.57,0.37,0.0,0.37,2.06,7.01,11.26,80.71
2022-02-14,5.44,1.24,0.0,1.24,3.86,6.74,4.75,79.06
2022-02-15,5.87,0.0,0.0,0.0,4.37,7.43,2.87,77.74
2022-02-16,6.06,0.0,0.0,0.0,2.36,9.77,5.99,69.4
2022-02-17,6.86,0.0,0.0,0.0,1.17,12.29,8.78,61.32
2022-02-18,7.5,2.78,0.0,2.78,3.27,12.6,10.39,62.53
2022-02-19,6.62,7.03,0.0,7.03,3.95,10.07,7.02,80.68
2022-02-20,9.12,0.08,0.0,0.08,2.86,14.27,7.49,62.89
2022-02-21,9.84,0.0,0.0,0.0,7.08,14.1,5.18,68.7
2022-02-22,10.7,0.31,0.0,0.31,5.11,15.03,5.3,69.64
2022-02-23,12.29,0.0,0.0,0.0,7.69,18.8,5.71,65.79
2022-02-24,9.17,0.69,0.0,0.69,5.99,13.1,5.89,83.28
2022-02-25,8.67,7.29,0.0,7.29,7.59,9.72,7.48,94.67
2022-02-26,7.6,11.63,0.0,11.63,6.42,9.04,9.4,87.38
2022-02-27,8.34,0.29,0.0,0.29,6.71,10.17,2.3,85.25
2022-02-28,9.39,8.16,0.0,8.16,6.88,14.39,6.8,86.18
2022-03-01,7.67,11.84,0.0,11.84,5.63,9.86,8.68,79.09
2022-03-02,5.15,10.5,0.0,10.5,4.21,6.21,6.98,87.19
2022-03-03,3.8,20.66,0.0,20.66,1.5,5.4,12.19,86.1
2022-03-04,4.48,3.35,0.0,3.35,0.58,8.76,7.2,72.03
2022-03-05,6.0,0.33,0.0,0.33,1.99,9.88,5.96,69.81
2022-03-06,6.65,0.0,0.0,0.0,4.34,9.53,6.57,74.29
2022-03-07,7.18,4.61,0.0,4.61,2.5,12.17,6.14,79.34
2022-03-08,5.89,6.56,0.0,6.56,4.14,8.52,11.66,80.83
2022-03-09,3.23,6.01,0.0,6.01,1.67,5.06,12.72,79.49
2022-03-10,2.75,1.78,0.0,1.78,1.3,4.26,10.75,75.28
2022-03-11,1.32,2.42,2.42,0.0,-0.25,2.74,16.64,73.11
2022-03-12,0.36,0.95,0.95,0.0,-3.63,3.79,8.89,62.5
2022-03-13,1.46,0.52,0.52,0.0,-2.56,5.35,10.02,67.65
2022-03-14,1.41,1.71,1.71,0.0,-2.1,5.37,9.9,71.63
2022-03-15,2.6,0.88,0.0,0.88,-0.84,6.18,9.16,72.9
2022-03-16,4.86,0.26,0.0,0.26,1.01,9.43,7.55,66.52
2022-03-17,2.5,3.06,0.0,3.06,0.75,4.99,11.85,78.93
2022-03-18,0.42,7.2,7.2,0.0,-1.15,3.04,13.02,72.2
2022-03-19,0.19,3.48,3.48,0.0,-4.49,4.49,8.58,69.88
2022-03-20,1.76,4.65,4.65,0.0,-2.0,3.96,11.63,81.07
2022-03-21,3.91,1.01,0.0,1.01,1.72,6.59,10.48,66.65
2022-03-22,4.91,0.27,0.0,0.27,2.47,7.98,9.43,73.85
2022-03-23,5.08,0.48,0.0,0.48,3.01,7.75,5.74,76.31
2022-03-24,5.44,0.47,0.0,0.47,2.45,8.72,5.61,75.52
2022-03-25,7.24,0.39,0.0,0.39,3.92,11.19,4.99,60.07
2022-03-26,6.78,0.72,0.0,0.72,2.69,10.13,9.39,66.09
2022-03-27,8.48,0.0,0.0,0.0,1.52,16.13,6.98,60.31
2022-03-28,8.74,0.0,0.0,0.0,2.82,13.95,6.95,56.96
2022-03-29,10.62,0.0,0.0,0.0,3.23,16.68,6.5,59.85
2022-03-30,13.9,0.22,0.0,0.22,9.0,17.85,6.44,56.47
2022-03-31,16.74,0.0,0.0,0.0,7.77,23.94,9.39,47.29
2022-04-01,18.84,0.0,0.0,0.0,11.94,25.16,9.12,38.6
2022-04-02,19.79,0.0,0.0,0.0,13.54,25.93,12.32,35.66
2022-04-03,14.69,0.0,0.0,0.0,7.88,24.27,15.21,49.65
2022-04-04,10.95,0.18,0.0,0.18,7.04,15.76,7.71,65.75
2022-04-05,9.47,1.01,0.0,1.01,6.18,12.66,9.75,77.62
2022-04-06,10.45,5.45,0.0,5.45,6.75,14.29,12.08,83.5
2022-04-07,11.79,0.76,0.0,0.76,5.96,17.07,9.38,80.37
2022-04-08,13.4,7.28,0.0,7.28,10.0,17.47,7.33,81.39
2022-04-09,14.56,1.5,0.0,1.5,7.03,21.98,7.58,69.98
2022-04-10,14.29,0.0,0.0,0.0,9.5,19.74,5.5,66.5
2022-04-11,14.55,3.59,0.0,3.59,8.85,23.3,14.15,63.97
2022-04-12,8.13,9.56,0.0,9.56,5.95,10.23,11.98,77.41
2022-04-13,7.65,0.69,0.0,0.69,3.81,11.37,7.41,64.1
2022-04-14,8.64,0.78,0.0,0.78,4.83,11.96,7.03,68.14
2022-04-15,10.66,0.08,0.0,0.08,7.92,14.41,4.57,72.13
2022-04-16,11.41,0.0,0.0,0.0,5.04,17.71,7.06,73.21
2022-04-17,12.11,0.08,0.0,0.08,7.04,16.62,3.58,75.93
2022-04-18,15.45,0.5,0.0,0.5,10.6,24.03,9.73,68.33
2022-04-19,10.38,8.02,0.0,8.02,8.73,13.83,12.36,85.99
2022-04-20,9.61,3.62,0.0,3.62,7.5,12.44,10.97,82.98
2022-04-21,10.52,0.09,0.0,0.09,7.16,17.01,10.73,78.94
2022-04-22,10.92,0.0,0.0,0.0,6.86,15.34,6.0,79.17
2022-04-23,12.81,0.0,0.0,0.0,7.15,18.26,5.36,78.21
2022-04-24,15.56,0.09,0.0,0.09,9.98,21.7,9.41,69.85
2022-04-25,16.2,0.0,0.0,0.0,8.86,23.36,5.27,67.98
2022-04-26,16.3,0.0,0.0,0.0,11.2,22.05,9.73,66.4
2022-04-27,15.12,0.0,0.0,0.0,10.31,20.67,10.45,67.95
2022-04-28,14.99,0.0,0.0,0.0,10.69,20.55,9.65,71.18
2022-04-29,14.56,0.0,0.0,0.0,9.45,19.22,7.67,77.95
2022-04-30,13.14,0.09,0.0,0.09,9.6,16.62,11.23,85.04
2022-05-01,13.19,0.88,0.0,0.88,11.19,15.42,9.93,85.62
2022-05-02,12.79,0.0,0.0,0.0,8.18,17.17,7.18,76.64
2022-05-03,12.67,0.0,0.0,0.0,8.6,17.48,4.17,77.11
2022-05-04,11.85,6.67,0.0,6.67,10.13,13.59,10.78,88.41
2022-05-05,11.7,8.42,0.0,8.42,9.68,14.27,9.32,81.6
2022-05-06,10.98,5.71,0.0,5.71,8.78,13.03,10.37,86.86
2022-05-07,10.86,5.76,0.0,5.76,9.35,12.74,10.02,82.31
2022-05-08,11.22,0.94,0.0,0.94,8.89,13.91,8.26,81.62
2022-05-09,11.51,0.0,0.0,0.0,6.63,15.75,7.45,77.6
2022-05-10,12.77,0.0,0.0,0.0,6.02,18.32,6.49,69.88
2022-05-11,12.62,0.13,0.0,0.13,5.93,18.16,8.72,70.73
2022-05-12,13.88,0.0,0.0,0.0,6.59,19.23,7.36,60.68
2022-05-13,15.5,0.0,0.0,0.0,7.86,22.02,6.5,57.44
2022-05-14,17.12,0.0,0.0,0.0,9.39,24.62,6.64,59.67
2022-05-15,17.06,0.0,0.0,0.0,11.05,22.19,8.86,57.96
2022-05-16,17.26,0.0,0.0,0.0,11.56,22.59,8.34,59.09
2022-05-17,16.96,0.0,0.0,0.0,10.3,22.57,6.73,59.01
2022-05-18,18.27,0.0,0.0,0.0,10.63,26.59,10.61,58.05
2022-05-19,12.32,7.68,0.0,7.68,9.45,15.32,13.8,77.94
2022-05-20,13.64,1.14,0.0,1.14,8.52,18.56,5.47,71.13
2022-05-21,16.44,0.0,0.0,0.0,8.36,22.91,5.65,63.75
2022-05-22,18.56,0.0,0.0,0.0,10.36,25.74,6.64,60.74
2022-05-23,16.38,3.58,0.0,3.58,13.17,20.78,8.67,69.99
2022-05-24,14.74,2.55,0.0,2.55,10.75,19.03,7.37,77.11
2022-05-25,15.63,0.0,0.0,0.0,9.53,20.62,7.31,71.71
2022-05-26,17.74,0.0,0.0,0.0,10.3,22.82,7.62,70.5
2022-05-27,18.22,0.0,0.0,0.0,13.27,23.82,10.08,71.8
2022-05-28,18.43,0.0,0.0,0.0,11.59,24.67,8.69,71.28
2022-05-29,20.41,0.0,0.0,0.0,13.23,26.4,7.92,69.43
2022-05-30,22.08,0.17,0.0,0.17,14.1,29.96,8.76,70.04
2022-05-31,21.61,0.56,0.0,0.56,16.69,27.6,11.47,72.62
2022-06-01,20.23,0.0,0.0,0.0,16.06,25.18,10.84,76.53
2022-06-02,20.29,0.04,0.0,0.04,14.66,25.45,10.22,72.43
2022-06-03,21.73,0.17,0.0,0.17,17.83,27.31,11.12,74.01
2022-06-04,22.13,0.13,0.0,0.13,16.61,27.05,14.79,74.24
2022-06-05,23.01,0.0,0.0,0.0,17.77,28.91,13.9,68.63
2022-06-06,21.49,0.49,0.0,0.49,16.54,26.32,11.06,74.49
2022-06-07,21.01,0.27,0.0,0.27,16.84,25.4,12.77,77.32
2022-06-08,21.65,0.36,0.0,0.36,16.78,27.16,8.51,76.25
2022-06-09,21.39,3.17,0.0,3.17,17.79,26.15,10.46,82.06
2022-06-10,21.56,0.94,0.0,0.94,16.38,27.25,9.4,78.41
2022-06-11,22.51,0.93,0.0,0.93,16.83,27.9,10.08,79.36
2022-06-12,21.59,2.61,0.0,2.61,17.64,25.94,10.92,83.47
2022-06-13,21.73,2.83,0.0,2.83,18.69,25.23,10.37,80.54
2022-06-14,22.85,0.49,0.0,0.49,19.14,27.74,8.83,73.56
2022-06-15,21.91,0.54,0.0,0.54,16.35,26.59,8.71,71.66
2022-06-16,21.64,0.0,0.0,0.0,16.25,26.15,11.22,69.29
2022-06-17,22.15,0.0,0.0,0.0,17.61,26.25,11.66,67.7
2022-06-18,21.84,0.0,0.0,0.0,16.33,26.27,11.66,65.5
2022-06-19,21.83,0.0,0.0,0.0,16.35,25.53,12.47,67.66
2022-06-20,22.7,0.0,0.0,0.0,15.28,28.59,6.97,64.51
2022-06-21,22.5,0.09,0.0,0.09,15.53,27.75,11.62,68.21
2022-06-22,22.25,0.9,0.0,0.9,17.77,29.46,9.67,67.19
2022-06-23,21.47,0.0,0.0,0.0,15.77,26.48,8.65,59.73
2022-06-24,18.86,3.1,0.0,3.1,16.23,23.6,7.23,75.06
2022-06-25,18.66,11.15,0.0,11.15,14.64,23.85,5.98,79.82
2022-06-26,18.75,14.12,0.0,14.12,15.32,22.86,6.18,80.52
2022-06-27,19.65,32.0,0.0,32.0,16.81,23.23,5.95,84.19
2022-06-28,20.28,3.64,0.0,3.64,16.35,24.77,6.6,80.49
2022-06-29,20.53,7.44,0.0,7.44,17.39,24.4,7.0,82.02
2022-06-30,22.27,0.0,0.0,0.0,18.34,26.82,8.15,76.33
2022-07-01,22.38,0.58,0.0,0.58,19.25,25.94,9.4,75.72
2022-07-02,22.49,0.0,0.0,0.0,15.97,28.2,10.65,67.09
2022-07-03,21.36,0.0,0.0,0.0,15.72,25.76,10.67,64.81
2022-07-04,20.97,0.0,0.0,0.0,14.49,25.77,11.29,64.1
2022-07-05,21.9,0.0,0.0,0.0,15.24,26.9,12.16,67.82
2022-07-06,22.83,0.0,0.0,0.0,16.28,28.09,11.14,71.1
2022-07-07,23.58,0.0,0.0,0.0,16.35,28.93,9.25,68.19
2022-07-08,24.0,0.0,0.0,0.0,17.52,29.31,10.02,66.42
2022-07-09,23.95,0.13,0.0,0.13,18.53,29.11,9.55,69.57
2022-07-10,23.57,3.5,0.0,3.5,20.22,27.83,9.89,73.68
2022-07-11,23.28,0.69,0.0,0.69,19.66,27.54,10.54,71.7
2022-07-12,22.72,0.63,0.0,0.63,18.49,26.75,11.89,69.64
2022-07-13,22.64,0.0,0.0,0.0,17.02,27.39,9.63,67.39
2022-07-14,22.36,0.85,0.0,0.85,16.19,26.88,11.67,66.64
2022-07-15,21.71,0.63,0.0,0.63,18.02,24.71,9.94,72.64
2022-07-16,23.48,0.15,0.0,0.15,18.62,27.63,10.35,66.46
2022-07-17,25.01,0.44,0.0,0.44,22.18,28.48,13.21,66.27
2022-07-18,22.62,7.93,0.0,7.93,18.56,27.34,13.13,69.05
2022-07-19,22.13,0.0,0.0,0.0,18.52,26.29,14.31,63.6
2022-07-20,21.77,0.0,0.0,0.0,16.71,26.74,11.26,65.14
2022-07-21,22.37,0.0,0.0,0.0,15.56,27.57,9.83,59.65
2022-07-22,22.73,0.12,0.0,0.12,17.68,28.26,10.27,64.41
2022-07-23,23.08,0.0,0.0,0.0,16.32,28.6,9.96,63.54
2022-07-24,22.83,0.0,0.0,0.0,17.1,27.83,9.54,67.27
2022-07-25,22.99,0.0,0.0,0.0,16.4,28.43,8.51,64.4
2022-07-26,23.31,0.0,0.0,0.0,16.98,28.29,9.6,66.13
2022-07-27,24.06,0.0,0.0,0.0,18.09,29.37,9.33,66.09
2022-07-28,23.67,0.0,0.0,0.0,17.0,29.07,12.01,67.08
2022-07-29,24.11,0.0,0.0,0.0,17.48,29.94,11.44,68.11
2022-07-30,24.23,0.0,0.0,0.0,16.93,30.05,10.43,67.16
2022-07-31,25.46,0.0,0.0,0.0,19.47,30.64,8.93,72.24
2022-08-01,25.87,0.0,0.0,0.0,20.19,31.38,12.13,71.35
2022-08-02,25.32,0.0,0.0,0.0,20.37,30.2,14.38,63.24
2022-08-03,24.96,0.0,0.0,0.0,20.61,29.21,12.7,69.36
2022-08-04,25.38,0.0,0.0,0.0,20.13,29.9,10.05,71.43
2022-08-05,25.44,0.29,0.0,0.29,22.91,28.85,10.63,73.47
2022-08-06,25.99,0.0,0.0,0.0,21.2,30.62,11.41,71.02
2022-08-07,25.37,0.0,0.0,0.0,20.69,29.98,9.69,71.42
2022-08-08,25.77,0.0,0.0,0.0,20.16,30.72,11.23,69.71
2022-08-09,25.83,0.12,0.0,0.12,19.66,31.02,10.18,72.17
2022-08-10,25.62,0.0,0.0,0.0,19.86,31.43,10.83,68.9
2022-08-11,25.44,0.0,0.0,0.0,19.97,29.65,8.96,67.58
2022-08-12,25.37,0.0,0.0,0.0,20.55,30.41,11.73,70.77
2022-08-13,25.43,0.72,0.0,0.72,19.44,30.73,8.18,70.85
2022-08-14,26.23,0.0,0.0,0.0,20.53,31.89,8.22,70.79
2022-08-15,25.75,0.21,0.0,0.21,20.68,30.53,11.75,73.18
2022-08-16,25.93,0.13,0.0,0.13,21.21,30.92,9.49,70.32
2022-08-17,26.61,0.0,0.0,0.0,21.37,31.71,8.83,68.48
2022-08-18,26.06,0.0,0.0,0.0,20.74,31.09,9.41,68.4
2022-08-19,25.41,0.0,0.0,0.0,18.79,30.88,10.12,67.72
2022-08-20,25.62,0.0,0.0,0.0,20.37,31.0,9.23,69.65
2022-08-21,26.3,0.29,0.0,0.29,19.79,32.02,7.23,68.32
2022-08-22,27.03,0.0,0.0,0.0,21.05,33.58,7.36,65.53
2022-08-23,27.35,0.0,0.0,0.0,20.47,33.57,8.08,60.9
2022-08-24,27.39,0.0,0.0,0.0,22.58,33.13,10.76,63.93
2022-08-25,27.35,0.0,0.0,0.0,22.8,32.95,9.45,70.57
2022-08-26,26.94,0.0,0.0,0.0,21.89,32.37,10.59,69.68
2022-08-27,26.67,0.13,0.0,0.13,22.12,31.7,9.57,71.5
2022-08-28,25.96,14.76,0.0,14.76,21.89,32.07,7.4,74.29
2022-08-29,25.97,0.0,0.0,0.0,20.26,31.26,7.67,72.87
2022-08-30,27.03,0.0,0.0,0.0,21.34,33.26,10.8,73.32
2022-08-31,27.06,0.0,0.0,0.0,21.47,34.06,8.35,72.67
2022-09-01,26.93,0.0,0.0,0.0,22.0,32.32,9.61,73.42
2022-09-02,27.03,0.13,0.0,0.13,21.68,32.69,10.51,69.78
2022-09-03,27.02,0.0,0.0,0.0,21.51,34.15,9.26,72.13
2022-09-04,24.8,1.72,0.0,1.72,21.58,29.42,13.39,69.96
2022-09-05,22.24,0.68,0.0,0.68,19.78,26.55,14.01,66.65
2022-09-06,20.26,7.31,0.0,7.31,15.78,23.8,12.24,60.52
2022-09-07,18.14,0.0,0.0,0.0,13.61,23.96,9.5,60.42
2022-09-08,18.84,19.13,0.0,19.13,12.57,24.28,8.42,68.67
2022-09-09,20.78,0.15,0.0,0.15,14.41,26.84,8.71,63.69
2022-09-10,22.1,0.0,0.0,0.0,14.63,28.87,7.31,61.51
2022-09-11,23.35,0.0,0.0,0.0,16.41,30.75,7.49,60.49
2022-09-12,21.94,5.41,0.0,5.41,16.46,29.42,10.12,61.95
2022-09-13,19.6,6.57,0.0,6.57,16.34,25.12,8.85,75.05
2022-09-14,19.56,1.87,0.0,1.87,15.25,24.42,7.21,69.71
2022-09-15,21.15,0.0,0.0,0.0,14.21,27.87,4.46,62.77
2022-09-16,25.13,0.0,0.0,0.0,16.47,34.19,5.29,52.41
2022-09-17,25.12,0.0,0.0,0.0,18.4,32.51,5.45,55.29
2022-09-18,25.98,0.0,0.0,0.0,18.32,35.77,9.66,55.19
2022-09-19,20.69,1.14,0.0,1.14,18.41,23.12,17.08,73.9
2022-09-20,19.8,1.31,0.0,1.31,15.59,25.38,9.65,74.8
2022-09-21,17.61,1.2,0.0,1.2,16.06,19.4,14.15,72.26
2022-09-22,17.32,9.32,0.0,9.32,14.87,20.97,7.57,74.92
2022-09-23,17.47,1.48,0.0,1.48,14.37,21.76,10.2,63.48
2022-09-24,16.59,2.17,0.0,2.17,13.55,20.94,9.83,66.76
2022-09-25,16.79,0.11,0.0,0.11,10.83,23.05,4.97,62.65
2022-09-26,18.61,0.0,0.0,0.0,11.51,26.48,4.81,57.48
2022-09-27,20.75,0.0,0.0,0.0,12.32,30.68,4.51,46.27
2022-09-28,22.21,1.94,0.0,1.94,15.93,28.49,7.8,45.73
2022-09-29,21.08,0.38,0.0,0.38,15.06,27.49,5.88,63.06
2022-09-30,21.53,0.0,0.0,0.0,15.17,28.32,5.74,65.14
2022-10-01,21.76,0.0,0.0,0.0,15.03,27.81,5.57,65.05
2022-10-02,21.81,5.75,0.0,5.75,15.59,29.65,8.73,62.63
2022-10-03,18.73,2.65,0.0,2.65,15.44,23.41,10.64,68.38
2022-10-04,17.51,1.01,0.0,1.01,12.28,23.47,10.88,69.86
2022-10-05,17.54,6.6,0.0,6.6,14.3,21.52,10.48,75.41
2022-10-06,17.36,1.19,0.0,1.19,15.21,19.03,12.6,70.74
2022-10-07,17.64,0.0,0.0,0.0,15.3,20.42,13.78,68.51
2022-10-08,17.64,1.21,0.0,1.21,15.95,20.2,8.75,81.7
2022-10-09,17.9,2.05,0.0,2.05,14.59,21.48,5.62,80.85
2022-10-10,18.23,3.85,0.0,3.85,14.82,21.94,10.15,72.75
2022-10-11,16.63,1.06,0.0,1.06,12.23,20.95,6.31,71.59
2022-10-12,16.58,0.15,0.0,0.15,12.15,20.59,7.74,75.99
2022-10-13,17.15,0.0,0.0,0.0,14.64,19.15,12.17,68.72
2022-10-14,15.34,0.0,0.0,0.0,10.55,19.75,6.99,69.66
2022-10-15,16.24,1.33,0.0,1.33,13.14,19.25,4.98,72.9
2022-10-16,16.6,4.16,0.0,4.16,13.59,20.21,6.92,81.85
2022-10-17,17.14,5.54,0.0,5.54,15.36,19.26,13.21,84.13
2022-10-18,17.16,0.22,0.0,0.22,15.83,18.63,11.52,79.99
2022-10-19,16.7,0.0,0.0,0.0,14.89,19.99,4.24,83.94
2022-10-20,14.41,4.0,0.0,4.0,12.29,16.52,9.58,86.09
2022-10-21,12.04,0.88,0.0,0.88,8.83,15.47,11.29,67.08
2022-10-22,11.72,0.31,0.0,0.31,5.86,17.03,5.16,70.53
2022-10-23,13.98,0.0,0.0,0.0,7.26,20.56,5.25,58.62
2022-10-24,14.54,0.0,0.0,0.0,10.38,20.06,6.9,68.49
2022-10-25,14.0,0.0,0.0,0.0,8.99,19.87,4.42,76.91
2022-10-26,14.77,0.0,0.0,0.0,8.01,21.42,4.41,71.17
2022-10-27,15.29,0.0,0.0,0.0,11.65,19.7,8.55,73.84
2022-10-28,12.98,0.0,0.0,0.0,8.37,18.2,6.79,74.88
2022-10-29,12.02,0.24,0.0,0.24,7.48,17.11,7.49,73.86
2022-10-30,11.33,0.15,0.0,0.15,5.89,17.75,3.57,73.93
2022-10-31,12.73,0.13,0.0,0.13,6.05,19.08,4.24,70.25
2022-11-01,12.66,0.44,0.0,0.44,8.6,17.36,8.0,70.98
2022-11-02,11.17,0.0,0.0,0.0,5.8,17.13,3.2,74.86
2022-11-03,13.24,0.41,0.0,0.41,7.13,19.18,5.85,69.08
2022-11-04,12.9,0.09,0.0,0.09,8.8,18.68,4.67,74.74
2022-11-05,13.16,0.0,0.0,0.0,7.57,19.56,3.84,75.33
2022-11-06,13.5,0.0,0.0,0.0,8.75,19.02,3.69,71.26
2022-11-07,13.98,2.12,0.0,2.12,10.47,18.05,4.54,79.14
2022-11-08,12.59,2.92,0.0,2.92,11.27,14.35,6.6,86.64
2022-11-09,12.13,1.41,0.0,1.41,9.89,15.07,7.52,74.9
2022-11-10,11.93,0.0,0.0,0.0,9.9,13.84,3.02,74.45
2022-11-11,12.37,0.0,0.0,0.0,9.47,15.32,3.43,75.78
2022-11-12,12.57,0.0,0.0,0.0,8.39,17.27,4.19,79.29
2022-11-13,10.79,0.0,0.0,0.0,6.83,15.08,3.25,84.1
2022-11-14,10.6,0.06,0.0,0.06,7.12,14.53,3.29,82.12
2022-11-15,12.02,0.0,0.0,0.0,8.35,16.27,3.51,75.72
2022-11-16,9.97,0.0,0.0,0.0,6.07,14.71,3.44,77.63
2022-11-17,13.46,0.0,0.0,0.0,5.15,19.65,6.76,61.72
2022-11-18,17.0,0.38,0.0,0.38,14.1,21.08,10.19,54.93
2022-11-19,18.89,0.09,0.0,0.09,14.16,24.45,9.62,53.2
2022-11-20,18.75,0.0,0.0,0.0,12.34,25.18,7.06,55.22
2022-11-21,18.54,0.0,0.0,0.0,14.95,23.33,4.59,53.0
2022-11-22,14.71,1.35,0.0,1.35,10.15,19.12,8.49,64.51
2022-11-23,13.23,0.0,0.0,0.0,7.81,19.53,5.39,69.75
2022-11-24,14.22,0.0,0.0,0.0,10.24,18.99,4.4,63.52
2022-11-25,13.17,3.95,0.0,3.95,10.61,15.95,6.96,80.03
2022-11-26,10.8,13.8,0.0,13.8,9.8,12.84,8.6,86.52
2022-11-27,10.37,0.51,0.0,0.51,7.2,13.42,6.7,76.04
2022-11-28,9.54,1.12,0.0,1.12,6.66,12.65,3.61,82.25
2022-11-29,10.22,0.0,0.0,0.0,8.04,12.16,3.32,83.96
2022-11-30,9.72,0.0,0.0,0.0,7.89,11.38,1.79,89.08
2022-12-01,10.09,0.0,0.0,0.0,7.44,12.72,2.37,88.74
2022-12-02,11.88,2.35,0.0,2.35,8.87,15.3,3.06,89.73
2022-12-03,11.38,1.09,0.0,1.09,8.72,14.9,5.27,88.05
2022-12-04,10.83,0.73,0.0,0.73,8.11,13.6,6.66,83.81
2022-12-05,9.93,1.5,0.0,1.5,6.94,12.51,3.02,84.75
2022-12-06,10.02,7.63,0.0,7.63,7.52,12.61,2.25,83.33
2022-12-07,8.82,0.0,0.0,0.0,5.06,13.88,3.49,77.25
2022-12-08,8.47,0.0,0.0,0.0,5.26,13.64,2.81,79.66
2022-12-09,10.2,0.0,0.0,0.0,4.84,15.13,4.06,77.66
2022-12-10,13.18,0.08,0.0,0.08,8.18,17.73,5.65,67.53
2022-12-11,15.14,0.72,0.0,0.72,12.15,17.31,6.51,62.52
2022-12-12,14.89,2.64,0.0,2.64,11.6,18.52,7.49,68.61
2022-12-13,13.73,1.17,0.0,1.17,10.04,19.48,8.25,75.57
2022-12-14,8.36,18.2,0.0,18.2,7.15,11.27,8.28,87.96
2022-12-15,12.86,3.85,0.0,3.85,7.89,18.34,6.06,78.0
2022-12-16,13.05,2.53,0.0,2.53,10.21,17.08,4.54,86.04
2022-12-17,12.93,0.0,0.0,0.0,8.59,19.18,4.47,79.82
2022-12-18,12.44,0.0,0.0,0.0,9.06,16.59,4.32,80.43
2022-12-19,8.3,7.25,0.0,7.25,5.06,11.57,12.07,88.65
2022-12-20,5.91,12.98,0.0,12.98,3.9,8.3,10.47,71.15
2022-12-21,6.71,1.22,0.0,1.22,3.75,9.38,4.16,78.15
2022-12-22,7.81,0.08,0.0,0.08,6.19,9.92,6.64,73.55
2022-12-23,7.72,0.0,0.0,0.0,6.38,10.05,9.28,68.73
2022-12-24,7.93,0.0,0.0,0.0,5.24,10.5,5.17,65.08
2022-12-25,8.86,2.16,0.0,2.16,6.02,12.18,5.82,70.28
2022-12-26,7.92,7.85,0.0,7.85,6.44,10.57,6.63,83.09
2022-12-27,8.27,4.32,0.0,4.32,3.4,12.56,4.98,73.41
2022-12-28,8.81,0.94,0.0,0.94,5.75,12.2,9.18,71.94
2022-12-29,7.8,0.29,0.0,0.29,3.45,11.65,5.71,75.58
2022-12-30,8.59,0.0,0.0,0.0,2.55,14.93,4.85,71.67
2022-12-31,7.82,0.0,0.0,0.0,3.72,13.56,3.51,73.54
2023-01-01,6.7,0.0,0.0,0.0,2.99,12.62,2.96,76.47
2023-01-02,5.71,0.0,0.0,0.0,2.65,8.58,3.51,79.57
2023-01-03,5.16,0.0,0.0,0.0,3.42,7.15,3.42,77.98
2023-01-04,4.97,0.14,0.0,0.14,0.87,8.26,4.34,80.12
2023-01-05,7.32,0.09,0.0,0.09,4.23,9.65,3.93,81.47
2023-01-06,6.45,0.17,0.0,0.17,4.37,8.13,6.95,79.17
2023-01-07,5.51,3.93,0.0,3.93,2.96,8.11,5.87,83.88
2023-01-08,4.64,9.78,0.0,9.78,2.49,7.22,5.38,86.79
2023-01-09,4.19,8.52,0.0,8.52,-0.02,8.91,5.33,77.06
2023-01-10,5.92,0.0,0.0,0.0,0.89,11.05,8.8,66.52
2023-01-11,8.24,0.0,0.0,0.0,3.39,14.77,6.88,61.87
2023-01-12,8.15,0.0,0.0,0.0,5.7,11.98,5.17,67.29
2023-01-13,6.86,0.0,0.0,0.0,3.63,12.29,4.38,68.78
2023-01-14,6.08,0.0,0.0,0.0,1.98,11.34,2.91,70.97
2023-01-15,5.33,0.0,0.0,0.0,1.26,10.63,2.63,75.11
2023-01-16,6.23,0.0,0.0,0.0,1.8,11.51,3.45,77.52
2023-01-17,9.58,0.0,0.0,0.0,2.78,17.51,6.12,60.99
2023-01-18,12.28,0.0,0.0,0.0,6.86,19.01,7.78,52.94
2023-01-19,12.79,0.0,0.0,0.0,6.52,20.37,5.87,54.18
2023-01-20,11.47,0.0,0.0,0.0,6.35,19.8,6.15,55.52
2023-01-21,9.69,0.0,0.0,0.0,5.01,15.97,5.48,62.59
2023-01-22,7.25,0.0,0.0,0.0,3.07,13.26,2.89,73.48
2023-01-23,6.88,0.0,0.0,0.0,3.26,11.68,3.41,78.91
2023-01-24,7.37,0.0,0.0,0.0,4.96,8.75,2.56,80.58
2023-01-25,7.55,2.3,0.0,2.3,5.87,9.79,4.65,76.4
2023-01-26,6.86,3.0,0.0,3.0,3.12,10.4,4.65,75.19
2023-01-27,9.2,0.04,0.0,0.04,2.78,14.26,7.04,60.99
2023-01-28,10.79,0.42,0.0,0.42,7.09,15.0,8.71,61.03
2023-01-29,6.86,8.93,0.0,8.93,5.41,8.45,8.35,82.33
2023-01-30,5.57,1.69,0.0,1.69,3.97,7.67,5.31,79.49
2023-01-31,4.87,4.1,0.0,4.1,3.74,6.69,6.44,84.06
2023-02-01,3.93,10.78,0.0,10.78,2.43,5.24,5.95,88.34
2023-02-02,4.47,3.71,0.0,3.71,0.59,8.2,8.13,69.96
2023-02-03,5.14,0.21,0.0,0.21,2.67,8.03,8.47,64.02
2023-02-04,4.28,2.07,0.0,2.07,2.36,7.21,3.88,80.27
2023-02-05,4.47,0.0,0.0,0.0,0.48,8.66,4.67,69.08
2023-02-06,4.71,6.15,0.0,6.15,3.57,5.68,15.49,78.64
2023-02-07,2.17,11.66,0.0,11.66,-0.6,3.77,18.58,71.16
2023-02-08,0.63,4.44,4.44,0.0,-2.63,3.38,9.77,82.44
2023-02-09,2.07,2.87,0.0,2.87,-0.84,4.88,4.54,78.38
2023-02-10,1.76,0.0,0.0,0.0,-1.69,4.88,6.46,74.57
2023-02-11,3.03,0.0,0.0,0.0,1.28,4.88,6.06,74.14
2023-02-12,3.75,0.09,0.0,0.09,1.57,6.38,4.92,67.3
2023-02-13,2.52,2.63,0.0,2.63,-0.45,5.29,10.3,68.32
2023-02-14,3.05,0.15,0.0,0.15,-2.74,7.46,5.99,60.15
2023-02-15,3.46,6.86,0.0,6.86,1.32,6.36,11.8,69.86
2023-02-16,3.23,8.03,0.0,8.03,0.07,6.85,12.35,72.0
2023-02-17,5.91,0.8,0.0,0.8,0.4,11.08,9.46,56.05
2023-02-18,8.93,0.0,0.0,0.0,4.14,13.16,8.85,52.57
2023-02-19,11.85,0.94,0.0,0.94,9.5,16.53,10.07,53.47
2023-02-20,8.61,3.9,0.0,3.9,3.86,13.97,8.15,70.4
2023-02-21,8.59,2.28,0.0,2.28,0.34,15.44,9.06,61.15
2023-02-22,9.38,0.0,0.0,0.0,4.23,14.77,7.11,64.4
2023-02-23,6.66,0.17,0.0,0.17,4.26,10.08,8.18,76.01
2023-02-24,6.97,0.59,0.0,0.59,1.32,11.48,8.44,72.92
2023-02-25,11.71,0.0,0.0,0.0,4.0,19.16,7.25,54.13
2023-02-26,15.36,0.0,0.0,0.0,8.72,21.76,11.75,43.36
2023-02-27,14.39,0.0,0.0,0.0,10.11,21.22,7.82,44.63
2023-02-28,11.84,0.0,0.0,0.0,7.25,18.09,4.22,59.75
2023-03-01,10.45,1.5,0.0,1.5,8.5,14.04,3.95,84.67
2023-03-02,9.01,1.36,0.0,1.36,7.04,11.83,10.17,86.8
2023-03-03,9.13,1.03,0.0,1.03,6.97,12.43,6.76,87.53
2023-03-04,9.04,1.06,0.0,1.06,4.89,12.75,4.19,86.56
2023-03-05,10.23,3.84,0.0,3.84,7.5,14.21,4.24,85.12
2023-03-06,8.61,11.48,0.0,11.48,6.92,10.42,8.69,86.42
2023-03-07,9.69,0.77,0.0,0.77,4.8,16.0,4.08,72.45
2023-03-08,11.05,0.0,0.0,0.0,5.27,17.31,4.07,64.16
2023-03-09,11.93,0.12,0.0,0.12,6.33,18.53,3.74,66.53
2023-03-10,12.94,0.27,0.0,0.27,9.31,18.55,5.75,67.58
2023-03-11,17.31,0.27,0.0,0.27,9.07,23.68,12.41,50.04
2023-03-12,12.61,11.26,0.0,11.26,8.15,18.02,12.83,68.33
2023-03-13,5.45,17.2,0.0,17.2,3.67,7.78,15.31,81.6
2023-03-14,5.82,6.93,0.0,6.93,3.07,8.69,5.51,80.96
2023-03-15,7.99,4.2,0.0,4.2,5.72,10.48,2.93,86.52
2023-03-16,10.45,0.24,0.0,0.24,6.46,15.43,5.66,81.36
2023-03-17,10.46,0.9,0.0,0.9,7.73,13.95,6.11,82.3
2023-03-18,9.41,3.21,0.0,3.21,7.94,12.35,7.42,89.75
2023-03-19,8.74,3.61,0.0,3.61,7.5,10.06,15.44,87.5
2023-03-20,8.5,2.34,0.0,2.34,6.79,11.08,14.38,81.81
2023-03-21,8.79,0.19,0.0,0.19,6.0,12.7,4.3,77.46
2023-03-22,9.31,0.0,0.0,0.0,4.3,13.97,4.65,81.02
2023-03-23,10.03,3.05,0.0,3.05,7.67,12.39,5.14,85.15
2023-03-24,9.98,0.67,0.0,0.67,8.42,12.7,7.39,83.13
2023-03-25,9.06,0.0,0.0,0.0,4.35,13.96,5.31,82.12
2023-03-26,10.61,4.5,0.0,4.5,5.49,16.45,6.39,78.03
2023-03-27,12.6,2.4,0.0,2.4,8.4,17.53,7.2,73.02
2023-03-28,11.63,5.8,0.0,5.8,7.83,19.54,10.85,71.34
2023-03-29,5.73,18.1,0.0,18.1,3.46,8.83,14.85,80.23
2023-03-30,3.48,2.73,0.0,2.73,0.92,7.11,7.42,73.52
2023-03-31,4.72,1.98,0.0,1.98,-0.71,9.81,6.02,63.61
2023-04-01,10.62,0.0,0.0,0.0,3.01,17.97,7.75,59.93
2023-04-02,13.59,1.32,0.0,1.32,8.22,18.39,5.89,68.14
2023-04-03,13.97,1.6,0.0,1.6,10.67,17.98,5.76,74.97
2023-04-04,14.86,2.38,0.0,2.38,8.87,22.22,8.0,69.5
2023-04-05,12.92,7.17,0.0,7.17,8.14,17.01,9.77,71.62
2023-04-06,9.37,9.63,0.0,9.63,6.84,12.21,8.68,85.86
2023-04-07,9.16,5.21,0.0,5.21,6.37,12.52,6.91,87.65
2023-04-08,10.05,4.6,0.0,4.6,6.63,14.09,6.05,81.88
2023-04-09,10.7,0.0,0.0,0.0,5.68,15.12,7.38,78.23
2023-04-10,11.35,4.89,0.0,4.89,9.2,13.76,4.68,85.3
2023-04-11,11.33,4.31,0.0,4.31,8.86,13.88,5.35,86.51
2023-04-12,10.81,5.35,0.0,5.35,8.03,14.82,6.17,83.24
2023-04-13,10.86,3.03,0.0,3.03,7.94,15.02,6.11,81.52
2023-04-14,13.89,1.19,0.0,1.19,6.39,20.25,5.66,65.06
2023-04-15,16.02,0.0,0.0,0.0,8.62,23.26,5.28,58.92
2023-04-16,15.0,1.8,0.0,1.8,9.67,20.82,5.76,70.45
2023-04-17,16.29,0.22,0.0,0.22,9.67,20.93,5.12,75.18
2023-04-18,16.38,0.4,0.0,0.4,11.9,23.39,7.38,68.77
2023-04-19,14.9,3.16,0.0,3.16,10.42,21.23,8.29,78.01
2023-04-20,12.04,8.05,0.0,8.05,10.36,15.39,7.32,87.05
2023-04-21,12.23,2.5,0.0,2.5,8.92,16.25,5.89,79.72
2023-04-22,12.29,1.29,0.0,1.29,7.66,16.47,8.4,75.75
2023-04-23,11.26,1.93,0.0,1.93,8.38,14.68,7.81,81.49
2023-04-24,10.63,5.91,0.0,5.91,7.92,12.91,7.97,83.5
2023-04-25,12.58,0.17,0.0,0.17,6.14,19.3,5.48,77.8
2023-04-26,15.01,0.22,0.0,0.22,9.91,20.66,5.7,72.48
2023-04-27,14.18,5.24,0.0,5.24,11.38,18.0,8.82,80.14
2023-04-28,11.4,13.6,0.0,13.6,9.4,14.04,10.1,86.88
2023-04-29,10.43,3.39,0.0,3.39,8.67,13.18,7.79,79.96
2023-04-30,11.62,3.15,0.0,3.15,9.25,14.97,4.63,77.24
2023-05-01,11.85,0.53,0.0,0.53,8.43,15.47,6.44,69.93
2023-05-02,11.45,0.09,0.0,0.09,6.19,16.62,8.1,69.36
2023-05-03,12.7,0.0,0.0,0.0,6.02,18.29,6.1,67.56
2023-05-04,13.86,0.0,0.0,0.0,7.32,20.78,7.33,72.6
2023-05-05,14.51,0.0,0.0,0.0,8.94,20.04,8.08,72.16
2023-05-06,13.88,8.39,0.0,8.39,10.65,17.99,6.57,71.67
2023-05-07,13.65,5.27,0.0,5.27,10.52,16.9,6.45,83.61
2023-05-08,13.65,4.4,0.0,4.4,12.32,16.87,7.23,85.34
2023-05-09,13.34,2.73,0.0,2.73,9.93,17.89,7.74,84.04
2023-05-10,12.11,1.82,0.0,1.82,11.02,14.45,12.08,84.46
2023-05-11,11.46,6.47,0.0,6.47,9.67,13.84,12.98,82.5
2023-05-12,12.52,1.28,0.0,1.28,10.83,15.11,13.46,80.57
2023-05-13,13.35,0.0,0.0,0.0,10.88,16.49,6.31,78.4
2023-05-14,13.98,0.59,0.0,0.59,9.16,19.4,7.65,68.83
2023-05-15,15.2,0.0,0.0,0.0,7.72,21.28,6.54,60.66
2023-05-16,16.39,0.0,0.0,0.0,9.38,21.95,6.87,61.64
2023-05-17,16.68,0.09,0.0,0.09,10.5,23.24,9.76,64.63
2023-05-18,16.47,5.27,0.0,5.27,10.97,22.47,7.27,75.73
2023-05-19,16.01,5.8,0.0,5.8,12.05,19.96,8.55,83.41
2023-05-20,15.94,0.53,0.0,0.53,11.96,20.61,9.98,81.95
2023-05-21,15.98,2.59,0.0,2.59,12.32,20.65,5.93,83.27
2023-05-22,16.34,2.51,0.0,2.51,12.82,20.91,4.58,87.42
2023-05-23,16.32,6.65,0.0,6.65,13.28,20.92,4.05,88.72
2023-05-24,17.21,1.1,0.0,1.1,13.24,21.9,4.17,84.98
2023-05-25,16.71,1.8,0.0,1.8,13.27,22.2,5.24,86.36
2023-05-26,17.73,1.35,0.0,1.35,14.08,21.8,5.75,84.46
2023-05-27,18.62,0.13,0.0,0.13,13.47,23.81,5.02,79.57
2023-05-28,19.04,2.22,0.0,2.22,15.63,23.69,5.16,82.35
2023-05-29,19.22,0.96,0.0,0.96,15.13,23.83,5.39,80.8
2023-05-30,18.56,5.76,0.0,5.76,15.08,21.96,4.95,84.1
2023-05-31,18.53,15.5,0.0,15.5,15.67,21.97,4.6,85.41
2023-06-01,18.75,0.29,0.0,0.29,14.2,23.28,8.1,76.39
2023-06-02,20.08,0.0,0.0,0.0,15.24,24.95,4.54,74.27
2023-06-03,20.06,4.01,0.0,4.01,15.67,25.94,6.07,82.93
2023-06-04,18.88,12.59,0.0,12.59,16.14,23.3,5.97,87.37
2023-06-05,17.88,18.24,0.0,18.24,16.43,21.15,7.78,88.88
2023-06-06,18.59,8.16,0.0,8.16,16.69,21.93,9.41,81.36
2023-06-07,18.86,0.0,0.0,0.0,12.16,24.31,5.86,72.06
2023-06-08,19.68,0.0,0.0,0.0,12.78,25.77,6.54,74.57
2023-06-09,19.64,3.4,0.0,3.4,17.12,23.83,5.73,83.74
2023-06-10,20.04,0.37,0.0,0.37,16.17,23.88,6.65,80.49
2023-06-11,20.31,0.67,0.0,0.67,14.89,25.63,4.99,79.29
2023-06-12,20.47,7.31,0.0,7.31,17.77,23.37,4.68,82.27
2023-06-13,19.64,20.88,0.0,20.88,17.71,21.8,6.86,85.09
2023-06-14,20.34,0.74,0.0,0.74,17.97,23.15,10.57,80.63
2023-06-15,20.87,0.0,0.0,0.0,17.18,24.72,8.72,73.87
2023-06-16,21.91,0.26,0.0,0.26,15.59,27.3,5.86,72.86
2023-06-17,22.11,2.38,0.0,2.38,16.93,28.06,8.87,76.83
2023-06-18,20.87,8.74,0.0,8.74,17.3,25.53,8.83,78.61
2023-06-19,21.02,0.49,0.0,0.49,17.52,25.38,7.3,80.8
2023-06-20,21.15,16.84,0.0,16.84,17.87,25.07,7.0,83.75
2023-06-21,21.69,0.08,0.0,0.08,17.75,25.75,10.75,74.01
2023-06-22,21.8,0.62,0.0,0.62,15.6,26.38,9.86,71.71
2023-06-23,21.77,0.0,0.0,0.0,16.77,26.58,11.14,68.74
2023-06-24,22.06,0.0,0.0,0.0,14.39,28.13,6.8,65.23
2023-06-25,22.93,0.0,0.0,0.0,16.67,28.81,8.12,69.62
2023-06-26,22.6,0.0,0.0,0.0,15.12,28.49,8.95,70.21
2023-06-27,23.27,0.44,0.0,0.44,18.6,27.83,10.9,70.03
2023-06-28,23.59,0.52,0.0,0.52,17.09,28.83,6.48,66.98
2023-06-29,22.58,0.31,0.0,0.31,19.16,27.33,10.65,74.94
2023-06-30,21.09,4.31,0.0,4.31,17.5,24.72,10.96,72.89
2023-07-01,21.96,0.09,0.0,0.09,15.19,27.54,6.94,63.28
2023-07-02,23.4,0.0,0.0,0.0,16.36,29.51,6.94,64.21
2023-07-03,25.18,0.0,0.0,0.0,17.97,31.1,6.84,67.08
2023-07-04,25.67,0.09,0.0,0.09,20.43,30.08,11.18,63.39
2023-07-05,25.36,0.0,0.0,0.0,17.67,31.04,10.41,60.21
2023-07-06,25.6,0.0,0.0,0.0,18.84,30.91,11.13,65.78
2023-07-07,25.22,0.22,0.0,0.22,19.64,29.81,10.81,70.28
2023-07-08,24.45,3.18,0.0,3.18,20.4,30.11,8.08,73.16
2023-07-09,22.21,15.11,0.0,15.11,19.37,26.01,7.01,79.55
2023-07-10,21.84,19.31,0.0,19.31,18.02,26.25,10.9,72.91
2023-07-11,22.21,2.61,0.0,2.61,15.74,27.15,7.22,63.72
2023-07-12,24.23,0.0,0.0,0.0,17.39,29.57,6.3,61.87
2023-07-13,24.34,0.0,0.0,0.0,18.38,28.97,8.02,66.36
2023-07-14,24.91,0.0,0.0,0.0,17.92,31.13,7.98,64.67
2023-07-15,24.61,0.32,0.0,0.32,19.28,29.08,12.14,65.14
2023-07-16,23.96,0.0,0.0,0.0,19.5,27.8,10.73,68.75
2023-07-17,23.54,0.06,0.0,0.06,18.52,28.39,9.62,64.11
2023-07-18,22.86,0.0,0.0,0.0,15.97,28.57,9.19,62.11
2023-07-19,23.56,0.0,0.0,0.0,16.1,29.07,10.05,58.56
2023-07-20,24.31,0.0,0.0,0.0,17.25,29.64,9.77,60.55
2023-07-21,24.99,0.0,0.0,0.0,18.59,30.53,9.02,63.38
2023-07-22,25.51,0.0,0.0,0.0,18.51,31.15,8.44,61.62
2023-07-23,26.41,0.0,0.0,0.0,19.05,32.39,7.41,59.98
2023-07-24,24.28,1.94,0.0,1.94,20.69,28.46,11.79,66.42
2023-07-25,23.24,8.82,0.0,8.82,16.82,28.19,8.39,66.64
2023-07-26,24.41,0.0,0.0,0.0,17.11,31.11,6.54,63.05
2023-07-27,26.66,0.0,0.0,0.0,18.88,34.95,8.16,58.8
2023-07-28,22.9,0.15,0.0,0.15,20.47,27.6,14.15,63.16
2023-07-29,22.25,0.0,0.0,0.0,15.72,26.98,11.82,61.94
2023-07-30,22.45,0.03,0.0,0.03,17.41,26.65,11.66,65.39
2023-07-31,22.82,0.0,0.0,0.0,14.92,28.84,7.9,65.62
2023-08-01,24.05,0.0,0.0,0.0,17.37,30.28,7.35,69.71
2023-08-02,25.43,0.08,0.0,0.08,19.66,30.91,8.36,72.05
2023-08-03,25.64,0.0,0.0,0.0,20.08,30.75,10.25,68.75
2023-08-04,25.47,0.0,0.0,0.0,18.95,30.63,9.14,63.75
2023-08-05,25.55,0.0,0.0,0.0,18.61,31.44,9.9,67.23
2023-08-06,27.36,0.0,0.0,0.0,20.01,34.53,5.92,67.3
2023-08-07,27.39,0.0,0.0,0.0,22.91,32.45,13.27,61.46
2023-08-08,25.85,0.0,0.0,0.0,20.83,30.92,12.4,67.79
2023-08-09,24.62,2.99,0.0,2.99,22.13,27.71,16.68,66.19
2023-08-10,25.22,0.12,0.0,0.12,21.74,29.97,10.65,69.76
2023-08-11,25.57,0.0,0.0,0.0,21.97,29.01,15.41,72.72
2023-08-12,24.75,0.0,0.0,0.0,22.43,27.56,15.6,70.45
2023-08-13,25.53,0.0,0.0,0.0,20.29,30.77,11.02,71.23
2023-08-14,27.54,0.0,0.0,0.0,21.22,33.38,9.19,69.92
2023-08-15,27.77,0.0,0.0,0.0,20.55,34.39,8.19,65.81
2023-08-16,26.72,0.0,0.0,0.0,20.23,32.04,8.93,69.15
2023-08-17,26.38,0.0,0.0,0.0,19.77,32.8,8.13,68.08
2023-08-18,27.0,0.0,0.0,0.0,20.7,32.69,9.41,65.82
2023-08-19,26.74,0.0,0.0,0.0,21.56,32.71,8.65,68.69
2023-08-20,25.25,0.0,0.0,0.0,17.99,31.3,9.07,63.7
2023-08-21,25.42,0.0,0.0,0.0,18.95,31.05,8.84,65.32
2023-08-22,26.32,0.0,0.0,0.0,19.41,32.73,7.34,56.94
2023-08-23,25.42,0.0,0.0,0.0,17.88,31.32,7.97,56.73
2023-08-24,25.61,0.0,0.0,0.0,19.9,30.84,9.12,63.12
2023-08-25,24.33,0.0,0.0,0.0,18.51,29.93,8.64,61.33
2023-08-26,24.18,0.0,0.0,0.0,17.18,30.37,9.73,59.15
2023-08-27,24.58,0.0,0.0,0.0,18.76,29.72,11.32,66.65
2023-08-28,24.66,0.0,0.0,0.0,19.82,29.19,11.43,66.08
2023-08-29,25.14,0.12,0.0,0.12,19.27,31.15,9.38,63.12
2023-08-30,26.65,0.0,0.0,0.0,19.5,33.32,6.13,59.65
2023-08-31,27.1,0.0,0.0,0.0,20.44,33.74,6.14,59.53
2023-09-01,26.05,0.66,0.0,0.66,22.05,31.01,12.3,66.67
2023-09-02,25.38,0.41,0.0,0.41,21.07,29.2,12.68,71.27
2023-09-03,23.23,5.91,0.0,5.91,21.22,26.14,12.15,76.66
2023-09-04,23.45,19.52,0.0,19.52,18.67,27.89,9.97,71.39
2023-09-05,24.05,0.0,0.0,0.0,19.63,28.32,10.16,73.23
2023-09-06,24.09,0.0,0.0,0.0,20.38,27.76,10.75,74.99
2023-09-07,23.45,0.06,0.0,0.06,19.78,28.45,10.11,70.41
2023-09-08,22.07,0.0,0.0,0.0,17.6,27.35,11.01,66.01
2023-09-09,20.7,0.0,0.0,0.0,15.3,26.14,9.7,61.4
2023-09-10,18.75,0.17,0.0,0.17,14.97,23.1,10.48,64.72
2023-09-11,18.36,0.0,0.0,0.0,12.67,24.12,8.14,62.49
2023-09-12,18.29,2.28,0.0,2.28,12.88,23.51,7.91,65.12
2023-09-13,19.12,0.39,0.0,0.39,12.63,24.8,6.54,63.73
2023-09-14,18.98,0.0,0.0,0.0,12.53,25.13,7.39,62.51
2023-09-15,20.09,0.0,0.0,0.0,13.68,25.54,8.68,64.57
2023-09-16,20.36,0.09,0.0,0.09,14.05,26.27,8.51,66.99
2023-09-17,20.09,1.78,0.0,1.78,15.77,24.98,10.84,69.88
2023-09-18,19.12,0.0,0.0,0.0,13.31,24.08,11.1,65.48
2023-09-19,19.39,0.0,0.0,0.0,13.17,24.58,10.02,67.05
2023-09-20,20.11,0.0,0.0,0.0,14.18,25.77,7.49,70.35
2023-09-21,20.27,0.0,0.0,0.0,13.79,26.39,5.82,70.19
2023-09-22,21.29,0.0,0.0,0.0,14.76,27.93,4.58,70.17
2023-09-23,22.09,0.0,0.0,0.0,15.97,28.55,6.41,68.26
2023-09-24,21.63,0.0,0.0,0.0,15.01,27.93,7.02,68.41
2023-09-25,21.47,0.15,0.0,0.15,15.38,26.73,9.18,73.34
2023-09-26,21.33,0.0,0.0,0.0,16.28,26.46,8.72,73.54
2023-09-27,20.91,0.0,0.0,0.0,15.16,26.43,4.69,72.51
2023-09-28,21.78,0.0,0.0,0.0,15.82,28.33,5.01,72.42
2023-09-29,22.1,0.86,0.0,0.86,17.57,26.78,8.05,74.78
2023-09-30,22.04,0.27,0.0,0.27,18.76,26.14,7.71,75.96
2023-10-01,19.07,19.23,0.0,19.23,17.28,21.56,3.82,84.87
2023-10-02,19.26,15.33,0.0,15.33,16.59,22.7,7.51,80.09
2023-10-03,17.62,2.97,0.0,2.97,15.33,21.1,8.54,71.23
2023-10-04,16.19,0.0,0.0,0.0,11.18,21.35,4.2,66.32
2023-10-05,16.69,0.0,0.0,0.0,10.64,22.54,4.89,68.81
2023-10-06,17.27,0.0,0.0,0.0,11.68,23.14,4.82,70.43
2023-10-07,17.58,1.69,0.0,1.69,12.07,23.01,3.29,69.53
2023-10-08,18.36,0.0,0.0,0.0,11.94,25.7,3.41,66.26
2023-10-09,14.7,6.19,0.0,6.19,11.81,18.0,9.98,71.84
2023-10-10,15.5,1.22,0.0,1.22,11.51,20.26,4.02,69.6
2023-10-11,14.13,1.31,0.0,1.31,11.52,17.05,10.96,73.14
2023-10-12,14.07,3.15,0.0,3.15,9.13,19.3,5.2,67.25
2023-10-13,15.43,0.0,0.0,0.0,8.64,22.15,4.06,67.03
2023-10-14,15.99,0.0,0.0,0.0,10.0,23.01,3.98,67.71
2023-10-15,16.77,0.0,0.0,0.0,11.0,21.64,3.19,69.26
2023-10-16,18.29,0.61,0.0,0.61,15.33,23.88,8.91,70.04
2023-10-17,13.95,9.16,0.0,9.16,12.16,16.3,14.56,73.65
2023-10-18,12.9,11.5,0.0,11.5,11.18,14.61,5.3,84.29
2023-10-19,14.9,20.69,0.0,20.69,11.46,18.88,4.38,78.63
2023-10-20,17.03,0.0,0.0,0.0,9.95,25.18,5.45,65.9
2023-10-21,19.1,0.0,0.0,0.0,11.74,26.21,3.12,56.76
2023-10-22,19.04,0.0,0.0,0.0,14.34,24.12,1.68,64.86
2023-10-23,19.82,0.0,0.0,0.0,15.52,24.68,2.43,65.67
2023-10-24,18.92,0.0,0.0,0.0,14.96,25.09,4.9,66.85
2023-10-25,17.89,0.0,0.0,0.0,12.37,24.02,2.95,72.09
2023-10-26,20.68,0.0,0.0,0.0,15.78,27.29,4.14,53.21
2023-10-27,20.5,0.0,0.0,0.0,15.41,27.47,5.27,51.18
2023-10-28,21.5,0.0,0.0,0.0,16.2,28.4,6.51,48.57
2023-10-29,19.11,0.0,0.0,0.0,14.05,24.53,4.91,66.24
2023-10-30,19.02,0.0,0.0,0.0,15.03,23.79,7.13,73.36
2023-10-31,17.63,0.0,0.0,0.0,12.98,23.96,2.8,77.04
2023-11-01,19.24,0.76,0.0,0.76,14.02,24.49,2.32,68.46
2023-11-02,19.07,0.44,0.0,0.44,14.78,23.06,5.11,75.45
2023-11-03,18.96,0.08,0.0,0.08,14.95,22.79,8.49,64.85
2023-11-04,20.9,0.0,0.0,0.0,13.2,28.11,4.54,57.95
2023-11-05,19.4,0.0,0.0,0.0,14.25,26.63,6.21,59.49
2023-11-06,20.89,0.05,0.0,0.05,16.58,24.38,9.68,58.31
2023-11-07,18.27,0.48,0.0,0.48,13.92,23.6,3.97,64.27
2023-11-08,16.84,0.0,0.0,0.0,11.35,24.33,3.16,60.67
2023-11-09,15.37,5.86,0.0,5.86,11.46,21.59,8.32,67.81
2023-11-10,14.66,0.0,0.0,0.0,11.49,18.27,7.5,71.84
2023-11-11,18.17,0.0,0.0,0.0,11.14,25.88,5.02,63.6
2023-11-12,18.68,3.77,0.0,3.77,15.21,22.52,8.43,60.41
2023-11-13,16.36,1.25,0.0,1.25,13.84,18.94,5.35,82.48
2023-11-14,14.7,8.39,0.0,8.39,11.63,17.93,8.13,77.82
2023-11-15,15.45,0.17,0.0,0.17,9.35,21.4,7.12,65.35
2023-11-16,12.91,10.54,0.0,10.54,10.38,17.27,6.15,77.66
2023-11-17,11.86,10.1,0.0,10.1,6.53,16.02,4.6,73.66
2023-11-18,14.21,1.12,0.0,1.12,8.81,18.52,4.28,64.95
2023-11-19,11.7,5.99,0.0,5.99,9.92,13.99,14.43,60.03
2023-11-20,9.6,5.21,0.0,5.21,6.91,13.07,10.58,64.07
2023-11-21,10.21,5.33,0.0,5.33,6.66,14.27,8.32,66.62
2023-11-22,13.76,1.25,0.0,1.25,7.03,20.08,6.71,55.57
2023-11-23,12.27,2.6,0.0,2.6,9.32,16.66,7.14,71.65
2023-11-24,14.5,1.3,0.0,1.3,8.03,20.4,6.6,72.88
2023-11-25,16.25,5.54,0.0,5.54,13.22,18.57,10.37,62.65
2023-11-26,14.5,9.27,0.0,9.27,9.24,22.84,16.48,60.13
2023-11-27,6.71,2.54,0.0,2.54,4.2,9.74,9.78,58.65
2023-11-28,6.61,0.0,0.0,0.0,1.7,10.88,9.81,48.23
2023-11-29,12.66,0.08,0.0,0.08,7.27,17.05,8.34,51.84
2023-11-30,13.45,1.1,0.0,1.1,10.22,16.74,5.92,71.36
2023-12-01,15.17,0.0,0.0,0.0,9.41,22.21,6.81,66.92
2023-12-02,16.93,0.0,0.0,0.0,11.69,22.84,7.26,57.41
2023-12-03,16.4,0.0,0.0,0.0,12.78,22.69,6.06,54.88
2023-12-04,12.74,0.8,0.0,0.8,8.71,19.0,4.77,70.87
2023-12-05,10.65,3.68,0.0,3.68,9.3,12.14,10.06,82.89
2023-12-06,10.95,3.04,0.0,3.04,7.37,13.89,3.72,82.44
2023-12-07,11.73,0.18,0.0,0.18,8.03,16.5,2.97,80.44
2023-12-08,11.48,1.09,0.0,1.09,8.77,14.53,2.23,79.95
2023-12-09,11.78,5.38,0.0,5.38,10.58,13.53,2.86,93.12
2023-12-10,11.17,6.24,0.0,6.24,8.72,13.29,9.54,76.64
2023-12-11,10.21,0.04,0.0,0.04,6.98,13.71,2.21,81.35
2023-12-12,10.74,3.75,0.0,3.75,9.54,12.44,2.61,89.76
2023-12-13,9.5,6.01,0.0,6.01,6.67,12.75,3.77,82.58
2023-12-14,11.51,0.08,0.0,0.08,5.93,15.76,6.81,64.43
2023-12-15,13.1,0.0,0.0,0.0,8.88,18.49,5.6,62.11
2023-12-16,9.58,4.9,0.0,4.9,7.05,13.59,9.19,84.43
2023-12-17,5.71,8.99,0.0,8.99,3.29,7.7,10.25,81.61
2023-12-18,5.76,0.75,0.0,0.75,1.66,8.8,2.39,74.04
2023-12-19,8.37,0.0,0.0,0.0,5.87,10.41,2.11,75.42
2023-12-20,9.39,0.0,0.0,0.0,4.53,14.71,5.25,69.47
2023-12-21,9.68,0.36,0.0,0.36,6.81,12.12,4.96,66.18
2023-12-22,10.57,0.18,0.0,0.18,8.49,13.87,6.46,71.56
2023-12-23,10.5,4.24,0.0,4.24,6.84,14.6,14.02,61.59
2023-12-24,6.45,11.6,0.0,11.6,4.22,8.94,12.36,73.93
2023-12-25,11.71,3.6,0.0,3.6,5.19,16.56,7.61,61.81
2023-12-26,12.46,0.0,0.0,0.0,9.64,18.22,6.87,61.81
2023-12-27,10.73,1.79,0.0,1.79,6.12,17.49,5.03,72.95
2023-12-28,8.64,0.0,0.0,0.0,5.71,12.96,3.56,77.61
2023-12-29,8.51,0.0,0.0,0.0,4.21,13.96,3.68,75.44
2023-12-30,8.34,0.0,0.0,0.0,4.2,13.49,3.91,68.01
2023-12-31,8.62,0.0,0.0,0.0,5.05,12.47,3.8,75.2
2024-01-01,10.45,0.0,0.0,0.0,5.93,15.61,4.05,75.33
2024-01-02,11.02,0.09,0.0,0.09,8.59,14.0,4.85,71.41
2024-01-03,11.29,1.03,0.0,1.03,8.03,13.43,6.47,79.0
2024-01-04,12.97,0.98,0.0,0.98,10.53,16.49,6.4,68.46
2024-01-05,11.19,2.82,0.0,2.82,7.28,15.19,9.04,72.99
2024-01-06,10.26,0.0,0.0,0.0,4.44,15.45,6.46,59.53
2024-01-07,11.97,0.0,0.0,0.0,6.86,17.12,7.41,52.0
2024-01-08,12.84,5.55,0.0,5.55,10.43,17.53,6.32,67.66
2024-01-09,8.97,0.8,0.0,0.8,6.65,12.91,13.25,85.05
2024-01-10,5.3,2.37,0.0,2.37,4.27,7.02,18.43,75.43
2024-01-11,4.62,0.34,0.0,0.34,2.82,6.63,9.09,65.63
2024-01-12,4.08,0.9,0.0,0.9,1.3,7.6,7.43,72.71
2024-01-13,1.11,3.35,3.35,0.0,-1.03,3.31,8.03,73.82
2024-01-14,1.99,3.15,3.15,0.0,-3.25,7.49,5.76,62.81
2024-01-15,6.25,0.13,0.0,0.13,-0.25,13.06,7.82,53.9
2024-01-16,11.65,2.59,0.0,2.59,7.05,15.57,12.01,62.26
2024-01-17,8.2,1.09,0.0,1.09,5.08,10.86,8.88,77.18
2024-01-18,11.31,0.0,0.0,0.0,4.74,16.32,6.89,69.6
2024-01-19,14.92,0.26,0.0,0.26,11.47,18.96,10.62,62.32
2024-01-20,12.56,3.17,0.0,3.17,8.0,18.38,7.98,71.45
2024-01-21,5.98,19.38,0.0,19.38,3.78,9.73,16.43,80.97
2024-01-22,4.04,1.56,0.0,1.56,2.07,6.84,11.41,68.27
2024-01-23,3.07,0.59,0.0,0.59,-0.23,7.04,4.91,68.73
2024-01-24,3.76,0.09,0.0,0.09,0.62,8.17,4.11,70.5
2024-01-25,4.35,0.0,0.0,0.0,-0.19,7.71,5.35,64.37
2024-01-26,6.01,0.26,0.0,0.26,3.38,9.67,5.36,71.52
2024-01-27,4.76,6.15,0.0,6.15,1.7,7.91,6.96,76.95
2024-01-28,4.17,7.7,0.0,7.7,1.3,8.13,4.65,78.22
2024-01-29,3.87,7.2,0.0,7.2,1.81,7.15,7.19,78.63
2024-01-30,4.09,1.95,0.0,1.95,2.28,6.58,10.34,76.86
2024-01-31,5.32,1.71,0.0,1.71,2.29,9.01,11.95,74.45
2024-02-01,4.55,2.24,0.0,2.24,1.79,8.73,4.68,76.61
2024-02-02,4.68,0.0,0.0,0.0,-1.0,9.44,5.02,74.9
2024-02-03,6.48,0.28,0.0,0.28,4.17,9.53,5.27,70.95
2024-02-04,7.33,0.0,0.0,0.0,3.81,10.97,3.63,64.36
2024-02-05,10.13,0.08,0.0,0.08,5.43,14.32,8.27,62.49
2024-02-06,10.98,0.76,0.0,0.76,7.66,15.73,9.33,62.65
2024-02-07,12.46,0.0,0.0,0.0,5.99,21.28,8.72,51.96
2024-02-08,12.38,0.0,0.0,0.0,6.64,18.32,8.73,57.28
2024-02-09,12.79,0.0,0.0,0.0,8.27,19.14,5.98,61.99
2024-02-10,13.96,0.0,0.0,0.0,7.01,20.56,10.75,53.57
2024-02-11,15.04,0.0,0.0,0.0,10.32,21.06,8.88,47.41
2024-02-12,15.68,0.0,0.0,0.0,10.34,22.09,7.43,45.26
2024-02-13,15.03,0.13,0.0,0.13,10.6,20.61,6.51,52.48
2024-02-14,11.37,0.5,0.0,0.5,9.75,15.06,10.28,78.65
2024-02-15,9.82,2.77,0.0,2.77,8.84,11.59,6.14,89.14
2024-02-16,9.7,2.48,0.0,2.48,7.51,12.26,8.63,84.74
2024-02-17,8.48,1.05,0.0,1.05,6.96,9.96,9.19,84.17
2024-02-18,7.45,1.76,0.0,1.76,6.08,9.3,10.72,83.88
2024-02-19,7.23,0.26,0.0,0.26,5.61,8.82,9.78,76.13
2024-02-20,7.7,0.39,0.0,0.39,5.08,11.44,5.15,74.29
2024-02-21,8.38,0.0,0.0,0.0,5.56,12.48,4.95,71.02
2024-02-22,7.33,0.62,0.0,0.62,4.19,9.76,6.09,76.19
2024-02-23,7.92,0.59,0.0,0.59,2.26,14.69,6.05,64.99
2024-02-24,9.17,0.0,0.0,0.0,3.78,15.72,5.51,65.49
2024-02-25,8.8,0.0,0.0,0.0,3.1,14.76,5.05,70.71
2024-02-26,9.34,0.0,0.0,0.0,3.87,15.36,5.13,71.12
2024-02-27,10.18,0.0,0.0,0.0,4.7,15.2,5.8,64.79
2024-02-28,8.93,0.0,0.0,0.0,3.77,15.32,5.19,65.97
2024-02-29,8.66,0.0,0.0,0.0,2.08,15.72,4.68,60.35
2024-03-01,8.84,0.0,0.0,0.0,4.11,13.78,4.72,68.57
2024-03-02,10.38,0.04,0.0,0.04,5.64,15.38,4.68,70.91
2024-03-03,10.92,2.61,0.0,2.61,8.13,14.63,7.21,74.88
2024-03-04,10.1,1.71,0.0,1.71,7.54,12.9,4.04,84.61
2024-03-05,10.59,0.0,0.0,0.0,5.07,16.17,5.69,79.65
2024-03-06,10.79,4.03,0.0,4.03,8.41,13.55,10.17,74.4
2024-03-07,8.08,2.82,0.0,2.82,6.38,9.71,7.34,80.16
2024-03-08,8.62,0.39,0.0,0.39,6.11,12.39,5.28,79.49
2024-03-09,7.14,0.27,0.0,0.27,5.67,8.49,12.08,80.19
2024-03-10,7.29,0.97,0.0,0.97,3.82,10.61,3.9,71.82
2024-03-11,8.66,0.0,0.0,0.0,2.5,14.75,5.03,71.37
2024-03-12,11.04,0.0,0.0,0.0,4.77,18.48,7.43,68.98
2024-03-13,13.0,0.13,0.0,0.13,7.99,17.5,6.71,58.88
2024-03-14,11.25,0.85,0.0,0.85,8.81,14.52,5.88,77.65
2024-03-15,9.2,1.14,0.0,1.14,5.3,13.84,5.46,83.03
2024-03-16,9.05,2.94,0.0,2.94,7.56,11.07,9.04,84.93
2024-03-17,9.76,1.83,0.0,1.83,7.11,13.67,6.47,78.98
2024-03-18,9.6,0.0,0.0,0.0,5.01,15.43,8.05,76.48
2024-03-19,9.38,0.0,0.0,0.0,6.05,13.68,10.54,70.62
2024-03-20,8.4,0.0,0.0,0.0,2.44,13.66,8.01,70.75
2024-03-21,6.39,4.46,0.0,4.46,5.32,7.54,14.1,80.79
2024-03-22,6.28,4.97,0.0,4.97,4.11,9.11,6.71,79.3
2024-03-23,6.47,10.73,0.0,10.73,4.35,8.49,9.85,82.91
2024-03-24,8.39,0.66,0.0,0.66,2.92,14.05,5.42,71.81
2024-03-25,10.67,1.66,0.0,1.66,3.49,19.26,8.43,61.85
2024-03-26,10.18,5.81,0.0,5.81,5.63,14.37,11.73,61.0
2024-03-27,9.42,0.0,0.0,0.0,4.28,13.82,5.99,64.79
2024-03-28,13.59,0.03,0.0,0.03,7.25,20.74,7.72,67.83
2024-03-29,14.98,2.4,0.0,2.4,11.19,21.21,5.43,71.1
2024-03-30,15.38,0.0,0.0,0.0,10.11,21.18,5.39,66.88
2024-03-31,15.94,0.0,0.0,0.0,9.86,22.08,6.43,66.09
2024-04-01,16.54,0.0,0.0,0.0,10.1,23.82,5.02,62.67
2024-04-02,16.75,0.0,0.0,0.0,10.91,24.9,4.55,58.65
2024-04-03,16.13,0.46,0.0,0.46,11.34,23.11,12.69,58.61
2024-04-04,13.66,0.0,0.0,0.0,8.32,19.38,6.6,61.72
2024-04-05,12.65,0.59,0.0,0.59,9.87,16.24,12.69,69.96
2024-04-06,11.5,0.15,0.0,0.15,5.0,17.38,8.62,64.63
2024-04-07,11.12,0.0,0.0,0.0,5.78,15.93,12.19,66.75
2024-04-08,13.21,0.54,0.0,0.54,8.82,18.09,13.22,67.97
2024-04-09,12.96,0.0,0.0,0.0,7.77,18.3,10.2,73.5
2024-04-10,13.6,0.54,0.0,0.54,9.89,18.33,10.06,72.43
2024-04-11,14.06,0.82,0.0,0.82,10.82,17.15,9.05,79.57
2024-04-12,13.93,0.15,0.0,0.15,12.04,16.3,6.75,79.85
2024-04-13,14.64,0.0,0.0,0.0,10.82,19.79,7.89,76.11
2024-04-14,14.78,0.0,0.0,0.0,9.99,19.55,9.79,67.47
2024-04-15,15.78,0.0,0.0,0.0,8.4,22.61,5.83,57.94
2024-04-16,20.65,0.0,0.0,0.0,10.06,30.07,7.88,44.51
2024-04-17,21.16,0.0,0.0,0.0,13.14,30.21,5.89,41.96
2024-04-18,22.73,0.09,0.0,0.09,15.59,32.45,16.07,37.97
2024-04-19,16.28,0.0,0.0,0.0,13.6,20.99,15.58,70.95
2024-04-20,16.37,1.31,0.0,1.31,12.77,23.2,10.94,70.81
2024-04-21,15.18,0.0,0.0,0.0,11.65,20.45,14.25,63.63
2024-04-22,15.56,0.0,0.0,0.0,8.89,22.76,10.01,66.21
2024-04-23,16.73,0.0,0.0,0.0,10.51,23.63,6.19,60.28
2024-04-24,21.22,0.0,0.0,0.0,13.35,27.62,7.51,54.41
2024-04-25,24.11,0.0,0.0,0.0,16.97,31.62,5.01,40.2
2024-04-26,20.02,0.15,0.0,0.15,15.67,26.67,10.84,57.15
2024-04-27,16.88,0.0,0.0,0.0,14.15,20.93,12.68,74.86
2024-04-28,17.86,0.89,0.0,0.89,13.55,23.33,8.67,77.99
2024-04-29,16.46,1.72,0.0,1.72,14.66,19.94,10.48,85.53
2024-04-30,15.89,1.64,0.0,1.64,13.36,20.09,10.51,85.29
2024-05-01,16.01,2.23,0.0,2.23,13.72,20.46,10.26,80.12
2024-05-02,14.18,7.9,0.0,7.9,13.09,15.95,8.48,87.46
2024-05-03,13.96,11.14,0.0,11.14,12.68,15.56,5.58,90.46
2024-05-04,13.93,4.85,0.0,4.85,12.13,16.22,8.53,86.05
2024-05-05,12.9,6.44,0.0,6.44,9.33,16.26,16.54,70.06
2024-05-06,11.55,0.0,0.0,0.0,6.12,16.21,9.86,64.63
2024-05-07,13.47,0.0,0.0,0.0,7.21,19.42,4.8,63.45
2024-05-08,16.32,0.0,0.0,0.0,8.68,22.79,6.3,59.47
2024-05-09,16.79,0.18,0.0,0.18,9.75,22.91,6.57,60.57
2024-05-10,16.94,0.85,0.0,0.85,11.77,22.39,11.87,67.67
2024-05-11,16.24,4.23,0.0,4.23,13.09,21.12,11.93,75.97
2024-05-12,14.83,7.51,0.0,7.51,12.53,18.22,10.59,71.68
2024-05-13,13.71,0.04,0.0,0.04,9.38,19.08,11.36,71.59
2024-05-14,11.77,1.76,0.0,1.76,8.63,15.38,7.55,71.17
2024-05-15,13.07,0.0,0.0,0.0,7.2,18.74,9.02,66.88
2024-05-16,13.45,2.02,0.0,2.02,10.32,17.91,9.07,69.36
2024-05-17,14.26,0.59,0.0,0.59,7.64,19.46,7.2,69.64
2024-05-18,16.62,0.0,0.0,0.0,10.35,22.64,9.13,67.98
2024-05-19,17.17,0.0,0.0,0.0,12.22,22.1,10.15,67.53
2024-05-20,17.79,0.0,0.0,0.0,13.38,23.12,12.66,59.65
2024-05-21,17.8,0.0,0.0,0.0,11.28,24.06,9.11,56.33
2024-05-22,18.62,0.0,0.0,0.0,10.78,25.82,7.63,59.82
2024-05-23,19.81,0.0,0.0,0.0,13.96,25.49,7.46,66.26
2024-05-24,18.03,2.11,0.0,2.11,14.95,20.87,12.07,74.54
2024-05-25,17.65,1.39,0.0,1.39,15.1,21.16,9.64,76.54
2024-05-26,17.8,0.59,0.0,0.59,12.8,23.03,10.78,72.75
2024-05-27,16.85,1.01,0.0,1.01,11.8,20.96,9.02,75.28
2024-05-28,17.81,4.36,0.0,4.36,15.13,22.18,9.31,76.8
2024-05-29,19.05,3.47,0.0,3.47,13.99,24.14,5.69,76.97
2024-05-30,20.26,3.37,0.0,3.37,15.88,25.77,8.3,76.24
2024-05-31,19.97,0.36,0.0,0.36,15.65,24.92,6.71,75.7
2024-06-01,21.43,0.0,0.0,0.0,14.49,27.67,5.48,65.15
2024-06-02,22.81,0.0,0.0,0.0,16.09,28.68,7.09,61.42
2024-06-03,22.92,0.0,0.0,0.0,16.78,28.8,6.4,63.93
2024-06-04,23.21,0.0,0.0,0.0,16.0,29.91,6.55,62.77
2024-06-05,24.07,0.0,0.0,0.0,17.11,30.96,8.08,63.22
2024-06-06,24.21,0.0,0.0,0.0,17.95,29.78,8.05,63.77
2024-06-07,23.92,0.72,0.0,0.72,19.3,28.29,10.72,62.84
2024-06-08,23.27,0.04,0.0,0.04,19.1,27.92,11.17,62.71
2024-06-09,23.29,0.0,0.0,0.0,16.84,28.35,9.8,62.94
2024-06-10,24.45,0.0,0.0,0.0,16.42,30.37,6.74,58.12
2024-06-11,24.74,0.0,0.0,0.0,17.35,31.04,7.8,56.79
2024-06-12,26.28,0.0,0.0,0.0,18.77,32.7,7.73,56.66
2024-06-13,26.11,0.0,0.0,0.0,20.15,31.81,7.31,59.47
2024-06-14,27.42,0.22,0.0,0.22,20.59,34.53,6.75,62.28
2024-06-15,23.93,0.0,0.0,0.0,19.66,29.11,11.4,65.1
2024-06-16,22.76,0.0,0.0,0.0,18.48,27.81,10.92,68.99
2024-06-17,23.77,0.0,0.0,0.0,18.37,28.49,12.05,67.84
2024-06-18,24.51,0.0,0.0,0.0,20.07,29.44,13.19,69.22
2024-06-19,24.22,0.0,0.0,0.0,17.62,29.31,11.66,65.85
2024-06-20,25.12,0.0,0.0,0.0,18.12,30.59,9.82,65.0
2024-06-21,24.09,0.0,0.0,0.0,19.45,28.52,12.78,63.41
2024-06-22,22.74,0.0,0.0,0.0,16.27,27.98,12.72,61.9
2024-06-23,23.68,0.0,0.0,0.0,16.46,29.94,12.17,62.11
2024-06-24,24.65,0.0,0.0,0.0,16.18,32.03,9.21,62.26
2024-06-25,24.47,0.0,0.0,0.0,18.33,29.66,13.85,68.1
2024-06-26,23.32,0.84,0.0,0.84,19.98,27.61,13.28,66.31
2024-06-27,22.87,0.0,0.0,0.0,15.04,29.23,8.77,58.32
2024-06-28,23.66,0.09,0.0,0.09,16.44,29.93,10.92,57.2
2024-06-29,23.86,0.0,0.0,0.0,17.71,28.24,14.12,62.29
2024-06-30,24.57,0.0,0.0,0.0,20.01,28.81,15.49,61.67
2024-07-01,24.68,0.0,0.0,0.0,19.16,29.81,12.82,63.43
2024-07-02,25.45,0.0,0.0,0.0,19.21,30.83,10.15,57.27
2024-07-03,25.78,0.0,0.0,0.0,17.35,32.3,8.14,58.12
2024-07-04,27.0,0.21,0.0,0.21,22.25,33.85,10.14,62.26
2024-07-05,24.55,1.0,0.0,1.0,21.23,29.55,13.87,70.75
2024-07-06,23.45,1.48,0.0,1.48,20.0,27.84,11.22,74.23
2024-07-07,25.02,10.86,0.0,10.86,20.81,29.17,14.25,69.32
2024-07-08,25.65,0.0,0.0,0.0,21.18,31.04,13.1,72.77
2024-07-09,25.98,0.45,0.0,0.45,20.82,31.32,11.46,71.56
2024-07-10,26.18,0.27,0.0,0.27,21.77,31.32,9.51,72.93
2024-07-11,26.11,0.99,0.0,0.99,21.32,31.65,6.6,73.78
2024-07-12,26.75,0.27,0.0,0.27,21.75,31.7,8.39,71.09
2024-07-13,26.88,0.04,0.0,0.04,21.55,31.32,10.1,71.86
2024-07-14,27.09,0.0,0.0,0.0,22.12,31.74,13.71,64.35
2024-07-15,26.41,0.08,0.0,0.08,21.66,32.06,13.17,56.77
2024-07-16,26.65,1.38,0.0,1.38,22.89,31.65,10.42,67.25
2024-07-17,27.38,0.66,0.0,0.66,21.97,32.39,9.68,69.11
2024-07-18,27.76,0.0,0.0,0.0,23.05,33.04,10.91,70.33
2024-07-19,28.5,0.0,0.0,0.0,22.38,33.34,12.73,62.72
2024-07-20,28.2,0.0,0.0,0.0,21.93,32.99,12.7,64.34
2024-07-21,28.17,0.0,0.0,0.0,22.3,33.59,8.21,65.16
2024-07-22,27.78,0.0,0.0,0.0,22.17,33.35,9.08,65.15
2024-07-23,27.04,0.24,0.0,0.24,21.34,33.09,10.6,65.25
2024-07-24,26.57,0.31,0.0,0.31,22.51,31.24,11.91,67.93
2024-07-25,26.26,0.15,0.0,0.15,20.6,31.73,9.78,64.57
2024-07-26,24.75,3.9,0.0,3.9,21.94,29.42,6.39,71.58
2024-07-27,23.79,11.84,0.0,11.84,19.93,27.7,8.78,72.4
2024-07-28,25.63,0.21,0.0,0.21,20.81,30.46,12.79,62.17
2024-07-29,25.17,0.0,0.0,0.0,17.89,31.54,9.59,56.12
2024-07-30,24.92,0.13,0.0,0.13,18.06,30.46,12.8,58.84
2024-07-31,24.25,0.08,0.0,0.08,19.37,29.49,13.57,61.19
2024-08-01,25.08,0.0,0.0,0.0,20.16,30.12,10.62,61.74
2024-08-02,25.2,0.0,0.0,0.0,17.11,32.52,8.77,62.33
2024-08-03,26.15,0.0,0.0,0.0,18.49,33.09,8.79,60.9
2024-08-04,26.52,0.0,0.0,0.0,18.81,34.23,9.99,61.51
2024-08-05,25.8,0.32,0.0,0.32,19.36,32.69,12.3,65.86
2024-08-06,25.27,0.15,0.0,0.15,20.15,31.39,11.6,70.43
2024-08-07,25.81,0.0,0.0,0.0,19.61,31.7,10.94,68.33
2024-08-08,25.86,0.0,0.0,0.0,19.61,32.33,11.27,66.63
2024-08-09,26.83,0.0,0.0,0.0,21.71,32.92,11.06,65.74
2024-08-10,26.77,0.0,0.0,0.0,19.64,32.67,11.05,62.84
2024-08-11,26.39,0.0,0.0,0.0,19.76,31.54,12.38,61.57
2024-08-12,25.46,0.0,0.0,0.0,19.77,31.02,12.14,64.11
2024-08-13,26.73,0.0,0.0,0.0,20.4,33.1,9.82,63.71
2024-08-14,25.74,0.0,0.0,0.0,17.72,32.57,9.94,60.97
2024-08-15,25.76,0.0,0.0,0.0,20.32,30.96,12.2,61.96
2024-08-16,25.04,0.0,0.0,0.0,19.78,29.93,12.77,56.75
2024-08-17,25.08,0.0,0.0,0.0,17.53,30.39,12.13,56.53
2024-08-18,25.84,0.0,0.0,0.0,18.14,32.48,7.63,61.67
2024-08-19,26.89,0.0,0.0,0.0,19.25,34.08,7.31,62.01
2024-08-20,27.99,0.0,0.0,0.0,19.47,34.97,8.41,61.87
2024-08-21,28.28,0.0,0.0,0.0,21.11,36.29,8.63,65.67
2024-08-22,27.83,0.0,0.0,0.0,23.79,33.91,15.43,65.53
2024-08-23,27.1,0.0,0.0,0.0,22.64,31.81,13.8,67.02
2024-08-24,26.18,1.15,0.0,1.15,21.85,30.98,12.64,64.66
2024-08-25,24.09,5.84,0.0,5.84,20.7,28.36,9.21,70.3
2024-08-26,24.14,6.56,0.0,6.56,19.97,30.02,8.19,70.63
2024-08-27,25.28,0.77,0.0,0.77,18.91,31.3,8.27,71.79
2024-08-28,24.67,0.09,0.0,0.09,21.24,29.16,11.73,69.55
2024-08-29,26.0,0.29,0.0,0.29,21.17,31.92,8.37,69.77
2024-08-30,25.55,0.08,0.0,0.08,21.18,30.82,7.47,71.82
2024-08-31,26.11,0.0,0.0,0.0,21.12,31.62,9.57,69.47
2024-09-01,25.96,0.0,0.0,0.0,19.24,31.86,10.15,70.09
2024-09-02,25.02,0.0,0.0,0.0,20.26,31.28,7.0,73.68
2024-09-03,25.08,0.88,0.0,0.88,19.84,30.67,8.89,71.27
2024-09-04,24.94,0.0,0.0,0.0,19.91,30.73,9.88,70.69
2024-09-05,24.22,0.13,0.0,0.13,19.0,30.06,10.49,69.77
2024-09-06,24.56,0.13,0.0,0.13,18.44,30.74,8.83,70.37
2024-09-07,24.46,0.27,0.0,0.27,18.79,30.51,8.62,71.16
2024-09-08,23.86,0.35,0.0,0.35,19.67,30.32,7.88,72.6
2024-09-09,24.38,1.76,0.0,1.76,19.16,30.32,6.06,74.5
2024-09-10,26.29,0.0,0.0,0.0,19.14,33.11,7.1,67.92
2024-09-11,26.45,0.0,0.0,0.0,19.85,33.81,5.69,60.17
2024-09-12,25.71,0.39,0.0,0.39,20.46,32.62,8.55,64.31
2024-09-13,25.23,0.21,0.0,0.21,20.48,30.99,8.22,69.32
2024-09-14,26.11,0.0,0.0,0.0,19.34,33.57,7.55,65.33
2024-09-15,26.26,0.0,0.0,0.0,19.95,32.71,6.91,67.18
2024-09-16,22.31,2.46,0.0,2.46,19.04,26.37,12.15,70.46
2024-09-17,22.19,4.23,0.0,4.23,15.94,28.23,9.72,66.54
2024-09-18,21.9,0.0,0.0,0.0,16.86,27.78,7.04,70.16
2024-09-19,19.87,9.94,0.0,9.94,17.57,23.76,8.12,81.31
2024-09-20,19.79,3.46,0.0,3.46,15.21,24.99,7.46,74.6
2024-09-21,20.35,11.58,0.0,11.58,15.92,25.23,9.27,69.73
2024-09-22,18.04,10.31,0.0,10.31,14.51,22.7,6.14,76.93
2024-09-23,18.03,16.48,0.0,16.48,15.71,20.33,6.63,84.13
2024-09-24,20.37,18.58,0.0,18.58,15.71,25.81,8.18,73.25
2024-09-25,21.25,4.24,0.0,4.24,14.46,26.9,5.94,72.63
2024-09-26,21.41,0.0,0.0,0.0,14.76,28.47,5.36,73.02
2024-09-27,21.72,0.0,0.0,0.0,15.22,28.61,6.87,71.19
2024-09-28,21.5,0.0,0.0,0.0,14.78,29.27,7.52,67.08
2024-09-29,21.16,0.0,0.0,0.0,13.72,29.29,4.52,64.07
2024-09-30,20.22,4.9,0.0,4.9,14.51,28.34,10.42,69.73
2024-10-01,18.53,10.7,0.0,10.7,14.21,24.43,6.38,70.25
2024-10-02,18.44,0.41,0.0,0.41,14.32,23.18,7.2,66.76
2024-10-03,19.76,1.08,0.0,1.08,13.72,25.85,4.17,72.64
2024-10-04,20.5,0.0,0.0,0.0,14.55,27.51,4.23,73.5
2024-10-05,21.14,0.0,0.0,0.0,15.39,28.1,4.85,71.41
2024-10-06,21.93,0.0,0.0,0.0,15.25,29.82,4.04,68.18
2024-10-07,21.39,0.13,0.0,0.13,15.38,27.99,9.33,66.85
2024-10-08,19.87,0.76,0.0,0.76,17.15,23.1,6.88,76.44
2024-10-09,20.71,0.0,0.0,0.0,15.06,27.86,5.35,75.33
2024-10-10,20.48,0.0,0.0,0.0,15.74,26.21,4.72,69.72
2024-10-11,21.06,0.0,0.0,0.0,15.12,27.54,6.3,69.78
2024-10-12,21.13,0.0,0.0,0.0,15.6,28.1,4.6,70.87
2024-10-13,19.36,4.23,0.0,4.23,16.75,24.0,10.97,77.88
2024-10-14,17.65,2.17,0.0,2.17,15.78,20.6,9.61,76.15
2024-10-15,17.93,0.68,0.0,0.68,13.44,23.26,7.31,73.31
2024-10-16,17.03,1.33,0.0,1.33,11.64,22.81,9.81,73.52
2024-10-17,13.33,3.62,0.0,3.62,10.2,17.18,11.47,71.05
2024-10-18,10.71,14.27,0.0,14.27,7.96,14.0,7.62,74.15
2024-10-19,10.76,10.12,0.0,10.12,5.79,16.21,8.04,69.62
2024-10-20,12.23,8.52,0.0,8.52,9.42,15.51,11.03,64.47
2024-10-21,11.44,8.9,0.0,8.9,9.44,13.15,10.2,77.18
2024-10-22,12.73,8.62,0.0,8.62,10.26,16.56,8.7,75.08
2024-10-23,13.74,0.15,0.0,0.15,9.98,18.32,3.21,72.72
2024-10-24,13.11,0.0,0.0,0.0,8.62,18.37,5.44,75.45
2024-10-25,13.52,0.28,0.0,0.28,9.76,18.68,6.12,74.96
2024-10-26,12.49,0.0,0.0,0.0,8.39,16.91,6.14,75.12
2024-10-27,12.92,1.21,0.0,1.21,8.19,19.57,4.46,75.73
2024-10-28,12.7,0.0,0.0,0.0,6.27,19.51,3.74,73.01
2024-10-29,13.21,0.0,0.0,0.0,7.26,20.13,6.03,73.71
2024-10-30,14.41,0.51,0.0,0.51,12.24,18.22,5.04,77.45
2024-10-31,13.62,0.13,0.0,0.13,9.42,18.95,7.25,77.45
2024-11-01,13.28,0.0,0.0,0.0,8.04,19.26,4.64,74.8
2024-11-02,13.33,0.0,0.0,0.0,7.64,20.26,2.8,74.22
2024-11-03,10.01,2.35,0.0,2.35,7.58,14.02,12.16,74.84
2024-11-04,9.53,6.35,0.0,6.35,5.94,14.06,6.69,66.78
2024-11-05,8.15,3.22,0.0,3.22,5.22,10.83,11.54,68.66
2024-11-06,7.96,0.38,0.0,0.38,1.61,14.46,5.6,69.49
2024-11-07,9.27,0.0,0.0,0.0,2.53,16.4,6.98,69.64
2024-11-08,9.62,0.0,0.0,0.0,4.18,17.26,6.17,73.26
2024-11-09,10.31,0.0,0.0,0.0,4.08,17.28,6.08,75.63
2024-11-10,10.46,0.0,0.0,0.0,6.37,15.68,3.97,78.32
2024-11-11,11.46,0.09,0.0,0.09,8.48,15.62,7.05,78.2
2024-11-12,10.38,0.53,0.0,0.53,7.15,15.01,4.16,82.18
2024-11-13,10.35,0.0,0.0,0.0,5.62,15.81,3.12,81.96
2024-11-14,10.55,0.12,0.0,0.12,6.65,14.47,2.71,81.89
2024-11-15,11.81,1.97,0.0,1.97,9.07,15.57,3.19,84.32
2024-11-16,10.41,6.34,0.0,6.34,9.07,12.59,7.64,87.35
2024-11-17,10.21,1.4,0.0,1.4,6.18,14.55,5.21,80.3
2024-11-18,11.71,0.67,0.0,0.67,9.38,14.05,4.97,84.17
2024-11-19,12.05,2.32,0.0,2.32,9.64,14.49,4.53,88.73
2024-11-20,11.71,0.0,0.0,0.0,8.03,16.65,7.24,79.87
2024-11-21,15.97,0.26,0.0,0.26,9.6,20.97,14.92,55.03
2024-11-22,14.31,6.84,0.0,6.84,11.04,18.07,10.63,78.53
2024-11-23,15.47,5.21,0.0,5.21,8.49,22.34,16.06,63.06
2024-11-24,5.12,32.64,0.0,32.64,3.47,7.28,17.19,78.71
2024-11-25,4.42,17.21,0.0,17.21,1.99,6.62,12.41,75.59
2024-11-26,4.71,9.28,0.0,9.28,3.76,5.79,6.86,87.67
2024-11-27,5.58,2.67,0.0,2.67,2.59,9.66,7.29,69.91
2024-11-28,5.25,0.0,0.0,0.0,3.22,6.8,6.06,72.79
2024-11-29,7.14,0.33,0.0,0.33,4.54,11.49,6.01,71.94
2024-11-30,7.52,0.0,0.0,0.0,4.79,12.06,5.94,66.85
2024-12-01,6.48,0.08,0.0,0.08,4.63,9.72,5.93,69.28
2024-12-02,5.31,0.0,0.0,0.0,3.29,8.56,8.11,68.14
2024-12-03,5.24,0.0,0.0,0.0,2.49,9.01,6.18,69.13
2024-12-04,6.27,1.11,0.0,1.11,3.19,9.46,4.66,77.82
2024-12-05,7.94,0.66,0.0,0.66,5.45,11.17,3.6,85.6
2024-12-06,8.89,0.72,0.0,0.72,6.39,12.41,6.37,83.59
2024-12-07,9.92,0.0,0.0,0.0,5.66,14.6,7.41,70.56
2024-12-08,12.06,0.51,0.0,0.51,8.4,18.64,5.78,64.22
2024-12-09,14.64,0.36,0.0,0.36,9.77,20.97,6.42,63.14
2024-12-10,13.15,0.0,0.0,0.0,10.13,18.28,5.81,65.67
2024-12-11,10.72,1.14,0.0,1.14,8.93,15.26,4.98,78.71
2024-12-12,8.81,2.3,0.0,2.3,7.07,12.53,7.96,82.57
2024-12-13,6.05,3.4,0.0,3.4,3.23,9.52,17.22,73.02
2024-12-14,3.37,0.67,0.0,0.67,0.11,7.67,8.78,62.43
2024-12-15,5.75,0.28,0.0,0.28,0.42,9.75,8.04,57.51
2024-12-16,6.68,7.24,0.0,7.24,4.61,9.19,6.05,82.67
2024-12-17,7.79,0.49,0.0,0.49,3.1,12.59,7.65,68.82
2024-12-18,8.1,0.0,0.0,0.0,5.28,12.01,8.62,74.21
2024-12-19,7.19,0.0,0.0,0.0,2.96,13.14,5.77,78.49
2024-12-20,7.41,0.0,0.0,0.0,3.31,12.57,6.65,74.65
2024-12-21,9.11,0.09,0.0,0.09,4.02,14.11,8.84,65.61
2024-12-22,10.18,0.48,0.0,0.48,6.94,13.92,7.89,73.83
2024-12-23,8.13,0.27,0.0,0.27,5.47,10.92,4.96,82.12
2024-12-24,10.74,0.0,0.0,0.0,5.71,16.49,6.87,69.28
2024-12-25,12.46,0.0,0.0,0.0,8.45,17.92,5.74,63.75
2024-12-26,10.22,0.0,0.0,0.0,7.66,15.15,5.66,71.7
2024-12-27,8.07,1.69,0.0,1.69,6.77,9.62,14.52,83.19
2024-12-28,7.06,1.96,0.0,1.96,5.73,8.39,8.7,85.2
2024-12-29,7.0,1.03,0.0,1.03,5.95,8.42,7.78,84.14
2024-12-30,6.46,6.03,0.0,6.03,5.71,8.17,13.21,81.2
2024-12-31,6.16,1.5,0.0,1.5,3.1,9.78,6.2,75.96
2025-01-01,4.63,0.0,0.0,0.0,-0.05,11.08,3.29,75.99
2025-01-02,6.17,0.0,0.0,0.0,1.97,13.66,5.21,67.95
2025-01-03,7.34,0.0,0.0,0.0,2.06,13.66,6.89,61.22
2025-01-04,9.58,0.08,0.0,0.08,4.48,14.74,10.76,60.97
2025-01-05,5.98,5.13,0.0,5.13,4.4,7.47,9.83,84.73
2025-01-06,7.01,0.68,0.0,0.68,2.91,11.78,4.61,79.48
2025-01-07,7.91,0.0,0.0,0.0,3.76,13.62,6.18,67.52
2025-01-08,8.61,0.0,0.0,0.0,3.7,14.6,4.2,67.62
2025-01-09,9.28,0.0,0.0,0.0,5.66,15.49,4.72,70.13
2025-01-10,7.94,0.0,0.0,0.0,3.85,14.12,4.29,75.52
2025-01-11,8.51,0.0,0.0,0.0,3.72,16.04,5.29,69.58
2025-01-12,9.69,0.03,0.0,0.03,7.02,13.55,4.39,78.24
2025-01-13,9.28,4.76,0.0,4.76,6.0,14.61,10.86,81.61
2025-01-14,5.5,12.18,0.0,12.18,4.62,6.16,13.75,83.87
2025-01-15,6.29,2.63,0.0,2.63,4.75,7.82,5.27,84.13
2025-01-16,6.93,2.1,0.0,2.1,5.19,9.05,7.92,89.47
2025-01-17,6.47,1.1,0.0,1.1,3.24,9.15,8.14,76.92
2025-01-18,6.06,0.0,0.0,0.0,3.31,9.5,7.48,79.12
2025-01-19,6.62,0.69,0.0,0.69,2.94,10.52,12.07,76.79
2025-01-20,6.03,1.99,0.0,1.99,2.5,9.54,7.17,72.57
2025-01-21,5.54,0.0,0.0,0.0,0.73,12.45,6.75,70.33
2025-01-22,6.61,0.03,0.0,0.03,1.56,10.14,3.83,71.88
2025-01-23,7.71,6.98,0.0,6.98,5.98,9.4,4.01,84.18
2025-01-24,8.7,1.69,0.0,1.69,6.01,13.1,4.15,78.94
2025-01-25,9.62,0.0,0.0,0.0,6.32,13.81,4.32,74.18
2025-01-26,8.99,0.37,0.0,0.37,5.59,13.26,3.92,84.13
2025-01-27,6.77,0.0,0.0,0.0,3.3,12.3,5.39,83.2
2025-01-28,6.83,0.0,0.0,0.0,3.26,12.55,4.0,79.78
2025-01-29,8.16,0.0,0.0,0.0,3.47,14.95,5.46,68.09
2025-01-30,7.78,0.0,0.0,0.0,2.76,15.26,3.5,67.94
2025-01-31,7.01,0.0,0.0,0.0,2.83,13.74,3.23,73.04
2025-02-01,6.93,0.0,0.0,0.0,2.25,13.29,4.7,71.0
2025-02-02,7.76,0.28,0.0,0.28,4.89,12.13,5.56,77.01
2025-02-03,7.27,0.09,0.0,0.09,2.45,12.9,4.11,79.87
2025-02-04,4.54,4.4,0.0,4.4,2.61,6.5,13.96,81.29
2025-02-05,2.97,3.45,0.0,3.45,1.16,5.61,9.52,78.5
2025-02-06,3.29,4.83,0.0,4.83,0.79,5.8,17.1,71.25
2025-02-07,3.28,4.97,0.0,4.97,0.76,5.85,10.16,82.28
2025-02-08,3.73,3.83,0.0,3.83,0.42,6.83,8.34,77.41
2025-02-09,3.97,1.95,0.0,1.95,2.06,7.21,7.35,79.82
2025-02-10,3.57,1.84,0.0,1.84,1.78,6.18,8.93,80.49
2025-02-11,3.04,4.91,0.0,4.91,1.93,4.16,6.44,85.73
2025-02-12,4.06,3.72,0.0,3.72,2.81,5.53,5.26,91.81
2025-02-13,5.02,5.1,0.0,5.1,3.19,7.32,11.88,81.83
2025-02-14,5.21,0.09,0.0,0.09,0.75,10.44,5.65,69.98
2025-02-15,8.1,0.13,0.0,0.13,4.14,14.02,7.92,61.29
2025-02-16,7.03,0.3,0.0,0.3,4.53,10.73,6.71,78.25
2025-02-17,5.4,3.47,0.0,3.47,1.88,9.36,8.35,87.89
2025-02-18,2.59,11.59,0.0,11.59,0.82,4.94,11.94,86.09
2025-02-19,2.21,2.71,0.0,2.71,0.92,4.09,14.93,71.51
2025-02-20,-0.15,2.44,2.44,0.0,-2.5,2.46,11.49,76.33
2025-02-21,-1.56,3.91,3.91,0.0,-4.95,2.43,7.47,76.03
2025-02-22,-1.68,5.81,5.81,0.0,-4.3,1.84,12.91,72.83
2025-02-23,-2.0,7.89,7.89,0.0,-5.2,1.88,11.4,78.27
2025-02-24,-1.26,1.91,1.91,0.0,-4.19,2.34,9.15,73.33
2025-02-25,1.18,0.99,0.99,0.0,-3.77,7.06,7.83,58.47
2025-02-26,1.84,0.72,0.72,0.0,-2.65,7.09,4.82,69.53
2025-02-27,3.58,0.33,0.0,0.33,-2.32,9.4,4.87,71.14
2025-02-28,5.47,0.18,0.0,0.18,2.9,8.4,5.56,75.51
2025-03-01,4.66,0.0,0.0,0.0,0.28,10.6,3.85,77.9
2025-03-02,5.71,0.0,0.0,0.0,0.01,11.84,3.43,75.41
2025-03-03,5.72,3.84,0.0,3.84,3.51,8.04,11.3,81.06
2025-03-04,5.11,1.08,0.0,1.08,2.63,8.43,10.15,71.97
2025-03-05,4.97,0.0,0.0,0.0,-0.77,11.68,4.74,72.45
2025-03-06,7.1,0.0,0.0,0.0,0.6,15.37,4.82,65.23
2025-03-07,8.39,0.0,0.0,0.0,1.24,16.06,8.07,56.07
2025-03-08,8.34,0.0,0.0,0.0,2.07,15.03,6.95,61.92
2025-03-09,9.22,0.0,0.0,0.0,2.8,16.42,3.81,71.4
2025-03-10,10.49,0.0,0.0,0.0,4.59,17.8,4.8,72.26
2025-03-11,10.86,0.0,0.0,0.0,4.42,18.67,4.16,67.33
2025-03-12,14.6,0.0,0.0,0.0,6.12,22.73,6.51,54.19
2025-03-13,17.25,0.0,0.0,0.0,9.5,27.09,6.94,42.03
2025-03-14,17.01,0.0,0.0,0.0,11.02,24.63,4.75,43.4
2025-03-15,16.37,0.0,0.0,0.0,8.95,25.72,3.54,50.99
2025-03-16,19.92,0.0,0.0,0.0,11.3,30.94,6.17,46.72
2025-03-17,16.8,0.0,0.0,0.0,12.12,23.1,9.49,45.81
2025-03-18,10.49,1.4,0.0,1.4,5.78,15.15,15.09,68.34
2025-03-19,3.8,2.29,0.0,2.29,2.12,5.78,16.52,80.0
2025-03-20,3.5,0.8,0.0,0.8,1.69,5.26,13.28,78.55
2025-03-21,4.78,0.9,0.0,0.9,3.31,5.88,10.99,72.8
2025-03-22,6.05,0.91,0.0,0.91,3.45,9.25,5.72,75.57
2025-03-23,7.46,0.0,0.0,0.0,0.67,14.4,4.53,72.92
2025-03-24,10.86,0.0,0.0,0.0,5.49,16.66,6.73,70.1
2025-03-25,15.13,0.22,0.0,0.22,10.92,20.68,4.34,68.47
2025-03-26,14.79,0.0,0.0,0.0,10.23,19.66,4.13,68.0
2025-03-27,14.58,0.0,0.0,0.0,9.05,20.73,3.25,68.15
2025-03-28,15.35,0.04,0.0,0.04,8.93,21.37,5.73,67.59
2025-03-29,15.75,0.6,0.0,0.6,10.52,21.7,9.38,66.0
2025-03-30,12.26,0.44,0.0,0.44,9.73,14.89,4.9,83.34
2025-03-31,11.32,3.51,0.0,3.51,7.71,15.48,5.54,84.7
2025-04-01,13.27,0.38,0.0,0.38,8.19,18.07,5.57,73.17
2025-04-02,12.8,1.71,0.0,1.71,9.39,17.74,6.85,79.28
2025-04-03,11.35,5.74,0.0,5.74,9.73,14.46,7.57,90.55
2025-04-04,10.96,0.88,0.0,0.88,9.28,13.89,7.72,83.75
2025-04-05,10.47,5.0,0.0,5.0,7.18,14.26,4.58,89.04
2025-04-06,12.42,3.46,0.0,3.46,7.54,18.4,7.2,79.43
2025-04-07,11.98,0.18,0.0,0.18,6.69,17.3,8.3,74.57
2025-04-08,6.21,2.55,0.0,2.55,3.48,9.68,17.19,80.38
2025-04-09,4.05,11.4,0.0,11.4,2.43,6.52,6.62,89.67
2025-04-10,6.74,3.96,0.0,3.96,3.51,10.88,7.36,68.9
2025-04-11,3.1,10.02,0.0,10.02,0.14,8.11,9.89,80.49
2025-04-12,3.26,6.32,0.0,6.32,-2.33,8.14,9.16,68.86
2025-04-13,5.54,3.81,0.0,3.81,1.7,9.91,5.64,77.33
2025-04-14,7.03,4.25,0.0,4.25,3.75,11.22,9.54,80.18
2025-04-15,10.53,0.0,0.0,0.0,5.53,15.35,12.56,69.3
2025-04-16,11.35,0.0,0.0,0.0,8.26,14.94,6.11,75.16
2025-04-17,11.13,0.0,0.0,0.0,6.03,17.35,6.01,78.59
2025-04-18,12.38,0.0,0.0,0.0,7.07,18.78,5.9,77.13
2025-04-19,12.28,2.47,0.0,2.47,7.69,17.94,6.16,80.47
2025-04-20,11.82,3.02,0.0,3.02,8.99,14.29,7.25,83.82
2025-04-21,12.04,1.06,0.0,1.06,6.69,18.05,4.52,80.97
2025-04-22,13.04,0.09,0.0,0.09,8.0,18.15,5.82,82.21
2025-04-23,13.02,0.63,0.0,0.63,10.01,16.94,5.93,85.22
2025-04-24,13.61,2.12,0.0,2.12,10.3,18.54,7.47,82.48
2025-04-25,12.1,8.98,0.0,8.98,10.6,14.18,7.09,90.19
2025-04-26,13.24,3.55,0.0,3.55,8.03,17.85,4.89,84.05
2025-04-27,11.95,0.85,0.0,0.85,7.63,16.63,10.45,83.82
2025-04-28,10.11,0.17,0.0,0.17,5.39,14.24,16.75,64.0
2025-04-29,9.32,0.0,0.0,0.0,3.01,15.29,12.72,69.27
2025-04-30,10.58,0.04,0.0,0.04,4.4,17.22,9.37,76.0
2025-05-01,11.84,0.09,0.0,0.09,8.45,16.9,6.21,85.86
2025-05-02,12.29,2.41,0.0,2.41,9.5,16.05,10.99,88.57
2025-05-03,11.89,6.99,0.0,6.99,8.22,15.64,9.11,78.02
2025-05-04,12.08,0.09,0.0,0.09,4.32,18.86,4.48,68.64
2025-05-05,14.31,0.0,0.0,0.0,7.77,21.05,6.08,69.62
2025-05-06,14.64,0.0,0.0,0.0,7.4,21.52,4.66,67.12
2025-05-07,17.87,2.52,0.0,2.52,11.06,26.12,5.47,72.76
2025-05-08,18.16,1.9,0.0,1.9,13.1,23.03,5.09,74.98
2025-05-09,18.33,0.54,0.0,0.54,12.86,26.92,7.76,69.96
2025-05-10,15.32,5.23,0.0,5.23,11.35,20.87,8.92,85.71
2025-05-11,13.21,2.11,0.0,2.11,11.35,16.93,10.13,88.24
2025-05-12,12.73,0.85,0.0,0.85,10.84,15.56,7.13,86.35
2025-05-13,12.31,0.77,0.0,0.77,9.14,16.22,14.01,77.68
2025-05-14,12.69,0.85,0.0,0.85,6.79,17.76,8.83,71.21
2025-05-15,13.87,0.0,0.0,0.0,8.52,19.34,5.59,70.61
2025-05-16,15.76,0.04,0.0,0.04,8.37,21.94,9.0,70.34
2025-05-17,19.99,0.0,0.0,0.0,13.01,31.5,9.79,59.45
2025-05-18,15.6,2.16,0.0,2.16,11.0,20.07,8.48,79.55
2025-05-19,14.97,3.26,0.0,3.26,7.85,21.03,6.39,72.39
2025-05-20,15.58,0.04,0.0,0.04,8.2,25.24,11.36,70.33
2025-05-21,16.17,0.0,0.0,0.0,9.43,22.4,8.54,63.91
2025-05-22,17.31,0.0,0.0,0.0,9.63,24.33,7.52,64.75
2025-05-23,19.61,0.0,0.0,0.0,11.98,26.96,7.38,62.65
2025-05-24,20.59,0.0,0.0,0.0,12.85,27.66,7.64,60.34
2025-05-25,21.68,0.0,0.0,0.0,14.29,29.62,7.74,57.61
2025-05-26,21.59,0.44,0.0,0.44,15.71,27.22,6.29,66.85
2025-05-27,17.15,0.74,0.0,0.74,14.72,21.69,15.78,78.36
2025-05-28,18.29,0.44,0.0,0.44,14.14,23.19,8.12,65.03
2025-05-29,17.96,0.04,0.0,0.04,11.51,24.68,8.76,64.11
2025-05-30,17.4,0.0,0.0,0.0,12.58,23.18,8.71,69.73
2025-05-31,18.0,0.13,0.0,0.13,11.85,24.27,8.64,70.87
2025-06-01,17.17,0.36,0.0,0.36,13.05,20.97,9.8,79.17
2025-06-02,18.83,0.74,0.0,0.74,14.81,23.71,9.19,73.7
2025-06-03,19.5,0.19,0.0,0.19,13.72,25.79,9.16,67.06
2025-06-04,19.78,0.0,0.0,0.0,12.1,26.78,7.94,60.54
2025-06-05,20.6,0.0,0.0,0.0,12.47,28.04,7.12,55.85
2025-06-06,20.6,0.0,0.0,0.0,13.31,27.93,8.62,62.3
2025-06-07,20.54,0.0,0.0,0.0,12.23,28.44,8.88,61.24
2025-06-08,19.77,0.0,0.0,0.0,11.81,27.55,8.46,59.89
2025-06-09,21.17,0.0,0.0,0.0,12.71,28.81,8.01,60.46
2025-06-10,22.32,0.0,0.0,0.0,14.66,29.05,11.35,63.07
2025-06-11,23.28,0.0,0.0,0.0,17.8,29.34,11.35,71.13
2025-06-12,23.04,0.0,0.0,0.0,16.34,30.12,9.77,71.98
2025-06-13,22.06,0.0,0.0,0.0,17.76,26.62,16.2,69.31
2025-06-14,19.94,0.0,0.0,0.0,16.75,24.05,13.66,61.77
2025-06-15,19.86,0.13,0.0,0.13,14.2,25.68,10.77,63.81
2025-06-16,19.23,1.58,0.0,1.58,13.56,24.54,8.34,63.21
2025-06-17,20.08,2.34,0.0,2.34,12.86,26.37,9.16,63.28
2025-06-18,21.41,0.0,0.0,0.0,13.72,28.41,9.01,63.82
2025-06-19,21.79,0.0,0.0,0.0,14.72,28.19,8.38,61.12
2025-06-20,22.16,0.0,0.0,0.0,13.41,29.93,9.9,56.69
2025-06-21,20.4,1.07,0.0,1.07,15.01,25.75,13.34,60.63
2025-06-22,19.73,0.26,0.0,0.26,13.73,25.39,12.79,61.49
2025-06-23,20.45,0.0,0.0,0.0,12.55,27.47,8.2,59.55
2025-06-24,21.69,0.0,0.0,0.0,13.88,28.68,8.9,55.15
2025-06-25,22.5,0.03,0.0,0.03,13.57,30.3,9.66,52.59
2025-06-26,23.9,0.0,0.0,0.0,14.2,31.75,7.59,45.9
2025-06-27,24.05,0.03,0.0,0.03,17.26,30.19,11.62,54.76
2025-06-28,22.18,0.0,0.0,0.0,14.38,29.76,11.58,57.38
2025-06-29,19.54,2.06,0.0,2.06,14.76,23.89,10.13,64.28
2025-06-30,20.57,23.94,0.0,23.94,15.58,26.75,9.26,71.36
2025-07-01,22.58,1.94,0.0,1.94,16.15,28.73,11.05,67.38
2025-07-02,21.31,0.0,0.0,0.0,15.39,26.37,13.03,60.7
2025-07-03,19.82,2.03,0.0,2.03,14.77,25.95,9.02,66.42
2025-07-04,20.17,22.06,0.0,22.06,15.18,25.0,11.37,71.52
2025-07-05,21.96,0.38,0.0,0.38,15.68,27.79,10.85,67.1
2025-07-06,23.13,0.0,0.0,0.0,15.26,30.05,8.74,60.9
2025-07-07,24.13,0.0,0.0,0.0,16.34,30.61,10.55,62.17
2025-07-08,24.72,0.0,0.0,0.0,17.1,32.58,9.26,64.51
2025-07-09,25.77,0.0,0.0,0.0,18.07,33.39,7.9,63.68
2025-07-10,25.63,0.0,0.0,0.0,18.65,32.77,12.48,64.38
2025-07-11,25.7,0.0,0.0,0.0,20.04,31.93,16.06,69.33
2025-07-12,25.94,0.0,0.0,0.0,21.05,31.74,16.08,70.89
2025-07-13,26.36,0.0,0.0,0.0,21.48,31.81,15.17,63.72
2025-07-14,26.35,0.0,0.0,0.0,19.81,33.37,13.82,60.78
2025-07-15,25.78,0.0,0.0,0.0,19.02,31.88,11.37,65.42
2025-07-16,24.85,0.0,0.0,0.0,18.14,32.3,8.47,57.55
2025-07-17,26.03,0.0,0.0,0.0,17.29,34.48,8.26,50.62
2025-07-18,26.85,1.28,0.0,1.28,19.6,35.86,10.19,59.56
2025-07-19,25.86,0.47,0.0,0.47,20.89,31.2,14.43,68.35
2025-07-20,25.1,0.0,0.0,0.0,19.07,31.32,13.96,63.56
2025-07-21,25.1,0.0,0.0,0.0,18.04,31.86,11.83,66.1
2025-07-22,26.51,0.0,0.0,0.0,19.93,33.32,8.36,68.58
2025-07-23,27.41,0.0,0.0,0.0,21.03,34.32,10.04,66.72
2025-07-24,26.73,0.0,0.0,0.0,19.27,33.62,12.06,61.8
2025-07-25,26.36,0.0,0.0,0.0,20.12,32.13,11.03,64.25
2025-07-26,26.67,0.0,0.0,0.0,20.23,32.54,11.65,64.8
2025-07-27,27.38,0.0,0.0,0.0,19.81,34.19,11.78,63.85
2025-07-28,28.18,0.0,0.0,0.0,20.83,36.56,9.09,62.63
2025-07-29,29.34,0.0,0.0,0.0,21.89,37.76,8.4,64.01
2025-07-30,28.29,0.0,0.0,0.0,22.8,34.77,14.59,65.85
2025-07-31,27.01,0.08,0.0,0.08,23.76,32.17,17.14,70.66
2025-08-01,25.88,0.09,0.0,0.09,23.04,29.52,17.1,70.02
2025-08-02,25.92,4.01,0.0,4.01,23.83,29.89,14.78,66.54
2025-08-03,26.21,0.27,0.0,0.27,22.5,31.83,10.33,68.09
2025-08-04,26.52,0.0,0.0,0.0,21.23,32.4,11.52,68.11
2025-08-05,27.08,0.0,0.0,0.0,21.39,33.48,12.02,67.97
2025-08-06,27.13,0.0,0.0,0.0,20.07,34.23,13.17,61.26
2025-08-07,26.87,0.0,0.0,0.0,18.95,33.6,12.98,59.29
2025-08-08,27.6,0.0,0.0,0.0,23.45,32.76,15.67,65.8
2025-08-09,26.46,0.0,0.0,0.0,20.35,31.89,12.87,67.36
2025-08-10,26.14,0.0,0.0,0.0,19.36,32.51,12.81,60.0
2025-08-11,25.06,0.0,0.0,0.0,17.41,32.51,10.16,52.79
2025-08-12,25.15,0.0,0.0,0.0,17.58,32.08,11.56,57.48
2025-08-13,25.42,0.0,0.0,0.0,19.22,31.74,11.96,59.77
2025-08-14,24.36,0.0,0.0,0.0,17.09,32.02,11.2,59.11
2025-08-15,24.08,0.0,0.0,0.0,17.69,31.48,12.74,62.04
2025-08-16,24.47,0.0,0.0,0.0,18.47,30.56,11.27,60.55
2025-08-17,24.38,0.0,0.0,0.0,16.77,31.62,6.67,58.41
2025-08-18,24.96,0.0,0.0,0.0,17.67,33.66,11.36,62.23
2025-08-19,24.71,0.0,0.0,0.0,19.56,29.81,15.09,67.96
2025-08-20,24.37,0.0,0.0,0.0,18.83,30.27,13.18,64.97
2025-08-21,24.14,0.18,0.0,0.18,18.17,30.09,12.35,64.82
2025-08-22,25.62,0.0,0.0,0.0,18.68,32.21,8.03,64.35
2025-08-23,25.33,0.0,0.0,0.0,18.86,34.16,11.96,61.1
2025-08-24,23.58,0.1,0.0,0.1,19.31,27.61,15.65,69.82
2025-08-25,21.36,2.57,0.0,2.57,18.66,25.14,13.64,70.26
2025-08-26,21.6,0.0,0.0,0.0,17.07,26.7,12.63,62.1
2025-08-27,21.71,0.0,0.0,0.0,14.39,28.26,12.3,62.52
2025-08-28,23.4,0.0,0.0,0.0,17.86,29.16,13.65,63.21
2025-08-29,23.92,0.0,0.0,0.0,17.6,31.1,8.46,68.46
2025-08-30,24.96,0.0,0.0,0.0,18.03,33.01,7.45,68.65
2025-08-31,25.93,0.0,0.0,0.0,18.77,33.84,6.32,64.26
2025-09-01,25.24,0.0,0.0,0.0,19.39,33.07,12.94,65.2
2025-09-02,24.15,0.0,0.0,0.0,18.63,30.35,11.78,67.72
2025-09-03,23.16,2.5,0.0,2.5,18.2,28.68,11.15,66.78
2025-09-04,23.93,1.37,0.0,1.37,19.25,29.42,12.22,71.31
2025-09-05,24.8,0.0,0.0,0.0,20.4,30.8,12.47,68.89
2025-09-06,24.11,0.09,0.0,0.09,17.72,31.6,12.04,69.97
2025-09-07,22.15,1.24,0.0,1.24,18.94,26.67,12.17,73.13
2025-09-08,21.57,3.58,0.0,3.58,19.07,25.43,9.15,68.57
2025-09-09,21.94,1.85,0.0,1.85,17.87,26.72,8.69,71.27
2025-09-10,21.22,35.91,0.0,35.91,15.48,27.93,8.82,68.21
2025-09-11,20.78,3.77,0.0,3.77,16.46,25.96,7.98,75.26
2025-09-12,21.86,0.0,0.0,0.0,15.64,28.5,8.15,72.29
2025-09-13,21.13,0.04,0.0,0.04,16.07,27.1,11.98,70.58
2025-09-14,19.82,0.0,0.0,0.0,14.01,26.69,7.02,62.73
2025-09-15,19.93,0.0,0.0,0.0,12.89,28.19,9.5,67.06
2025-09-16,20.42,0.0,0.0,0.0,15.3,26.38,11.24,67.35
2025-09-17,20.66,0.0,0.0,0.0,13.99,27.58,6.05,64.5
2025-09-18,18.0,1.73,0.0,1.73,13.46,22.5,9.7,74.25
2025-09-19,17.05,5.32,0.0,5.32,12.29,19.98,14.57,70.52
2025-09-20,19.03,1.14,0.0,1.14,16.1,23.07,12.51,64.67
2025-09-21,18.13,0.74,0.0,0.74,12.85,24.58,9.32,68.0
2025-09-22,17.55,0.0,0.0,0.0,10.8,24.88,7.95,67.23
2025-09-23,18.51,0.0,0.0,0.0,11.69,26.31,6.29,65.72
2025-09-24,19.48,0.0,0.0,0.0,12.06,27.52,6.57,65.86
2025-09-25,19.05,0.0,0.0,0.0,12.57,26.23,11.1,70.02
2025-09-26,16.69,0.63,0.0,0.63,13.27,21.14,14.18,73.91
2025-09-27,15.0,0.0,0.0,0.0,9.82,20.14,11.71,60.65
2025-09-28,15.76,0.0,0.0,0.0,8.54,22.78,6.53,63.36
2025-09-29,17.5,8.59,0.0,8.59,15.25,20.7,5.53,78.88
2025-09-30,16.7,8.5,0.0,8.5,14.57,20.59,9.46,85.1
2025-10-01,16.69,1.46,0.0,1.46,12.83,21.69,8.59,76.72
2025-10-02,16.73,0.51,0.0,0.51,12.95,21.63,9.36,75.24
2025-10-03,17.82,0.0,0.0,0.0,10.75,25.92,6.94,72.16
2025-10-04,20.67,0.0,0.0,0.0,14.23,28.45,9.44,64.05
2025-10-05,18.68,0.0,0.0,0.0,13.94,25.1,9.86,72.37
2025-10-06,18.33,0.0,0.0,0.0,12.56,24.61,6.79,73.06
2025-10-07,18.73,0.0,0.0,0.0,13.36,25.24,7.25,71.11
2025-10-08,19.07,10.27,0.0,10.27,14.03,25.43,5.16,69.47
2025-10-09,15.92,6.12,0.0,6.12,12.91,19.33,4.79,79.27
2025-10-10,16.4,0.44,0.0,0.44,12.8,20.43,5.27,66.76
2025-10-11,15.52,2.22,0.0,2.22,9.69,22.03,6.79,68.56
2025-10-12,13.04,8.87,0.0,8.87,10.6,16.67,6.03,79.21
2025-10-13,14.02,1.8,0.0,1.8,9.19,18.25,4.55,72.49
2025-10-14,15.38,0.9,0.0,0.9,11.59,20.28,3.95,72.82
2025-10-15,14.8,2.54,0.0,2.54,11.12,20.88,6.47,76.7
2025-10-16,13.78,6.27,0.0,6.27,10.44,17.6,10.17,80.43
2025-10-17,14.79,0.5,0.0,0.5,10.68,19.52,6.12,77.05
2025-10-18,16.02,0.0,0.0,0.0,9.97,22.77,4.44,72.71
2025-10-19,16.73,7.03,0.0,7.03,13.57,21.74,7.11,78.35
2025-10-20,12.53,9.33,0.0,9.33,9.53,15.77,11.43,79.23
2025-10-21,12.25,0.0,0.0,0.0,7.91,17.52,4.3,79.61
2025-10-22,13.97,0.03,0.0,0.03,9.36,18.83,4.6,77.18
2025-10-23,16.66,1.44,0.0,1.44,12.81,20.74,2.91,83.81
2025-10-24,18.07,1.72,0.0,1.72,14.59,24.28,4.82,76.24
2025-10-25,16.96,10.84,0.0,10.84,13.34,21.69,5.8,79.26
2025-10-26,16.15,5.67,0.0,5.67,13.45,20.33,4.58,83.74
2025-10-27,19.8,0.0,0.0,0.0,13.37,26.95,8.03,63.06
2025-10-28,18.3,2.39,0.0,2.39,13.54,22.63,8.71,69.33
2025-10-29,14.2,14.55,0.0,14.55,10.28,18.25,7.0,80.05
2025-10-30,13.02,0.0,0.0,0.0,8.05,18.45,5.52,75.24
2025-10-31,13.96,0.0,0.0,0.0,8.77,20.64,4.56,71.09
2025-11-01,13.45,0.0,0.0,0.0,8.17,20.28,4.86,71.78
2025-11-02,12.57,0.0,0.0,0.0,7.31,19.53,4.72,76.57
2025-11-03,12.98,0.0,0.0,0.0,7.66,19.82,5.68,76.49
2025-11-04,13.91,0.0,0.0,0.0,10.16,17.34,3.02,79.02
2025-11-05,14.92,0.0,0.0,0.0,10.75,20.11,4.39,79.67
2025-11-06,13.89,0.0,0.0,0.0,11.32,17.61,4.66,88.09
2025-11-07,13.47,0.0,0.0,0.0,9.85,18.78,4.79,89.68
2025-11-08,14.8,0.0,0.0,0.0,10.46,20.8,3.27,84.45
2025-11-09,14.41,0.0,0.0,0.0,9.63,20.6,3.62,81.73
2025-11-10,14.2,0.0,0.0,0.0,9.58,19.66,4.3,82.17
2025-11-11,13.73,0.0,0.0,0.0,9.83,19.12,3.3,80.34
2025-11-12,14.0,4.86,0.0,4.86,10.2,19.66,6.3,79.93
2025-11-13,12.17,1.55,0.0,1.55,10.4,14.07,11.05,83.83
2025-11-14,10.95,8.74,0.0,8.74,9.18,14.02,6.57,85.29
2025-11-15,11.26,6.0,0.0,6.0,8.07,14.62,9.83,83.88
2025-11-16,10.68,0.0,0.0,0.0,6.31,16.9,4.42,79.75
2025-11-17,13.07,0.0,0.0,0.0,7.08,20.97,6.62,65.25
2025-11-18,15.42,0.0,0.0,0.0,10.78,22.68,7.41,52.68
2025-11-19,14.78,0.0,0.0,0.0,10.08,21.08,6.2,58.28
2025-11-20,13.42,0.0,0.0,0.0,8.37,19.88,4.68,64.95
2025-11-21,14.03,0.0,0.0,0.0,8.34,21.64,4.66,58.52
2025-11-22,15.94,0.0,0.0,0.0,10.72,23.22,5.3,53.03
2025-11-23,16.92,0.0,0.0,0.0,12.41,24.76,4.71,53.52
2025-11-24,13.61,0.49,0.0,0.49,10.37,18.84,5.12,72.39
2025-11-25,14.33,3.19,0.0,3.19,11.98,17.7,4.93,83.54
2025-11-26,14.12,0.0,0.0,0.0,9.91,20.92,3.82,75.0
2025-11-27,13.36,0.0,0.0,0.0,9.08,20.52,3.76,68.77
2025-11-28,11.89,0.0,0.0,0.0,7.35,18.16,2.84,71.98
2025-11-29,12.58,0.0,0.0,0.0,7.65,19.88,4.77,67.39
2025-11-30,12.35,1.25,0.0,1.25,8.79,15.67,5.47,81.99
2025-12-01,10.63,8.02,0.0,8.02,7.99,14.23,4.93,82.2
2025-12-02,10.0,0.0,0.0,0.0,6.16,13.98,3.16,82.6
2025-12-03,10.27,0.0,0.0,0.0,6.48,14.86,4.67,79.61
2025-12-04,8.92,0.0,0.0,0.0,5.56,14.46,4.22,78.13
2025-12-05,10.28,0.0,0.0,0.0,5.63,16.15,4.95,76.4
2025-12-06,13.13,0.0,0.0,0.0,9.77,18.1,5.73,76.62
2025-12-07,13.47,0.67,0.0,0.67,10.77,16.81,5.72,76.5
2025-12-08,12.43,0.62,0.0,0.62,9.47,16.31,3.8,80.13
2025-12-09,11.06,0.73,0.0,0.73,8.47,13.48,7.71,88.05
2025-12-10,10.59,2.35,0.0,2.35,8.13,13.26,5.34,86.5
2025-12-11,9.14,8.04,0.0,8.04,8.04,10.63,4.31,89.34
2025-12-12,8.86,1.82,0.0,1.82,5.03,12.63,4.85,81.94
2025-12-13,9.82,6.22,0.0,6.22,7.41,12.4,6.5,82.88
2025-12-14,8.3,0.81,0.0,0.81,5.08,11.36,4.17,82.14
2025-12-15,8.37,4.9,0.0,4.9,5.9,11.13,7.26,83.3
2025-12-16,6.32,14.4,0.0,14.4,4.7,7.98,8.29,91.76
2025-12-17,5.88,0.0,0.0,0.0,3.68,9.45,4.45,84.11
2025-12-18,5.91,0.0,0.0,0.0,2.55,9.64,6.3,77.5
2025-12-19,5.64,0.0,0.0,0.0,2.95,9.86,3.24,82.87
2025-12-20,5.28,0.0,0.0,0.0,2.71,8.3,2.93,85.2
2025-12-21,6.13,0.04,0.0,0.04,3.76,8.7,4.18,83.36
2025-12-22,8.4,0.05,0.0,0.05,5.57,11.91,2.48,87.77
2025-12-23,8.94,3.54,0.0,3.54,7.77,10.74,4.47,93.5
2025-12-24,8.73,2.0,0.0,2.0,7.0,11.21,3.98,90.97
2025-12-25,7.25,1.09,0.0,1.09,5.79,9.28,8.61,87.27
2025-12-26,6.29,2.83,0.0,2.83,5.13,7.3,4.4,89.17
2025-12-27,3.89,9.62,0.0,9.62,0.9,6.78,6.39,83.29
2025-12-28,3.35,5.0,0.0,5.0,-0.1,6.74,10.89,72.16
2025-12-29,2.62,6.16,0.0,6.16,0.36,5.71,12.35,73.59
2025-12-30,5.17,1.18,0.0,1.18,1.56,10.81,14.47,54.42
2025-12-31,3.09,12.32,0.0,12.32,1.06,6.31,8.08,86.94
2026-01-01,-0.49,7.28,7.28,0.0,-2.57,0.76,6.37,92.78
