time,Şaşvat karagöl - Artvin_temp,Şaşvat karagöl - Artvin_prcp,Şaşvat karagöl - Artvin_snow,Şaşvat karagöl - Artvin_rain,Şaşvat karagöl - Artvin_tmin,Şaşvat karagöl - Artvin_tmax,Şaşvat karagöl - Artvin_wspd,Şaşvat karagöl - Artvin_rhum
2021-12-31,-5.09,0.0,0.0,0.0,-9.2,0.57,11.14,48.48
2022-01-01,-5.05,1.68,1.68,0.0,-8.2,-1.59,9.14,61.85
2022-01-02,-3.74,19.0,19.0,0.0,-5.34,-1.58,10.57,82.84
2022-01-03,-6.62,18.94,18.94,0.0,-9.09,-3.78,8.65,79.97
2022-01-04,-5.65,3.4,3.4,0.0,-8.01,-1.54,9.37,74.13
2022-01-05,-3.44,6.15,6.15,0.0,-7.6,-0.38,9.43,69.97
2022-01-06,-2.43,0.0,0.0,0.0,-5.82,3.56,15.17,52.14
2022-01-07,-2.68,0.0,0.0,0.0,-6.8,3.76,12.75,47.61
2022-01-08,-2.42,0.0,0.0,0.0,-6.05,2.19,8.65,59.85
2022-01-09,-0.89,0.0,0.0,0.0,-6.16,4.24,12.54,53.92
2022-01-10,0.1,0.47,0.47,0.0,-2.86,4.67,14.61,57.03
2022-01-11,-0.7,0.0,0.0,0.0,-4.33,4.28,12.67,59.42
2022-01-12,-0.59,0.93,0.93,0.0,-3.9,3.76,10.59,66.96
2022-01-13,-5.2,16.81,16.81,0.0,-8.93,0.25,10.34,88.87
2022-01-14,-9.67,4.82,4.82,0.0,-11.93,-7.21,6.63,85.53
2022-01-15,-9.26,11.48,11.48,0.0,-11.78,-4.6,11.91,78.28
2022-01-16,-10.69,20.85,20.85,0.0,-13.25,-8.55,9.82,78.62
2022-01-17,-10.62,11.41,11.41,0.0,-12.86,-7.78,7.07,74.92
2022-01-18,-10.01,2.14,2.14,0.0,-14.03,-5.31,14.27,53.61
2022-01-19,-8.92,23.96,23.96,0.0,-10.84,-6.57,7.75,82.71
2022-01-20,-11.04,10.44,10.44,0.0,-12.83,-8.56,10.04,81.59
2022-01-21,-8.7,3.2,3.2,0.0,-12.38,-5.84,10.12,65.67
2022-01-22,-5.94,0.0,0.0,0.0,-10.25,-3.09,14.82,48.93
2022-01-23,-3.76,0.35,0.35,0.0,-7.36,-1.55,14.47,52.45
2022-01-24,-6.04,5.81,5.81,0.0,-8.11,-2.5,9.41,70.34
2022-01-25,-8.19,7.8,7.8,0.0,-10.49,-5.41,7.8,73.89
2022-01-26,-6.31,0.8,0.8,0.0,-10.3,-3.08,10.01,67.13
2022-01-27,-7.1,9.73,9.73,0.0,-8.61,-4.91,8.18,86.08
2022-01-28,-8.62,1.07,1.07,0.0,-11.92,-6.23,6.33,73.31
2022-01-29,-8.77,0.0,0.0,0.0,-13.0,-5.77,10.37,56.08
2022-01-30,-6.85,0.03,0.03,0.0,-11.51,-4.54,10.23,53.36
2022-01-31,-3.71,0.1,0.1,0.0,-7.52,-0.74,12.93,60.03
2022-02-01,-3.85,0.61,0.61,0.0,-7.19,-0.2,8.48,64.62
2022-02-02,-0.87,0.0,0.0,0.0,-5.81,3.42,15.33,57.85
2022-02-03,0.96,0.0,0.0,0.0,-3.16,3.53,13.83,51.51
2022-02-04,-3.18,9.51,9.51,0.0,-6.24,-0.07,11.04,70.65
2022-02-05,-9.24,10.96,10.96,0.0,-10.88,-5.31,12.36,80.07
2022-02-06,-6.96,1.65,1.65,0.0,-10.64,-4.64,9.5,72.57
2022-02-07,-5.41,3.69,3.69,0.0,-10.21,-2.52,8.37,72.85
2022-02-08,-3.08,0.0,0.0,0.0,-7.81,1.0,16.21,52.82
2022-02-09,-0.36,0.28,0.28,0.0,-4.09,3.9,13.41,65.32
2022-02-10,-4.37,13.56,13.56,0.0,-5.64,-2.45,8.3,89.6
2022-02-11,-4.65,0.8,0.8,0.0,-7.81,-1.47,5.18,76.5
2022-02-12,-3.38,0.0,0.0,0.0,-8.65,3.69,8.96,50.4
2022-02-13,-4.46,0.9,0.9,0.0,-8.45,-0.68,7.66,68.27
2022-02-14,-4.15,0.17,0.17,0.0,-8.93,1.37,8.67,70.88
2022-02-15,-4.59,0.11,0.11,0.0,-7.42,-0.54,4.66,79.98
2022-02-16,-5.22,0.0,0.0,0.0,-8.2,-0.51,4.84,77.32
2022-02-17,-4.09,0.0,0.0,0.0,-9.57,1.25,6.86,64.84
2022-02-18,-2.17,0.0,0.0,0.0,-8.31,2.8,7.86,52.59
2022-02-19,-3.05,0.31,0.31,0.0,-7.7,1.79,6.07,66.45
2022-02-20,-2.04,0.0,0.0,0.0,-7.36,3.17,5.24,65.39
2022-02-21,-1.74,0.71,0.71,0.0,-5.41,1.65,7.22,63.4
2022-02-22,2.0,0.0,0.0,0.0,-4.62,7.39,11.53,61.51
2022-02-23,2.96,0.0,0.0,0.0,-2.22,7.74,9.95,55.67
2022-02-24,3.26,0.0,0.0,0.0,-3.01,9.73,12.49,57.7
2022-02-25,2.37,1.53,0.0,1.53,-0.15,9.02,10.47,70.39
2022-02-26,-1.73,6.58,6.58,0.0,-3.24,0.92,8.38,88.54
2022-02-27,-1.4,2.51,2.51,0.0,-5.41,3.39,4.54,83.3
2022-02-28,1.17,0.0,0.0,0.0,-5.17,6.35,6.42,69.51
2022-03-01,-0.01,5.86,5.86,0.0,-2.72,4.45,9.56,77.7
2022-03-02,1.18,1.65,1.65,0.0,-4.03,4.36,6.72,79.82
2022-03-03,1.19,14.23,14.23,0.0,-4.8,10.24,11.92,78.89
2022-03-04,-6.21,20.72,20.72,0.0,-8.36,-4.55,14.83,84.97
2022-03-05,-5.85,0.88,0.88,0.0,-9.47,-2.96,8.53,72.5
2022-03-06,-5.99,0.71,0.71,0.0,-8.73,-3.53,8.06,71.32
2022-03-07,-3.08,0.39,0.39,0.0,-10.05,3.13,9.2,56.06
2022-03-08,-3.01,4.49,4.49,0.0,-5.38,0.4,10.49,70.04
2022-03-09,-3.75,13.27,13.27,0.0,-5.98,-0.6,7.7,85.24
2022-03-10,-6.09,6.94,6.94,0.0,-8.17,-3.32,5.86,84.87
2022-03-11,-7.03,11.23,11.23,0.0,-8.62,-4.08,8.52,87.19
2022-03-12,-9.41,6.09,6.09,0.0,-11.33,-7.54,9.85,80.81
2022-03-13,-9.79,4.95,4.95,0.0,-11.99,-7.57,8.95,78.1
2022-03-14,-8.8,4.45,4.45,0.0,-11.73,-6.56,7.19,77.81
2022-03-15,-8.96,4.71,4.71,0.0,-11.1,-6.8,9.52,81.7
2022-03-16,-8.33,7.28,7.28,0.0,-10.96,-5.84,10.47,76.19
2022-03-17,-8.32,15.02,15.02,0.0,-10.5,-5.67,5.27,83.58
2022-03-18,-9.24,5.17,5.17,0.0,-11.08,-6.76,6.04,84.44
2022-03-19,-9.0,5.28,5.28,0.0,-11.57,-5.96,5.76,82.0
2022-03-20,-7.62,3.94,3.94,0.0,-10.27,-5.06,5.66,79.78
2022-03-21,-6.41,0.2,0.2,0.0,-10.45,-2.74,6.69,77.91
2022-03-22,-5.55,0.0,0.0,0.0,-9.86,-1.2,5.57,77.48
2022-03-23,-3.49,0.4,0.4,0.0,-8.55,0.95,8.39,70.29
2022-03-24,-5.24,3.25,3.25,0.0,-7.57,-3.15,5.54,83.73
2022-03-25,-4.46,0.28,0.28,0.0,-8.06,-0.49,5.29,82.47
2022-03-26,-5.27,1.26,1.26,0.0,-7.78,-2.64,7.74,80.27
2022-03-27,-3.81,0.06,0.06,0.0,-9.23,-0.38,6.69,72.51
2022-03-28,-5.6,11.0,11.0,0.0,-8.51,-2.82,10.38,79.14
2022-03-29,0.24,0.0,0.0,0.0,-9.46,7.55,11.27,56.08
2022-03-30,3.22,0.0,0.0,0.0,-1.52,8.48,9.57,48.62
2022-03-31,4.95,0.0,0.0,0.0,-2.49,10.49,10.25,50.26
2022-04-01,6.87,0.0,0.0,0.0,0.24,12.92,14.87,42.49
2022-04-02,10.39,0.0,0.0,0.0,2.14,17.0,15.53,41.71
2022-04-03,7.36,0.0,0.0,0.0,2.0,13.32,8.79,53.65
2022-04-04,1.9,0.53,0.53,0.0,-1.77,6.35,8.69,71.62
2022-04-05,0.57,0.37,0.37,0.0,-3.47,5.97,11.39,70.1
2022-04-06,2.64,2.89,0.0,2.89,-0.93,6.83,6.65,79.87
2022-04-07,2.07,0.0,0.0,0.0,-1.83,6.29,4.69,77.62
2022-04-08,4.44,12.13,0.0,12.13,0.2,9.94,11.6,74.6
2022-04-09,3.04,10.13,0.0,10.13,-1.27,6.67,6.9,79.64
2022-04-10,7.64,0.0,0.0,0.0,-0.42,14.64,12.15,47.67
2022-04-11,10.36,0.03,0.0,0.03,1.97,16.88,12.95,44.05
2022-04-12,-0.36,18.68,18.68,0.0,-3.72,5.51,12.76,84.43
2022-04-13,-5.19,10.71,10.71,0.0,-6.96,-3.49,9.25,81.92
2022-04-14,-2.79,0.12,0.12,0.0,-9.7,1.52,9.78,64.99
2022-04-15,-0.69,0.11,0.11,0.0,-4.74,2.85,5.37,73.4
2022-04-16,1.76,0.0,0.0,0.0,-5.7,6.43,5.83,76.79
2022-04-17,7.03,0.0,0.0,0.0,-2.59,13.85,7.37,57.97
2022-04-18,11.68,0.0,0.0,0.0,4.81,16.96,14.36,41.58
2022-04-19,8.41,0.29,0.0,0.29,3.62,17.85,9.56,66.06
2022-04-20,1.21,3.24,3.24,0.0,-1.45,3.07,8.79,83.3
2022-04-21,4.53,0.47,0.0,0.47,-2.81,9.55,6.84,77.78
2022-04-22,4.26,0.35,0.0,0.35,-2.2,8.52,6.18,74.8
2022-04-23,6.8,0.0,0.0,0.0,-1.49,12.77,5.13,63.74
2022-04-24,9.0,0.0,0.0,0.0,2.33,14.63,7.2,59.84
2022-04-25,10.32,0.0,0.0,0.0,1.36,15.82,5.53,58.45
2022-04-26,9.75,0.0,0.0,0.0,4.22,15.79,7.7,63.41
2022-04-27,7.57,0.0,0.0,0.0,1.65,12.32,5.87,72.32
2022-04-28,7.22,0.62,0.0,0.62,1.18,11.38,6.15,72.73
2022-04-29,7.2,0.97,0.0,0.97,2.89,10.72,5.77,77.49
2022-04-30,6.53,0.0,0.0,0.0,1.02,11.23,5.06,77.58
2022-05-01,3.45,4.85,0.0,4.85,0.92,6.47,5.92,86.7
2022-05-02,3.02,17.08,0.0,17.08,1.6,4.87,7.36,91.95
2022-05-03,4.93,0.15,0.0,0.15,-1.9,9.51,5.85,80.2
2022-05-04,6.57,7.16,0.0,7.16,3.03,12.19,6.82,82.1
2022-05-05,2.03,21.65,0.0,21.65,0.0,4.29,7.92,92.81
2022-05-06,1.79,2.82,2.82,0.0,-1.45,5.86,5.65,85.48
2022-05-07,1.45,6.94,6.94,0.0,-0.3,3.35,7.73,89.45
2022-05-08,1.21,2.73,2.73,0.0,-0.91,3.37,7.01,85.51
2022-05-09,1.71,0.03,0.03,0.0,-1.15,4.81,5.6,82.52
2022-05-10,1.96,0.41,0.41,0.0,-0.97,4.78,6.09,82.91
2022-05-11,3.82,0.0,0.0,0.0,-2.68,8.3,8.15,75.32
2022-05-12,2.96,0.13,0.0,0.13,-2.39,7.2,7.09,77.73
2022-05-13,5.52,0.0,0.0,0.0,-3.41,11.46,7.53,69.3
2022-05-14,10.57,0.32,0.0,0.32,1.25,16.97,7.87,59.53
2022-05-15,9.34,0.03,0.0,0.03,3.01,14.29,6.96,64.16
2022-05-16,4.75,2.99,0.0,2.99,1.31,7.34,8.03,76.67
2022-05-17,5.95,0.0,0.0,0.0,-1.25,10.17,9.33,67.32
2022-05-18,9.2,0.0,0.0,0.0,0.34,14.0,7.71,59.52
2022-05-19,6.62,10.54,0.0,10.54,1.29,11.87,11.5,76.5
2022-05-20,0.99,6.51,6.51,0.0,-1.0,2.84,9.8,83.7
2022-05-21,6.29,0.06,0.0,0.06,-0.53,11.08,8.3,68.17
2022-05-22,11.03,0.03,0.0,0.03,1.94,16.79,8.55,59.51
2022-05-23,6.18,11.65,0.0,11.65,3.49,9.66,9.46,83.82
2022-05-24,2.96,3.33,0.0,3.33,0.96,6.07,7.8,80.15
2022-05-25,4.89,0.52,0.0,0.52,-0.57,8.58,7.35,77.51
2022-05-26,7.19,0.0,0.0,0.0,-0.22,11.08,7.74,70.48
2022-05-27,8.71,0.0,0.0,0.0,1.02,13.21,7.34,64.3
2022-05-28,10.76,0.0,0.0,0.0,2.92,15.36,7.07,71.08
2022-05-29,12.17,0.0,0.0,0.0,5.55,16.72,5.72,71.1
2022-05-30,13.91,0.03,0.0,0.03,5.35,18.94,5.46,67.31
2022-05-31,13.94,0.0,0.0,0.0,6.52,20.24,6.85,64.42
2022-06-01,12.6,1.1,0.0,1.1,7.04,16.41,5.68,74.25
2022-06-02,14.03,0.06,0.0,0.06,7.23,18.96,5.14,64.44
2022-06-03,15.69,0.19,0.0,0.19,10.07,21.45,7.47,58.06
2022-06-04,16.61,0.51,0.0,0.51,11.44,22.64,7.58,60.75
2022-06-05,13.22,0.91,0.0,0.91,8.43,18.0,6.37,67.85
2022-06-06,11.97,0.51,0.0,0.51,7.54,16.03,6.85,79.53
2022-06-07,11.95,2.16,0.0,2.16,8.48,15.72,5.59,83.3
2022-06-08,11.98,3.0,0.0,3.0,7.6,15.91,4.6,78.07
2022-06-09,12.97,9.37,0.0,9.37,9.85,17.27,6.24,80.08
2022-06-10,12.98,0.19,0.0,0.19,7.04,17.41,5.84,76.77
2022-06-11,13.65,0.29,0.0,0.29,7.22,17.87,6.16,72.12
2022-06-12,14.76,1.92,0.0,1.92,9.13,21.55,11.55,68.68
2022-06-13,11.52,4.84,0.0,4.84,7.6,15.31,7.72,76.3
2022-06-14,11.35,7.93,0.0,7.93,6.8,14.43,5.03,84.5
2022-06-15,10.41,6.47,0.0,6.47,7.58,14.44,5.71,85.63
2022-06-16,11.24,1.47,0.0,1.47,5.78,14.79,8.08,77.24
2022-06-17,11.77,1.05,0.0,1.05,6.46,15.46,5.96,84.06
2022-06-18,11.53,1.55,0.0,1.55,8.05,14.34,4.87,84.68
2022-06-19,11.5,1.29,0.0,1.29,8.27,14.84,6.32,83.14
2022-06-20,12.97,1.0,0.0,1.0,8.38,16.09,5.65,81.57
2022-06-21,12.58,5.17,0.0,5.17,8.52,17.33,6.75,82.59
2022-06-22,9.37,20.04,0.0,20.04,7.24,11.03,8.84,89.43
2022-06-23,9.32,8.57,0.0,8.57,6.32,12.38,8.63,77.56
2022-06-24,9.54,4.79,0.0,4.79,3.67,15.4,10.72,71.39
2022-06-25,9.51,7.72,0.0,7.72,5.78,13.23,5.76,85.61
2022-06-26,9.56,11.09,0.0,11.09,8.2,12.08,6.1,91.74
2022-06-27,9.59,5.41,0.0,5.41,5.76,13.44,5.04,85.95
2022-06-28,11.62,2.15,0.0,2.15,6.12,17.61,6.23,81.16
2022-06-29,12.04,0.48,0.0,0.48,7.49,17.39,5.59,85.31
2022-06-30,12.23,2.55,0.0,2.55,8.19,17.44,4.78,85.42
2022-07-01,12.11,2.45,0.0,2.45,9.29,16.37,5.54,86.81
2022-07-02,11.29,3.58,0.0,3.58,8.22,15.76,10.0,85.09
2022-07-03,10.4,2.29,0.0,2.29,5.85,14.86,9.11,71.99
2022-07-04,10.84,0.0,0.0,0.0,4.32,16.01,7.29,73.06
2022-07-05,11.99,0.0,0.0,0.0,5.83,17.67,6.58,77.84
2022-07-06,13.58,0.03,0.0,0.03,6.43,19.97,7.16,71.69
2022-07-07,14.69,0.0,0.0,0.0,8.04,21.27,7.86,69.79
2022-07-08,13.86,0.0,0.0,0.0,9.25,19.41,6.49,78.21
2022-07-09,15.2,1.42,0.0,1.42,8.97,20.32,6.42,75.59
2022-07-10,15.81,0.38,0.0,0.38,9.73,23.99,8.27,71.36
2022-07-11,12.44,8.89,0.0,8.89,9.53,17.42,8.35,83.82
2022-07-12,12.62,3.28,0.0,3.28,9.93,17.76,7.41,83.85
2022-07-13,12.25,3.36,0.0,3.36,9.51,17.6,7.37,82.95
2022-07-14,11.0,1.39,0.0,1.39,8.77,16.24,9.66,83.87
2022-07-15,13.35,0.08,0.0,0.08,7.75,20.46,6.82,76.67
2022-07-16,13.05,2.5,0.0,2.5,8.68,19.05,7.89,79.24
2022-07-17,13.97,0.37,0.0,0.37,9.45,19.59,7.32,79.7
2022-07-18,14.53,1.25,0.0,1.25,10.56,19.31,8.72,81.02
2022-07-19,13.8,3.88,0.0,3.88,11.3,17.21,8.93,83.98
2022-07-20,11.06,0.57,0.0,0.57,7.48,16.48,9.39,81.04
2022-07-21,10.65,4.02,0.0,4.02,8.46,14.9,9.54,82.67
2022-07-22,10.66,3.64,0.0,3.64,8.53,14.56,8.93,82.8
2022-07-23,11.66,0.65,0.0,0.65,6.49,15.99,8.85,72.27
2022-07-24,10.54,3.31,0.0,3.31,5.65,15.33,8.96,71.52
2022-07-25,11.84,0.54,0.0,0.54,5.65,16.79,7.59,75.7
2022-07-26,12.47,0.84,0.0,0.84,6.86,17.41,6.37,77.89
2022-07-27,12.94,0.29,0.0,0.29,8.31,17.41,6.29,78.9
2022-07-28,13.63,0.0,0.0,0.0,6.56,19.77,7.34,74.54
2022-07-29,14.48,0.0,0.0,0.0,7.78,20.44,7.01,76.72
2022-07-30,15.1,0.13,0.0,0.13,9.65,21.26,5.97,77.97
2022-07-31,15.79,1.62,0.0,1.62,10.75,21.78,5.64,77.34
2022-08-01,15.81,2.2,0.0,2.2,10.61,21.54,6.7,76.66
2022-08-02,16.36,0.16,0.0,0.16,10.45,21.36,7.09,77.73
2022-08-03,16.11,1.49,0.0,1.49,10.97,20.8,6.52,80.5
2022-08-04,16.23,0.88,0.0,0.88,10.99,20.74,6.52,79.13
2022-08-05,15.51,3.22,0.0,3.22,11.68,19.82,5.41,80.62
2022-08-06,15.75,0.47,0.0,0.47,9.97,19.34,7.51,78.32
2022-08-07,14.84,3.7,0.0,3.7,9.47,19.05,6.14,78.58
2022-08-08,15.18,1.14,0.0,1.14,9.69,19.35,6.89,78.19
2022-08-09,16.18,0.13,0.0,0.13,9.41,22.66,6.97,75.25
2022-08-10,16.89,1.54,0.0,1.54,11.91,22.85,8.58,73.36
2022-08-11,15.51,1.6,0.0,1.6,11.85,18.98,6.99,78.74
2022-08-12,15.16,11.1,0.0,11.1,10.71,19.05,7.51,77.37
2022-08-13,16.1,0.71,0.0,0.71,10.76,20.5,6.57,73.88
2022-08-14,16.97,0.79,0.0,0.79,11.58,21.64,6.9,73.32
2022-08-15,17.99,0.2,0.0,0.2,11.87,24.87,6.89,68.1
2022-08-16,17.44,0.03,0.0,0.03,12.4,22.65,7.26,75.55
2022-08-17,17.11,0.79,0.0,0.79,12.3,22.23,6.88,76.36
2022-08-18,16.48,3.0,0.0,3.0,12.03,20.81,7.23,73.94
2022-08-19,15.48,0.31,0.0,0.31,11.13,20.73,6.77,74.67
2022-08-20,15.54,0.99,0.0,0.99,9.42,21.01,7.99,71.16
2022-08-21,17.04,0.51,0.0,0.51,10.47,22.73,8.18,60.75
2022-08-22,18.79,0.75,0.0,0.75,12.61,25.24,7.08,55.7
2022-08-23,17.96,0.06,0.0,0.06,11.49,23.19,7.95,55.71
2022-08-24,19.58,0.0,0.0,0.0,12.35,26.26,8.19,55.47
2022-08-25,19.82,0.0,0.0,0.0,12.85,26.43,7.88,53.73
2022-08-26,18.88,0.0,0.0,0.0,12.66,24.89,7.75,59.44
2022-08-27,18.18,0.03,0.0,0.03,13.09,23.24,7.05,65.33
2022-08-28,18.21,0.06,0.0,0.06,12.33,23.08,6.69,68.42
2022-08-29,17.48,0.0,0.0,0.0,11.99,22.57,6.19,72.91
2022-08-30,18.17,0.0,0.0,0.0,11.08,23.63,7.05,65.37
2022-08-31,18.85,0.0,0.0,0.0,11.92,24.87,6.78,56.04
2022-09-01,19.78,0.0,0.0,0.0,11.65,25.4,7.32,48.76
2022-09-02,19.67,0.0,0.0,0.0,13.02,25.82,6.63,53.8
2022-09-03,20.98,0.03,0.0,0.03,13.49,27.73,7.63,49.06
2022-09-04,16.01,22.58,0.0,22.58,12.52,20.8,7.48,76.29
2022-09-05,12.38,12.74,0.0,12.74,9.86,15.5,8.04,88.64
2022-09-06,9.46,6.46,0.0,6.46,7.22,12.32,9.21,84.08
2022-09-07,7.82,3.44,0.0,3.44,4.83,11.45,7.64,75.85
2022-09-08,8.26,0.0,0.0,0.0,3.5,13.16,7.66,74.05
2022-09-09,9.29,0.0,0.0,0.0,2.94,14.53,8.52,73.42
2022-09-10,10.78,0.0,0.0,0.0,2.77,16.91,8.82,61.86
2022-09-11,13.83,0.0,0.0,0.0,5.35,19.5,8.71,59.81
2022-09-12,15.42,0.0,0.0,0.0,7.86,21.83,8.38,58.56
2022-09-13,12.21,10.73,0.0,10.73,9.17,17.03,6.97,81.61
2022-09-14,8.27,22.55,0.0,22.55,6.02,11.01,7.85,84.79
2022-09-15,10.33,0.9,0.0,0.9,3.45,15.72,8.65,71.92
2022-09-16,13.44,0.0,0.0,0.0,5.38,19.3,11.32,53.99
2022-09-17,16.03,0.0,0.0,0.0,8.28,22.18,10.22,54.73
2022-09-18,19.17,0.0,0.0,0.0,10.95,26.81,11.22,46.55
2022-09-19,14.05,1.37,0.0,1.37,10.53,18.81,8.79,74.61
2022-09-20,13.53,1.1,0.0,1.1,9.07,18.87,4.85,77.86
2022-09-21,12.47,5.19,0.0,5.19,8.92,17.09,7.51,77.36
2022-09-22,11.46,4.78,0.0,4.78,7.6,15.58,6.97,78.35
2022-09-23,9.6,14.91,0.0,14.91,6.0,13.55,9.41,79.43
2022-09-24,6.93,21.92,0.0,21.92,3.88,12.68,10.02,84.83
2022-09-25,5.38,3.72,0.0,3.72,1.31,9.12,8.89,74.47
2022-09-26,8.88,0.0,0.0,0.0,1.14,15.72,9.56,64.81
2022-09-27,11.93,0.0,0.0,0.0,3.75,19.81,9.34,53.13
2022-09-28,13.18,0.0,0.0,0.0,6.13,19.21,9.77,51.44
2022-09-29,11.5,0.0,0.0,0.0,5.65,16.35,7.28,60.68
2022-09-30,12.21,0.0,0.0,0.0,6.15,17.03,7.31,63.98
2022-10-01,11.34,0.0,0.0,0.0,5.3,16.36,7.91,65.41
2022-10-02,12.79,0.0,0.0,0.0,5.35,19.62,9.3,60.59
2022-10-03,9.7,12.81,0.0,12.81,7.18,13.6,7.53,81.58
2022-10-04,10.61,0.71,0.0,0.71,6.15,15.52,8.63,74.11
2022-10-05,9.95,4.18,0.0,4.18,6.82,14.37,7.56,79.02
2022-10-06,8.95,2.66,0.0,2.66,6.55,12.49,6.43,88.33
2022-10-07,9.83,0.48,0.0,0.48,6.21,13.6,5.55,84.88
2022-10-08,11.0,0.2,0.0,0.2,6.26,15.45,7.09,67.73
2022-10-09,10.96,15.56,0.0,15.56,7.69,14.78,8.79,76.71
2022-10-10,6.83,25.83,0.0,25.83,4.64,9.21,8.12,84.07
2022-10-11,6.45,7.09,0.0,7.09,4.33,9.57,7.8,83.9
2022-10-12,5.12,0.0,0.0,0.0,0.16,9.87,8.13,76.29
2022-10-13,5.48,0.81,0.0,0.81,1.81,9.16,7.14,73.33
2022-10-14,5.41,0.62,0.0,0.62,0.51,9.7,7.31,81.07
2022-10-15,6.16,4.22,0.0,4.22,2.44,9.89,6.31,80.65
2022-10-16,8.14,1.63,0.0,1.63,4.41,12.47,6.01,79.06
2022-10-17,7.73,1.38,0.0,1.38,5.16,10.97,6.26,81.61
2022-10-18,7.54,14.23,0.0,14.23,4.48,12.0,4.85,86.18
2022-10-19,8.43,1.8,0.0,1.8,3.02,13.54,7.4,71.54
2022-10-20,7.56,25.71,0.0,25.71,4.56,11.59,7.2,86.22
2022-10-21,2.61,19.97,0.0,19.97,0.72,4.81,9.11,86.72
2022-10-22,1.54,0.0,0.0,0.0,-3.7,6.27,8.44,75.21
2022-10-23,3.75,0.0,0.0,0.0,-1.97,9.6,8.31,66.36
2022-10-24,3.21,11.86,0.0,11.86,1.12,6.47,8.8,77.41
2022-10-25,3.65,6.28,0.0,6.28,0.8,7.7,6.46,82.75
2022-10-26,5.23,0.0,0.0,0.0,-0.13,11.0,9.91,63.75
2022-10-27,3.06,12.15,0.0,12.15,0.23,6.14,9.1,75.98
2022-10-28,2.98,9.93,0.0,9.93,1.59,5.19,7.15,89.46
2022-10-29,1.57,2.77,2.77,0.0,-1.12,5.41,6.61,82.06
2022-10-30,2.2,0.0,0.0,0.0,-2.5,7.69,8.15,74.29
2022-10-31,3.08,1.67,0.0,1.67,-2.46,7.57,9.05,67.1
2022-11-01,0.92,16.19,16.19,0.0,-0.98,3.08,10.26,87.05
2022-11-02,1.14,3.38,3.38,0.0,-2.57,4.69,6.76,76.72
2022-11-03,0.58,6.64,6.64,0.0,-2.05,3.4,9.13,70.31
2022-11-04,0.74,22.47,22.47,0.0,-1.88,3.82,9.78,84.44
2022-11-05,2.46,0.65,0.0,0.65,-1.61,6.71,6.96,77.67
2022-11-06,2.82,0.36,0.0,0.36,-0.95,6.88,4.99,80.53
2022-11-07,2.36,0.0,0.0,0.0,-2.36,9.11,8.49,68.53
2022-11-08,2.91,1.18,0.0,1.18,-1.08,8.68,7.26,72.52
2022-11-09,2.24,6.53,0.0,6.53,-0.38,4.91,5.84,87.1
2022-11-10,1.81,1.59,1.59,0.0,-0.84,4.29,3.73,89.84
2022-11-11,2.0,0.23,0.23,0.0,-1.1,6.32,5.25,84.79
2022-11-12,1.67,0.0,0.0,0.0,-2.03,6.58,7.35,78.9
2022-11-13,1.26,0.08,0.08,0.0,-2.74,5.19,8.06,80.29
2022-11-14,1.68,2.82,2.82,0.0,0.0,4.01,6.67,90.42
2022-11-15,0.89,2.76,2.76,0.0,-2.32,5.15,6.15,83.57
2022-11-16,1.99,0.88,0.88,0.0,-2.89,8.19,11.05,63.09
2022-11-17,3.39,2.72,0.0,2.72,-0.37,8.16,8.74,68.8
2022-11-18,2.38,0.0,0.0,0.0,-0.9,5.67,12.4,63.54
2022-11-19,4.0,0.0,0.0,0.0,-0.5,8.93,11.78,64.55
2022-11-20,5.31,0.0,0.0,0.0,1.29,10.92,10.92,63.13
2022-11-21,5.55,0.0,0.0,0.0,1.85,9.56,12.72,55.32
2022-11-22,4.88,0.0,0.0,0.0,1.94,8.46,12.12,48.97
2022-11-23,3.96,0.0,0.0,0.0,-1.36,8.88,7.23,59.92
2022-11-24,5.52,0.0,0.0,0.0,1.26,10.93,10.77,51.8
2022-11-25,5.88,0.16,0.0,0.16,2.98,10.21,8.19,58.82
2022-11-26,3.39,7.91,0.0,7.91,0.57,6.15,10.41,85.16
2022-11-27,0.54,9.9,9.9,0.0,-1.73,2.51,7.53,88.72
2022-11-28,0.03,0.0,0.0,0.0,-4.1,4.5,9.07,73.47
2022-11-29,1.18,0.0,0.0,0.0,-4.16,6.0,8.23,63.49
2022-11-30,2.34,0.0,0.0,0.0,-1.11,5.54,8.85,65.52
2022-12-01,3.2,0.0,0.0,0.0,-0.91,7.5,6.65,76.42
2022-12-02,3.25,2.16,0.0,2.16,-0.64,7.24,8.75,71.88
2022-12-03,-0.29,11.64,11.64,0.0,-0.91,0.6,5.93,90.47
2022-12-04,-0.41,9.95,9.95,0.0,-1.43,0.48,6.25,90.67
2022-12-05,-0.67,1.85,1.85,0.0,-2.6,1.47,5.37,86.41
2022-12-06,-1.47,2.53,2.53,0.0,-4.69,2.2,5.81,80.94
2022-12-07,-2.23,0.0,0.0,0.0,-5.56,2.31,7.03,71.43
2022-12-08,-1.04,0.0,0.0,0.0,-5.08,2.71,9.8,62.1
2022-12-09,-0.41,0.0,0.0,0.0,-4.08,4.42,10.43,59.87
2022-12-10,-0.74,0.0,0.0,0.0,-4.73,4.06,10.72,59.8
2022-12-11,0.57,0.0,0.0,0.0,-3.66,5.23,16.55,50.29
2022-12-12,0.31,0.0,0.0,0.0,-2.47,3.47,14.38,61.39
2022-12-13,1.03,1.36,1.36,0.0,-1.49,3.11,11.34,77.33
2022-12-14,0.54,0.0,0.0,0.0,-2.48,3.73,8.51,74.88
2022-12-15,1.89,0.0,0.0,0.0,-2.04,5.0,7.19,76.01
2022-12-16,2.1,2.19,0.0,2.19,-0.91,4.07,5.33,84.31
2022-12-17,1.11,1.61,1.61,0.0,-2.41,6.0,11.2,73.66
2022-12-18,0.45,0.0,0.0,0.0,-2.76,5.96,10.76,52.15
2022-12-19,-0.93,7.44,7.44,0.0,-3.82,2.16,9.25,69.42
2022-12-20,-3.31,8.23,8.23,0.0,-5.05,-1.7,5.38,88.75
2022-12-21,-3.35,0.9,0.9,0.0,-6.57,0.66,6.77,76.54
2022-12-22,-3.08,0.0,0.0,0.0,-6.36,1.35,6.55,64.81
2022-12-23,-2.29,0.0,0.0,0.0,-6.3,2.59,8.4,56.58
2022-12-24,-3.21,0.0,0.0,0.0,-6.62,1.45,7.23,64.19
2022-12-25,-3.86,0.0,0.0,0.0,-7.22,0.34,7.96,59.18
2022-12-26,-3.81,0.06,0.06,0.0,-7.6,-0.38,8.08,61.21
2022-12-27,-4.01,4.51,4.51,0.0,-6.35,-1.36,7.81,75.18
2022-12-28,-4.31,3.31,3.31,0.0,-6.09,-1.06,9.84,72.48
2022-12-29,-5.68,11.93,11.93,0.0,-7.81,-3.33,7.71,80.39
2022-12-30,-5.08,0.2,0.2,0.0,-8.84,0.25,12.99,44.26
2022-12-31,-4.55,0.0,0.0,0.0,-8.22,1.06,11.04,32.64
2023-01-01,-4.6,0.0,0.0,0.0,-8.1,1.09,9.81,39.7
2023-01-02,-3.95,0.0,0.0,0.0,-7.8,1.84,9.95,37.52
2023-01-03,-2.12,0.0,0.0,0.0,-6.37,3.63,9.1,42.45
2023-01-04,-1.87,0.0,0.0,0.0,-5.94,2.8,7.47,52.28
2023-01-05,-4.16,1.89,1.89,0.0,-6.02,-1.48,6.95,80.89
2023-01-06,-2.88,0.06,0.06,0.0,-6.89,0.49,9.28,63.2
2023-01-07,-5.45,27.46,27.46,0.0,-7.76,-2.98,9.24,90.04
2023-01-08,-7.63,16.26,16.26,0.0,-8.92,-6.43,6.67,88.26
2023-01-09,-7.77,3.69,3.69,0.0,-10.74,-4.56,6.2,72.95
2023-01-10,-6.85,0.0,0.0,0.0,-11.06,-1.63,12.71,48.88
2023-01-11,-4.95,0.0,0.0,0.0,-8.87,0.14,18.15,37.89
2023-01-12,-3.82,0.0,0.0,0.0,-7.51,0.79,19.2,38.01
2023-01-13,-3.85,0.0,0.0,0.0,-7.1,0.42,17.39,35.9
2023-01-14,-4.52,0.0,0.0,0.0,-8.07,-0.75,15.34,38.48
2023-01-15,-3.57,0.0,0.0,0.0,-7.43,0.93,10.93,57.33
2023-01-16,-3.18,0.0,0.0,0.0,-7.76,1.49,11.69,56.59
2023-01-17,-1.35,0.0,0.0,0.0,-5.53,4.33,14.28,52.81
2023-01-18,-1.22,0.0,0.0,0.0,-5.93,4.09,14.81,51.98
2023-01-19,-0.32,0.0,0.0,0.0,-5.05,5.31,14.64,46.18
2023-01-20,1.31,0.0,0.0,0.0,-4.01,6.46,16.74,44.12
2023-01-21,0.49,0.0,0.0,0.0,-4.64,6.58,13.4,44.88
2023-01-22,-1.77,0.0,0.0,0.0,-5.89,3.14,9.55,54.78
2023-01-23,-2.71,0.0,0.0,0.0,-6.9,2.25,8.12,56.01
2023-01-24,-4.53,0.0,0.0,0.0,-8.21,2.03,9.19,53.69
2023-01-25,-5.33,0.0,0.0,0.0,-9.72,0.45,9.48,51.09
2023-01-26,-5.51,0.0,0.0,0.0,-10.2,0.05,9.8,45.13
2023-01-27,-3.35,0.0,0.0,0.0,-9.25,2.41,15.11,29.31
2023-01-28,-1.94,0.32,0.32,0.0,-5.31,1.69,17.35,43.5
2023-01-29,-4.13,7.16,7.16,0.0,-7.07,-0.39,11.86,74.85
2023-01-30,-3.68,1.24,1.24,0.0,-7.47,-0.25,7.57,77.05
2023-01-31,-4.16,0.06,0.06,0.0,-8.58,0.64,8.96,63.17
2023-02-01,-3.62,1.34,1.34,0.0,-7.84,0.37,8.62,68.5
2023-02-02,-5.95,16.69,16.69,0.0,-7.9,-3.89,9.86,88.88
2023-02-03,-6.38,0.85,0.85,0.0,-11.5,-2.27,10.95,71.24
2023-02-04,-7.19,0.0,0.0,0.0,-12.18,-3.11,14.97,49.24
2023-02-05,-4.81,0.0,0.0,0.0,-9.5,-0.8,11.75,56.33
2023-02-06,-3.07,0.64,0.64,0.0,-6.57,0.55,11.37,65.48
2023-02-07,-5.42,9.8,9.8,0.0,-7.8,-1.54,14.87,84.03
2023-02-08,-7.78,2.32,2.32,0.0,-9.88,-4.75,7.87,77.78
2023-02-09,-7.75,2.09,2.09,0.0,-10.2,-4.92,8.04,77.34
2023-02-10,-6.55,0.29,0.29,0.0,-9.64,-3.76,6.8,71.14
2023-02-11,-7.48,0.2,0.2,0.0,-9.71,-3.25,7.13,71.18
2023-02-12,-8.12,0.65,0.65,0.0,-11.63,-3.57,7.86,65.8
2023-02-13,-9.25,16.54,16.54,0.0,-11.88,-6.82,13.3,73.6
2023-02-14,-10.21,9.9,9.9,0.0,-14.21,-5.51,9.23,66.06
2023-02-15,-9.56,8.78,8.78,0.0,-11.94,-5.61,13.56,66.97
2023-02-16,-10.86,21.64,21.64,0.0,-12.76,-8.96,12.61,78.8
2023-02-17,-8.93,19.87,19.87,0.0,-12.43,-4.16,10.91,72.84
2023-02-18,-6.97,3.38,3.38,0.0,-12.04,-1.89,14.43,57.78
2023-02-19,-5.17,18.47,18.47,0.0,-7.43,-2.49,13.41,79.46
2023-02-20,-3.19,18.13,18.13,0.0,-6.24,0.23,15.15,81.86
2023-02-21,-5.42,11.46,11.46,0.0,-9.01,-2.6,12.25,80.21
2023-02-22,-4.21,5.47,5.47,0.0,-7.14,-1.01,12.62,82.83
2023-02-23,-5.85,15.88,15.88,0.0,-7.29,-4.1,10.09,92.14
2023-02-24,-5.41,5.61,5.61,0.0,-9.94,-1.57,10.48,70.71
2023-02-25,-3.28,0.0,0.0,0.0,-9.43,3.07,14.46,44.57
2023-02-26,-0.4,0.0,0.0,0.0,-6.33,5.98,17.82,51.77
2023-02-27,0.69,0.0,0.0,0.0,-4.75,7.52,16.73,47.54
2023-02-28,1.52,0.0,0.0,0.0,-3.89,8.23,15.0,41.75
2023-03-01,-0.26,0.97,0.97,0.0,-3.75,3.43,8.76,59.73
2023-03-02,-0.3,6.39,6.39,0.0,-2.25,1.09,7.48,86.74
2023-03-03,-0.15,9.42,9.42,0.0,-5.02,3.62,11.29,84.41
2023-03-04,0.22,5.75,5.75,0.0,-1.49,2.81,8.48,83.89
2023-03-05,-0.99,8.92,8.92,0.0,-3.77,0.99,14.83,83.14
2023-03-06,0.86,13.8,13.8,0.0,-3.05,6.44,14.36,79.42
2023-03-07,-1.5,4.22,4.22,0.0,-6.89,3.7,7.81,74.1
2023-03-08,1.0,0.0,0.0,0.0,-4.31,6.79,13.21,55.2
2023-03-09,0.93,0.0,0.0,0.0,-4.54,7.4,11.37,56.37
2023-03-10,1.49,0.13,0.13,0.0,-4.18,7.04,11.82,61.47
2023-03-11,5.12,0.0,0.0,0.0,-0.69,10.7,18.2,57.18
2023-03-12,6.9,0.0,0.0,0.0,1.22,13.02,18.01,48.83
2023-03-13,2.37,2.29,0.0,2.29,-0.76,6.98,11.39,74.14
2023-03-14,1.47,1.17,1.17,0.0,-2.79,5.72,8.26,81.16
2023-03-15,4.35,0.0,0.0,0.0,-1.23,9.33,9.47,74.5
2023-03-16,3.67,0.63,0.0,0.63,-2.52,8.07,7.8,76.46
2023-03-17,4.18,4.63,0.0,4.63,2.14,6.88,7.1,87.12
2023-03-18,3.41,0.96,0.0,0.96,-0.06,8.32,7.39,80.51
2023-03-19,0.57,0.45,0.45,0.0,-1.95,4.27,7.45,77.57
2023-03-20,-0.34,6.94,6.94,0.0,-1.75,1.36,8.08,91.42
2023-03-21,-1.56,0.39,0.39,0.0,-3.36,3.52,6.28,86.08
2023-03-22,1.38,0.1,0.1,0.0,-4.23,7.13,6.65,81.22
2023-03-23,3.3,3.54,0.0,3.54,-1.08,9.24,8.62,78.13
2023-03-24,0.71,2.91,2.91,0.0,-2.04,4.63,6.69,85.03
2023-03-25,1.37,5.65,5.65,0.0,-2.17,4.79,6.36,80.8
2023-03-26,4.19,2.63,0.0,2.63,-0.32,8.7,8.18,74.71
2023-03-27,0.01,8.33,8.33,0.0,-2.23,2.62,9.4,90.03
2023-03-28,6.04,0.98,0.0,0.98,-2.88,13.69,17.08,59.7
2023-03-29,1.89,11.83,11.83,0.0,-3.38,9.07,15.2,75.95
2023-03-30,-6.23,22.25,22.25,0.0,-7.6,-4.51,12.92,86.0
2023-03-31,-6.68,5.03,5.03,0.0,-9.05,-4.27,8.73,84.57
2023-04-01,-2.38,0.29,0.29,0.0,-8.06,1.93,9.3,67.42
2023-04-02,1.22,0.0,0.0,0.0,-7.01,7.23,13.1,53.37
2023-04-03,3.06,0.72,0.0,0.72,-0.56,6.03,11.21,72.94
2023-04-04,7.39,0.0,0.0,0.0,-0.41,13.11,14.45,64.18
2023-04-05,6.42,2.5,0.0,2.5,2.92,14.28,14.56,60.58
2023-04-06,2.2,5.41,0.0,5.41,-0.44,6.41,8.79,86.93
2023-04-07,3.0,2.84,0.0,2.84,-2.51,7.59,8.19,78.99
2023-04-08,-0.51,16.54,16.54,0.0,-2.49,2.0,10.57,89.74
2023-04-09,1.79,0.2,0.2,0.0,-6.41,8.49,10.04,67.38
2023-04-10,3.32,2.26,0.0,2.26,-0.98,10.77,11.77,74.25
2023-04-11,4.44,0.7,0.0,0.7,0.86,10.93,13.44,75.49
2023-04-12,5.16,5.44,0.0,5.44,1.98,10.88,10.1,82.6
2023-04-13,-0.4,10.36,10.36,0.0,-2.15,2.56,9.93,92.8
2023-04-14,1.28,1.0,1.0,0.0,-3.51,5.63,9.46,73.28
2023-04-15,6.02,0.12,0.0,0.12,-1.66,11.46,12.44,57.01
2023-04-16,7.82,0.0,0.0,0.0,0.1,13.83,9.46,59.68
2023-04-17,7.9,0.86,0.0,0.86,0.74,13.78,8.93,64.56
2023-04-18,10.03,0.29,0.0,0.29,2.36,16.36,10.46,61.03
2023-04-19,11.33,0.75,0.0,0.75,4.95,16.48,12.91,59.55
2023-04-20,7.19,3.57,0.0,3.57,3.0,13.95,11.9,72.15
2023-04-21,2.86,12.82,0.0,12.82,-0.33,6.59,8.96,85.26
2023-04-22,4.17,0.19,0.0,0.19,-1.69,9.92,9.47,77.11
2023-04-23,4.39,3.18,0.0,3.18,-2.03,10.82,7.26,80.98
2023-04-24,4.61,7.35,0.0,7.35,1.33,9.9,9.17,84.58
2023-04-25,5.12,2.33,0.0,2.33,-0.58,9.37,7.08,79.36
2023-04-26,8.62,0.13,0.0,0.13,0.47,15.34,9.7,59.7
2023-04-27,8.9,0.52,0.0,0.52,2.7,16.3,13.59,58.58
2023-04-28,6.59,2.22,0.0,2.22,2.63,12.72,11.34,72.93
2023-04-29,4.29,6.46,0.0,6.46,1.89,8.42,10.72,87.42
2023-04-30,2.81,17.2,0.0,17.2,-0.94,8.58,7.85,85.62
2023-05-01,2.06,4.96,0.0,4.96,-0.4,6.06,7.6,88.17
2023-05-02,1.97,0.1,0.1,0.0,-2.55,5.9,9.58,77.38
2023-05-03,1.09,1.99,1.99,0.0,-2.27,4.3,8.11,80.31
2023-05-04,5.33,0.0,0.0,0.0,-3.15,10.96,9.52,67.83
2023-05-05,6.5,0.0,0.0,0.0,-1.19,12.78,8.02,58.93
2023-05-06,7.67,0.62,0.0,0.62,0.99,12.16,8.94,62.24
2023-05-07,8.14,3.71,0.0,3.71,3.69,13.88,10.83,76.79
2023-05-08,3.54,3.7,0.0,3.7,1.27,5.51,7.47,89.46
2023-05-09,4.97,1.33,0.0,1.33,1.39,8.97,6.27,84.5
2023-05-10,4.78,4.01,0.0,4.01,1.38,8.87,5.93,85.81
2023-05-11,4.78,8.45,0.0,8.45,1.76,8.13,6.98,88.79
2023-05-12,6.15,2.07,0.0,2.07,2.47,10.11,6.93,80.67
2023-05-13,5.62,16.39,0.0,16.39,2.36,9.22,10.11,89.74
2023-05-14,2.04,14.45,0.0,14.45,-0.28,3.86,12.31,87.89
2023-05-15,3.26,1.35,0.0,1.35,-0.36,7.1,9.69,74.94
2023-05-16,6.18,0.0,0.0,0.0,-1.32,11.99,9.6,70.38
2023-05-17,7.09,0.0,0.0,0.0,-0.22,11.85,8.31,64.05
2023-05-18,8.59,3.31,0.0,3.31,1.32,13.81,8.91,69.16
2023-05-19,8.22,1.56,0.0,1.56,3.08,12.34,8.52,72.2
2023-05-20,6.81,3.88,0.0,3.88,2.76,10.3,8.24,78.41
2023-05-21,7.16,5.11,0.0,5.11,3.43,10.63,7.37,83.82
2023-05-22,9.69,8.5,0.0,8.5,2.5,14.52,8.63,73.66
2023-05-23,12.67,0.62,0.0,0.62,6.17,21.07,15.03,65.68
2023-05-24,10.75,0.64,0.0,0.64,4.66,16.5,12.6,67.63
2023-05-25,10.42,1.29,0.0,1.29,4.16,16.17,8.72,69.12
2023-05-26,9.59,2.01,0.0,2.01,5.31,14.16,7.77,75.32
2023-05-27,10.18,0.6,0.0,0.6,4.54,14.28,6.88,74.8
2023-05-28,11.04,4.96,0.0,4.96,5.56,16.37,8.38,74.82
2023-05-29,12.55,2.42,0.0,2.42,7.53,17.41,10.66,74.65
2023-05-30,12.67,1.66,0.0,1.66,7.73,17.84,8.62,74.42
2023-05-31,10.32,0.86,0.0,0.86,6.15,15.17,7.77,76.69
2023-06-01,9.5,1.46,0.0,1.46,4.95,12.9,6.28,84.4
2023-06-02,10.52,1.4,0.0,1.4,5.3,14.25,6.51,80.74
2023-06-03,14.53,1.25,0.0,1.25,7.59,21.55,10.71,66.42
2023-06-04,13.3,1.1,0.0,1.1,8.57,18.63,10.17,71.69
2023-06-05,10.31,1.95,0.0,1.95,6.24,15.0,7.26,86.07
2023-06-06,9.94,2.36,0.0,2.36,6.67,13.35,7.04,87.35
2023-06-07,10.25,7.49,0.0,7.49,6.37,13.55,7.52,81.6
2023-06-08,11.95,0.1,0.0,0.1,4.85,16.64,7.58,78.63
2023-06-09,12.5,2.55,0.0,2.55,7.61,18.71,9.92,69.86
2023-06-10,11.24,4.95,0.0,4.95,8.5,14.27,8.09,80.52
2023-06-11,12.97,1.2,0.0,1.2,7.7,16.68,6.49,79.93
2023-06-12,12.55,2.7,0.0,2.7,8.4,16.57,7.26,77.59
2023-06-13,12.23,2.64,0.0,2.64,8.74,15.75,7.19,81.68
2023-06-14,11.58,1.29,0.0,1.29,8.08,14.82,7.41,85.79
2023-06-15,10.15,8.42,0.0,8.42,8.09,13.1,7.73,90.48
2023-06-16,11.25,4.27,0.0,4.27,7.36,14.63,7.29,84.5
2023-06-17,13.09,0.0,0.0,0.0,6.54,17.37,7.99,76.51
2023-06-18,12.82,2.38,0.0,2.38,9.07,17.07,8.21,79.41
2023-06-19,12.21,1.72,0.0,1.72,7.06,16.19,7.3,82.28
2023-06-20,9.67,15.91,0.0,15.91,8.12,12.11,6.84,91.15
2023-06-21,10.46,5.46,0.0,5.46,7.57,13.75,7.98,85.56
2023-06-22,9.22,13.35,0.0,13.35,6.98,11.88,8.73,88.7
2023-06-23,9.14,5.11,0.0,5.11,6.45,12.51,7.24,85.48
2023-06-24,11.33,1.27,0.0,1.27,6.73,14.91,7.58,81.26
2023-06-25,13.31,0.0,0.0,0.0,6.68,18.62,7.85,80.37
2023-06-26,13.78,0.12,0.0,0.12,7.92,19.05,8.49,80.1
2023-06-27,11.66,5.75,0.0,5.75,8.52,14.66,8.45,87.41
2023-06-28,12.64,1.14,0.0,1.14,6.52,17.23,8.13,80.57
2023-06-29,13.11,3.47,0.0,3.47,8.24,17.38,7.47,83.3
2023-06-30,11.16,18.56,0.0,18.56,8.31,15.23,9.14,89.57
2023-07-01,10.58,3.69,0.0,3.69,5.67,14.35,9.06,78.67
2023-07-02,13.03,0.0,0.0,0.0,4.98,18.22,8.6,72.0
2023-07-03,14.98,0.62,0.0,0.62,7.76,18.86,8.36,73.79
2023-07-04,14.7,0.45,0.0,0.45,8.89,18.9,8.06,73.15
2023-07-05,14.71,0.0,0.0,0.0,8.81,18.97,7.89,76.24
2023-07-06,16.41,0.0,0.0,0.0,9.34,22.71,9.59,71.31
2023-07-07,17.34,0.14,0.0,0.14,12.55,23.69,9.68,74.53
2023-07-08,13.91,15.91,0.0,15.91,10.12,18.3,8.49,85.77
2023-07-09,13.33,25.74,0.0,25.74,10.77,16.85,7.66,91.19
2023-07-10,11.64,29.68,0.0,29.68,8.7,15.04,11.8,86.66
2023-07-11,9.47,11.74,0.0,11.74,6.38,12.73,10.32,81.54
2023-07-12,11.31,1.41,0.0,1.41,5.1,17.05,11.01,63.6
2023-07-13,13.06,0.0,0.0,0.0,5.66,18.55,10.7,59.6
2023-07-14,13.65,0.0,0.0,0.0,6.42,19.71,8.85,72.42
2023-07-15,13.68,0.13,0.0,0.13,7.58,18.72,10.2,71.57
2023-07-16,11.67,2.03,0.0,2.03,7.75,16.51,10.77,77.54
2023-07-17,11.52,0.41,0.0,0.41,6.92,16.59,11.06,72.32
2023-07-18,11.63,0.0,0.0,0.0,4.78,16.95,10.21,73.28
2023-07-19,12.42,0.0,0.0,0.0,5.76,17.82,8.07,76.36
2023-07-20,14.15,0.0,0.0,0.0,8.73,20.13,7.18,78.25
2023-07-21,14.53,1.08,0.0,1.08,9.97,20.64,7.39,80.46
2023-07-22,15.42,0.1,0.0,0.1,9.88,20.38,8.08,79.21
2023-07-23,15.37,1.33,0.0,1.33,10.53,19.99,7.27,79.58
2023-07-24,13.74,4.28,0.0,4.28,10.62,17.55,8.61,82.9
2023-07-25,12.55,3.01,0.0,3.01,9.15,17.96,8.47,83.87
2023-07-26,15.18,0.06,0.0,0.06,8.88,21.84,7.32,78.09
2023-07-27,19.65,0.0,0.0,0.0,11.36,26.1,8.61,66.34
2023-07-28,14.87,10.22,0.0,10.22,11.1,19.56,12.47,79.33
2023-07-29,12.79,1.22,0.0,1.22,7.58,17.85,9.6,77.07
2023-07-30,12.81,0.97,0.0,0.97,9.06,17.74,8.37,78.65
2023-07-31,14.03,1.26,0.0,1.26,8.9,18.32,7.87,78.0
2023-08-01,14.98,0.16,0.0,0.16,9.53,19.14,7.22,78.76
2023-08-02,15.23,0.31,0.0,0.31,10.39,20.19,7.85,79.48
2023-08-03,15.23,0.03,0.0,0.03,9.93,19.97,9.06,75.49
2023-08-04,15.12,0.28,0.0,0.28,10.43,18.69,8.09,82.06
2023-08-05,16.3,0.0,0.0,0.0,9.88,21.35,8.6,73.65
2023-08-06,20.03,0.32,0.0,0.32,12.22,25.74,10.23,64.76
2023-08-07,19.42,0.0,0.0,0.0,14.21,24.61,10.69,67.95
2023-08-08,17.5,0.0,0.0,0.0,11.23,23.12,7.71,70.67
2023-08-09,17.49,0.31,0.0,0.31,13.37,21.96,7.72,81.37
2023-08-10,18.61,1.03,0.0,1.03,13.72,23.99,8.59,74.08
2023-08-11,18.26,0.96,0.0,0.96,14.17,24.16,9.36,74.85
2023-08-12,16.77,2.32,0.0,2.32,13.34,21.24,8.01,82.28
2023-08-13,17.55,0.46,0.0,0.46,13.0,22.3,6.77,80.26
2023-08-14,18.0,0.17,0.0,0.17,13.34,23.44,6.33,74.33
2023-08-15,17.69,0.0,0.0,0.0,12.13,22.22,8.16,70.98
2023-08-16,17.94,0.0,0.0,0.0,11.82,22.66,8.38,69.75
2023-08-17,17.92,0.2,0.0,0.2,13.43,22.39,8.67,72.64
2023-08-18,16.6,0.0,0.0,0.0,12.74,20.78,7.49,78.09
2023-08-19,16.25,0.23,0.0,0.23,11.28,20.38,7.95,77.68
2023-08-20,16.58,0.0,0.0,0.0,10.35,21.72,9.52,71.23
2023-08-21,16.5,1.94,0.0,1.94,11.39,21.11,9.2,77.33
2023-08-22,15.1,3.81,0.0,3.81,10.19,20.35,7.25,80.61
2023-08-23,15.69,0.0,0.0,0.0,9.8,20.95,9.07,75.47
2023-08-24,15.36,1.11,0.0,1.11,10.56,19.87,9.48,78.85
2023-08-25,12.81,7.79,0.0,7.79,10.03,16.87,9.14,85.33
2023-08-26,13.08,0.71,0.0,0.71,8.38,17.34,10.92,73.93
2023-08-27,14.43,0.0,0.0,0.0,7.8,19.58,10.04,74.05
2023-08-28,14.73,0.2,0.0,0.2,9.51,20.02,10.1,76.3
2023-08-29,13.46,8.53,0.0,8.53,10.55,17.16,7.93,85.46
2023-08-30,15.69,0.0,0.0,0.0,9.35,20.54,8.99,75.13
2023-08-31,17.83,0.0,0.0,0.0,11.51,22.94,9.99,65.13
2023-09-01,16.68,0.19,0.0,0.19,11.92,21.59,8.97,67.79
2023-09-02,16.06,0.49,0.0,0.49,12.47,20.1,6.76,82.27
2023-09-03,14.66,4.57,0.0,4.57,11.2,18.9,8.15,83.4
2023-09-04,14.84,3.51,0.0,3.51,11.28,18.88,9.0,78.41
2023-09-05,16.68,0.0,0.0,0.0,10.04,22.13,8.53,68.37
2023-09-06,15.97,0.13,0.0,0.13,11.61,21.01,7.59,76.55
2023-09-07,13.77,7.51,0.0,7.51,11.15,18.35,8.51,85.85
2023-09-08,12.67,8.57,0.0,8.57,10.09,16.7,9.47,83.59
2023-09-09,11.48,6.52,0.0,6.52,9.02,14.72,12.42,79.73
2023-09-10,8.95,12.7,0.0,12.7,5.74,12.54,13.56,73.75
2023-09-11,8.5,0.77,0.0,0.77,3.95,12.93,8.82,74.35
2023-09-12,8.08,3.12,0.0,3.12,4.89,12.18,7.39,82.46
2023-09-13,8.1,8.67,0.0,8.67,4.33,12.28,8.7,81.67
2023-09-14,8.46,0.17,0.0,0.17,3.98,14.14,9.53,76.0
2023-09-15,9.74,0.0,0.0,0.0,3.34,14.8,8.99,78.38
2023-09-16,10.21,1.93,0.0,1.93,5.51,14.4,7.47,80.94
2023-09-17,9.91,3.12,0.0,3.12,6.85,13.91,9.7,83.37
2023-09-18,8.83,8.4,0.0,8.4,5.92,12.97,7.8,84.86
2023-09-19,10.76,0.0,0.0,0.0,4.58,17.95,9.83,72.62
2023-09-20,11.2,0.59,0.0,0.59,6.0,16.49,9.52,69.14
2023-09-21,12.03,1.0,0.0,1.0,7.21,16.21,6.79,77.56
2023-09-22,12.93,0.0,0.0,0.0,7.67,18.53,7.26,72.95
2023-09-23,12.53,0.32,0.0,0.32,7.94,17.49,7.57,72.44
2023-09-24,12.68,0.65,0.0,0.65,7.96,19.33,8.11,75.38
2023-09-25,12.03,0.75,0.0,0.75,7.5,17.5,8.1,79.42
2023-09-26,12.09,0.25,0.0,0.25,7.32,17.64,8.82,75.58
2023-09-27,12.83,0.0,0.0,0.0,7.4,18.95,10.27,65.85
2023-09-28,14.29,0.0,0.0,0.0,9.0,21.0,9.16,66.66
2023-09-29,12.53,0.26,0.0,0.26,7.56,19.57,7.79,71.55
2023-09-30,11.33,0.06,0.0,0.06,7.01,16.13,7.78,78.97
2023-10-01,11.23,2.34,0.0,2.34,7.08,16.15,8.87,75.15
2023-10-02,8.6,14.14,0.0,14.14,6.53,12.02,9.12,83.09
2023-10-03,7.91,27.96,0.0,27.96,5.23,10.7,12.84,88.43
2023-10-04,5.66,12.98,0.0,12.98,3.3,8.29,8.29,85.07
2023-10-05,7.2,1.87,0.0,1.87,2.85,12.15,9.83,78.67
2023-10-06,7.23,0.0,0.0,0.0,2.28,12.34,9.81,77.97
2023-10-07,5.85,2.29,0.0,2.29,2.89,9.8,9.54,82.55
2023-10-08,8.05,0.0,0.0,0.0,1.71,14.48,11.68,66.81
2023-10-09,6.09,16.82,0.0,16.82,2.14,12.2,14.07,75.44
2023-10-10,3.33,0.41,0.0,0.41,-0.24,5.86,8.29,79.64
2023-10-11,2.94,8.21,0.0,8.21,1.12,5.56,10.1,89.33
2023-10-12,4.53,0.37,0.0,0.37,-0.3,11.17,8.74,77.66
2023-10-13,5.85,0.0,0.0,0.0,0.38,11.77,10.04,70.46
2023-10-14,5.96,0.0,0.0,0.0,-0.27,11.88,9.16,65.08
2023-10-15,9.0,0.0,0.0,0.0,2.24,16.2,10.96,56.18
2023-10-16,7.14,1.07,0.0,1.07,3.39,10.75,9.78,68.82
2023-10-17,4.49,19.88,0.0,19.88,0.99,7.69,10.39,86.94
2023-10-18,3.59,2.14,0.0,2.14,-0.88,7.15,7.63,79.19
2023-10-19,3.17,14.26,0.0,14.26,0.97,4.86,7.76,94.48
2023-10-20,5.96,0.9,0.0,0.9,-0.0,12.12,13.93,68.13
2023-10-21,7.69,0.0,0.0,0.0,1.97,13.68,12.11,62.03
2023-10-22,8.4,0.0,0.0,0.0,2.89,14.52,12.66,62.66
2023-10-23,8.92,0.0,0.0,0.0,3.57,15.13,11.1,68.21
2023-10-24,8.1,0.03,0.0,0.03,3.25,12.61,9.27,69.68
2023-10-25,8.64,0.09,0.0,0.09,3.78,13.13,10.57,71.07
2023-10-26,9.12,0.03,0.0,0.03,5.48,13.31,14.47,59.88
2023-10-27,9.64,0.0,0.0,0.0,6.24,14.53,15.01,61.9
2023-10-28,10.04,0.0,0.0,0.0,4.95,16.53,13.59,62.03
2023-10-29,8.74,0.0,0.0,0.0,3.73,13.72,9.34,68.15
2023-10-30,7.77,0.0,0.0,0.0,3.41,12.36,8.53,72.51
2023-10-31,8.96,0.0,0.0,0.0,3.21,14.47,9.4,71.94
2023-11-01,10.5,0.0,0.0,0.0,4.18,17.17,12.19,61.09
2023-11-02,8.71,0.0,0.0,0.0,4.33,14.08,8.36,67.54
2023-11-03,7.94,2.19,0.0,2.19,5.45,11.95,11.43,78.07
2023-11-04,7.11,0.23,0.0,0.23,2.43,12.49,12.33,71.27
2023-11-05,8.11,0.0,0.0,0.0,2.79,14.73,14.56,58.95
2023-11-06,7.09,5.82,0.0,5.82,3.26,13.44,13.2,69.04
2023-11-07,5.18,13.09,0.0,13.09,2.42,8.52,10.24,82.13
2023-11-08,3.94,0.0,0.0,0.0,-0.77,9.75,11.98,64.1
2023-11-09,5.27,1.89,0.0,1.89,0.27,11.01,14.86,59.44
2023-11-10,1.9,6.27,6.27,0.0,-0.31,5.42,8.98,81.63
2023-11-11,4.82,0.0,0.0,0.0,-0.44,9.6,16.68,67.91
2023-11-12,7.01,0.0,0.0,0.0,2.42,12.67,18.91,60.92
2023-11-13,6.1,0.08,0.0,0.08,2.35,10.39,10.37,69.05
2023-11-14,5.23,13.43,0.0,13.43,2.04,9.83,12.51,81.65
2023-11-15,4.17,0.0,0.0,0.0,-0.38,9.18,9.48,79.68
2023-11-16,4.28,3.63,0.0,3.63,0.13,9.23,14.28,74.21
2023-11-17,-0.26,20.15,20.15,0.0,-2.8,2.49,14.08,82.68
2023-11-18,2.15,0.12,0.0,0.12,-2.5,5.19,20.02,59.21
2023-11-19,6.02,1.44,0.0,1.44,1.82,11.52,19.01,64.59
2023-11-20,-0.08,37.08,37.08,0.0,-2.29,3.96,11.46,94.92
2023-11-21,-3.71,26.94,26.94,0.0,-5.46,-2.06,14.04,91.18
2023-11-22,-1.1,6.11,6.11,0.0,-5.26,3.37,15.41,73.74
2023-11-23,-1.84,12.17,12.17,0.0,-3.54,0.26,14.73,80.05
2023-11-24,-0.63,11.59,11.59,0.0,-3.08,1.85,14.54,84.78
2023-11-25,3.82,0.12,0.0,0.12,-0.99,8.41,19.94,64.02
2023-11-26,7.34,0.06,0.0,0.06,2.75,11.09,22.7,57.9
2023-11-27,-3.6,38.79,38.79,0.0,-6.42,0.42,12.25,90.04
2023-11-28,-5.82,8.74,8.74,0.0,-9.13,-2.21,9.91,80.86
2023-11-29,-2.51,0.12,0.12,0.0,-7.22,1.56,20.22,55.34
2023-11-30,-0.37,0.71,0.71,0.0,-3.54,3.46,15.38,61.56
2023-12-01,0.58,0.0,0.0,0.0,-3.1,5.69,15.73,67.06
2023-12-02,2.09,0.0,0.0,0.0,-1.27,8.58,16.01,54.67
2023-12-03,2.43,0.0,0.0,0.0,-1.4,8.2,16.51,54.01
2023-12-04,2.14,0.0,0.0,0.0,-1.78,8.03,15.04,55.25
2023-12-05,0.58,0.54,0.54,0.0,-2.79,4.68,8.81,69.3
2023-12-06,0.8,7.16,7.16,0.0,-0.46,2.18,8.59,88.43
2023-12-07,1.67,1.0,1.0,0.0,-1.57,5.65,9.37,82.03
2023-12-08,2.89,0.0,0.0,0.0,-0.93,7.1,14.84,68.51
2023-12-09,4.36,0.48,0.0,0.48,1.29,7.74,13.81,65.9
2023-12-10,1.94,6.13,6.13,0.0,-0.59,5.64,10.2,84.45
2023-12-11,0.69,0.71,0.71,0.0,-2.5,3.96,13.42,72.26
2023-12-12,1.88,1.34,1.34,0.0,-0.98,5.63,10.21,71.27
2023-12-13,0.29,9.28,9.28,0.0,-2.09,3.31,8.24,90.36
2023-12-14,-0.67,3.08,3.08,0.0,-3.8,3.26,10.16,78.8
2023-12-15,0.63,0.0,0.0,0.0,-3.15,5.37,16.82,54.68
2023-12-16,1.82,0.11,0.11,0.0,-0.7,6.87,11.62,68.26
2023-12-17,-2.88,18.35,18.35,0.0,-5.38,0.32,15.31,86.61
2023-12-18,-5.39,4.71,4.71,0.0,-7.96,-1.79,8.8,77.87
2023-12-19,-4.33,0.0,0.0,0.0,-6.81,-0.14,10.87,66.21
2023-12-20,-3.14,0.0,0.0,0.0,-7.41,1.59,12.7,57.69
2023-12-21,-0.77,0.0,0.0,0.0,-5.06,3.42,18.79,49.65
2023-12-22,1.88,0.22,0.22,0.0,-0.76,5.44,16.48,55.39
2023-12-23,-1.07,14.95,14.95,0.0,-5.07,3.27,17.19,76.76
2023-12-24,-4.37,28.65,28.65,0.0,-7.21,-0.03,15.86,82.88
2023-12-25,-7.21,17.8,17.8,0.0,-9.51,-5.27,13.74,85.37
2023-12-26,-3.04,3.51,3.51,0.0,-5.76,-1.25,17.81,85.36
2023-12-27,0.04,0.14,0.14,0.0,-3.54,4.71,16.25,73.23
2023-12-28,-1.76,20.57,20.57,0.0,-5.05,1.62,14.27,85.75
2023-12-29,-4.09,1.3,1.3,0.0,-8.04,1.04,12.69,67.46
2023-12-30,-2.86,0.0,0.0,0.0,-6.29,2.11,13.56,53.45
2023-12-31,-3.79,0.0,0.0,0.0,-6.98,0.8,10.27,52.79
2024-01-01,-3.0,0.0,0.0,0.0,-7.2,1.39,12.25,57.24
2024-01-02,-1.47,0.0,0.0,0.0,-4.6,1.95,12.68,54.61
2024-01-03,-2.84,12.59,12.59,0.0,-5.14,0.56,11.82,81.46
2024-01-04,-2.93,6.24,6.24,0.0,-5.44,-0.35,15.47,83.47
2024-01-05,-1.15,23.6,23.6,0.0,-2.76,0.63,15.31,87.85
2024-01-06,-1.96,25.92,25.92,0.0,-5.03,1.8,11.84,74.78
2024-01-07,-0.63,0.0,0.0,0.0,-5.5,4.29,21.94,47.65
2024-01-08,0.69,0.0,0.0,0.0,-2.66,4.74,17.5,51.12
2024-01-09,-1.0,13.99,13.99,0.0,-2.28,1.35,10.48,90.17
2024-01-10,-2.09,5.13,5.13,0.0,-4.03,-0.03,8.09,92.79
2024-01-11,-4.54,1.75,1.75,0.0,-6.03,-2.47,5.65,88.77
2024-01-12,-5.28,5.36,5.36,0.0,-7.26,-3.17,6.85,85.94
2024-01-13,-8.03,18.13,18.13,0.0,-10.71,-5.13,12.67,84.96
2024-01-14,-10.07,2.98,2.98,0.0,-14.17,-5.14,10.97,71.47
2024-01-15,-8.09,0.0,0.0,0.0,-12.61,-3.0,19.3,56.31
2024-01-16,-3.68,0.48,0.48,0.0,-8.46,1.17,21.12,58.21
2024-01-17,-3.53,8.84,8.84,0.0,-5.06,-1.71,9.22,91.16
2024-01-18,-1.53,0.51,0.51,0.0,-6.06,4.24,14.22,74.28
2024-01-19,0.11,0.0,0.0,0.0,-4.09,4.92,17.41,55.73
2024-01-20,0.83,0.17,0.17,0.0,-2.38,4.9,13.87,64.49
2024-01-21,-0.9,7.06,7.06,0.0,-4.03,3.1,12.26,83.13
2024-01-22,-5.56,13.03,13.03,0.0,-6.77,-3.43,9.31,91.2
2024-01-23,-6.72,1.5,1.5,0.0,-8.74,-4.51,5.66,83.42
2024-01-24,-7.1,0.06,0.06,0.0,-9.65,-3.94,7.41,80.0
2024-01-25,-6.61,0.0,0.0,0.0,-10.31,-1.97,11.21,63.37
2024-01-26,-5.3,0.18,0.18,0.0,-8.64,-0.96,8.37,65.88
2024-01-27,-6.73,14.67,14.67,0.0,-7.65,-5.37,9.87,91.63
2024-01-28,-7.01,6.95,6.95,0.0,-10.26,-4.62,8.2,83.76
2024-01-29,-7.92,0.03,0.03,0.0,-11.2,-3.5,9.16,76.39
2024-01-30,-8.84,0.0,0.0,0.0,-13.07,-3.1,10.03,66.93
2024-01-31,-8.47,0.0,0.0,0.0,-13.29,-2.84,10.98,54.85
2024-02-01,-7.63,0.0,0.0,0.0,-12.25,-2.63,9.74,56.05
2024-02-02,-6.96,0.0,0.0,0.0,-11.44,-1.55,9.01,57.02
2024-02-03,-7.52,4.01,4.01,0.0,-10.37,-3.96,9.44,72.6
2024-02-04,-5.69,0.18,0.18,0.0,-8.64,-2.93,10.81,77.45
2024-02-05,-4.29,7.18,7.18,0.0,-6.16,-1.64,11.93,82.22
2024-02-06,-2.47,62.19,62.19,0.0,-4.7,-1.04,17.0,92.81
2024-02-07,-0.72,34.82,34.82,0.0,-5.89,3.92,15.31,71.75
2024-02-08,-0.66,0.0,0.0,0.0,-5.39,5.34,16.67,64.59
2024-02-09,0.06,0.0,0.0,0.0,-3.97,5.22,14.47,66.14
2024-02-10,-0.26,0.0,0.0,0.0,-5.0,5.58,15.61,64.12
2024-02-11,1.82,0.0,0.0,0.0,-4.55,8.65,15.23,58.23
2024-02-12,2.04,0.0,0.0,0.0,-2.14,7.39,14.98,50.42
2024-02-13,2.82,0.0,0.0,0.0,-1.48,7.14,14.54,48.51
2024-02-14,2.87,0.0,0.0,0.0,-1.27,8.01,14.98,60.18
2024-02-15,0.34,2.2,2.2,0.0,-3.01,3.74,8.31,79.53
2024-02-16,-1.44,0.57,0.57,0.0,-5.4,2.05,6.31,85.6
2024-02-17,-1.53,2.41,2.41,0.0,-3.15,0.71,5.65,94.72
2024-02-18,-1.42,4.41,4.41,0.0,-2.5,0.02,8.87,93.52
2024-02-19,-3.0,1.73,1.73,0.0,-4.54,-1.34,6.39,89.05
2024-02-20,-3.59,0.4,0.4,0.0,-6.42,-0.39,5.26,84.22
2024-02-21,-2.96,0.0,0.0,0.0,-7.25,1.26,6.52,75.85
2024-02-22,-1.78,1.49,1.49,0.0,-5.88,2.26,7.51,75.24
2024-02-23,-2.38,2.23,2.23,0.0,-6.3,0.92,7.04,80.7
2024-02-24,-2.14,0.0,0.0,0.0,-7.64,4.55,9.5,62.86
2024-02-25,-2.43,0.0,0.0,0.0,-8.29,3.88,10.82,56.14
2024-02-26,-1.22,0.0,0.0,0.0,-7.06,4.9,17.29,35.28
2024-02-27,-1.87,0.0,0.0,0.0,-8.13,4.68,14.34,37.77
2024-02-28,-3.04,0.0,0.0,0.0,-9.05,3.07,9.15,40.8
2024-02-29,-2.48,0.0,0.0,0.0,-8.62,4.63,8.84,44.29
2024-03-01,-1.24,0.0,0.0,0.0,-8.42,5.05,9.12,39.28
2024-03-02,1.54,0.0,0.0,0.0,-4.6,7.41,10.75,39.04
2024-03-03,0.06,0.0,0.0,0.0,-3.46,5.06,9.73,60.72
2024-03-04,-0.72,0.6,0.6,0.0,-4.25,2.97,5.2,82.03
2024-03-05,0.95,0.0,0.0,0.0,-4.58,5.47,7.4,71.91
2024-03-06,1.77,1.85,1.85,0.0,-2.08,6.68,13.62,63.1
2024-03-07,-1.69,14.09,14.09,0.0,-2.57,-0.39,9.24,92.18
2024-03-08,-2.84,4.35,4.35,0.0,-6.22,1.09,8.05,82.53
2024-03-09,-2.44,0.62,0.62,0.0,-6.56,2.06,8.41,76.16
2024-03-10,-3.68,3.77,3.77,0.0,-5.94,-1.95,8.05,84.26
2024-03-11,-3.0,0.0,0.0,0.0,-7.5,1.39,9.44,69.95
2024-03-12,0.34,0.0,0.0,0.0,-7.52,6.41,11.84,46.04
2024-03-13,4.79,0.0,0.0,0.0,-2.35,10.89,16.06,43.97
2024-03-14,2.85,0.13,0.0,0.13,-1.04,7.84,12.53,58.32
2024-03-15,0.68,3.46,3.46,0.0,-2.7,5.01,9.17,72.32
2024-03-16,-1.35,15.93,15.93,0.0,-3.7,0.61,7.46,91.27
2024-03-17,-1.16,0.51,0.51,0.0,-4.05,2.04,6.04,79.59
2024-03-18,0.3,1.52,1.52,0.0,-3.31,3.87,6.56,79.15
2024-03-19,-0.12,6.11,6.11,0.0,-1.55,2.42,9.47,88.11
2024-03-20,-1.39,2.0,2.0,0.0,-4.2,1.2,7.72,84.08
2024-03-21,-0.68,2.04,2.04,0.0,-5.43,4.38,8.28,78.98
2024-03-22,-1.29,10.71,10.71,0.0,-3.65,1.48,10.57,87.37
2024-03-23,-2.94,6.88,6.88,0.0,-6.13,0.17,8.18,82.46
2024-03-24,-1.41,4.02,4.02,0.0,-5.73,3.26,8.43,74.04
2024-03-25,0.01,0.4,0.4,0.0,-5.85,4.38,10.9,57.02
2024-03-26,-2.11,9.42,9.42,0.0,-4.87,0.87,15.75,69.33
2024-03-27,-1.15,1.12,1.12,0.0,-7.36,3.76,11.93,56.69
2024-03-28,2.64,0.0,0.0,0.0,-4.61,10.14,13.2,48.84
2024-03-29,5.38,0.0,0.0,0.0,-0.65,12.6,14.12,57.65
2024-03-30,5.11,1.65,0.0,1.65,0.86,8.51,12.39,70.47
2024-03-31,6.18,0.0,0.0,0.0,-0.03,12.26,10.47,50.21
2024-04-01,7.36,0.0,0.0,0.0,1.66,13.43,10.82,46.42
2024-04-02,8.28,0.0,0.0,0.0,2.42,15.42,11.8,45.95
2024-04-03,8.02,0.08,0.0,0.08,1.97,17.31,16.03,50.46
2024-04-04,4.3,0.25,0.0,0.25,-0.04,8.44,7.79,63.67
2024-04-05,2.73,9.86,0.0,9.86,-0.3,7.61,11.52,75.96
2024-04-06,1.26,2.4,2.4,0.0,-2.37,5.46,7.7,79.95
2024-04-07,2.43,0.19,0.0,0.19,-3.51,8.03,8.21,76.59
2024-04-08,4.33,0.0,0.0,0.0,-0.98,9.16,8.19,68.97
2024-04-09,5.95,0.0,0.0,0.0,-0.26,12.08,9.77,68.41
2024-04-10,3.29,0.36,0.0,0.36,0.39,6.15,7.62,78.61
2024-04-11,3.61,0.55,0.0,0.55,-0.11,7.19,6.71,83.83
2024-04-12,5.11,0.0,0.0,0.0,0.06,10.3,7.61,76.76
2024-04-13,4.07,0.0,0.0,0.0,1.5,7.21,6.98,82.33
2024-04-14,2.44,2.79,0.0,2.79,0.67,4.57,7.35,87.13
2024-04-15,4.21,0.0,0.0,0.0,-1.13,8.7,7.56,75.73
2024-04-16,9.03,0.0,0.0,0.0,-0.12,16.23,10.2,52.87
2024-04-17,13.15,0.0,0.0,0.0,4.45,20.65,11.98,40.5
2024-04-18,14.09,0.0,0.0,0.0,7.44,21.69,12.86,41.61
2024-04-19,9.62,0.49,0.0,0.49,5.66,16.39,11.14,64.68
2024-04-20,10.77,0.0,0.0,0.0,3.79,16.01,10.26,60.43
2024-04-21,8.75,0.16,0.0,0.16,4.74,14.76,9.28,63.73
2024-04-22,8.91,0.0,0.0,0.0,1.1,13.63,9.13,65.88
2024-04-23,8.12,0.0,0.0,0.0,1.33,13.18,7.45,62.14
2024-04-24,11.82,0.0,0.0,0.0,2.38,18.62,10.8,45.55
2024-04-25,15.7,0.0,0.0,0.0,7.03,22.66,14.41,38.72
2024-04-26,14.67,0.0,0.0,0.0,8.2,22.84,10.02,50.31
2024-04-27,12.05,0.03,0.0,0.03,6.62,17.59,8.27,69.74
2024-04-28,12.21,0.0,0.0,0.0,5.03,18.1,9.44,63.07
2024-04-29,10.56,0.0,0.0,0.0,5.33,15.78,7.84,66.74
2024-04-30,9.11,0.16,0.0,0.16,5.01,13.56,7.48,72.92
2024-05-01,10.44,0.36,0.0,0.36,5.57,15.93,6.81,73.18
2024-05-02,6.75,7.93,0.0,7.93,4.02,10.23,6.25,84.03
2024-05-03,5.56,12.22,0.0,12.22,3.66,8.03,7.89,87.98
2024-05-04,6.12,4.09,0.0,4.09,3.08,9.68,5.61,82.41
2024-05-05,4.65,28.79,0.0,28.79,1.51,7.69,10.56,90.03
2024-05-06,1.44,11.05,11.05,0.0,-0.56,3.62,8.8,85.68
2024-05-07,2.5,1.61,0.0,1.61,0.06,6.06,7.44,83.5
2024-05-08,4.7,0.12,0.0,0.12,0.34,8.35,9.04,72.15
2024-05-09,7.08,0.0,0.0,0.0,-0.73,12.7,9.71,58.16
2024-05-10,8.4,1.15,0.0,1.15,2.42,13.03,8.62,70.03
2024-05-11,10.17,3.61,0.0,3.61,5.51,16.84,16.55,68.39
2024-05-12,6.11,9.03,0.0,9.03,3.72,9.56,11.09,86.09
2024-05-13,3.03,3.02,0.0,3.02,0.91,5.83,9.84,81.56
2024-05-14,0.5,8.41,8.41,0.0,-1.26,2.18,8.8,87.84
2024-05-15,3.77,0.29,0.0,0.29,-2.62,8.43,7.71,77.85
2024-05-16,3.39,5.34,0.0,5.34,-0.36,8.11,8.16,82.8
2024-05-17,3.59,3.68,0.0,3.68,-0.59,7.69,8.9,76.84
2024-05-18,4.22,0.0,0.0,0.0,-2.77,9.08,10.18,63.26
2024-05-19,4.46,0.03,0.0,0.03,-1.16,8.94,8.86,64.36
2024-05-20,5.78,0.0,0.0,0.0,-1.24,10.88,8.31,70.37
2024-05-21,7.2,0.29,0.0,0.29,-0.11,13.31,7.96,73.11
2024-05-22,8.6,1.92,0.0,1.92,2.35,13.25,8.17,74.02
2024-05-23,10.73,0.0,0.0,0.0,3.67,15.5,8.61,69.18
2024-05-24,10.74,2.48,0.0,2.48,6.89,15.22,10.43,73.12
2024-05-25,7.34,4.65,0.0,4.65,4.2,11.02,11.28,73.54
2024-05-26,7.28,4.7,0.0,4.7,3.24,11.18,8.56,79.8
2024-05-27,9.91,4.79,0.0,4.79,3.81,14.96,7.8,76.69
2024-05-28,12.09,1.03,0.0,1.03,6.11,17.35,9.6,70.03
2024-05-29,10.82,0.32,0.0,0.32,7.15,15.08,7.97,75.75
2024-05-30,12.22,0.81,0.0,0.81,6.07,17.55,10.23,68.93
2024-05-31,10.93,4.32,0.0,4.32,6.76,14.9,8.94,77.66
2024-06-01,9.33,4.5,0.0,4.5,6.49,11.93,8.51,83.69
2024-06-02,11.61,0.0,0.0,0.0,4.35,16.52,9.77,67.59
2024-06-03,12.97,0.0,0.0,0.0,5.38,18.0,8.56,61.88
2024-06-04,14.42,0.0,0.0,0.0,6.41,19.4,8.15,63.77
2024-06-05,16.05,0.0,0.0,0.0,8.68,21.41,8.58,63.03
2024-06-06,14.95,0.0,0.0,0.0,8.77,19.84,8.05,66.1
2024-06-07,13.38,0.03,0.0,0.03,7.87,17.3,8.18,75.56
2024-06-08,12.29,1.01,0.0,1.01,7.75,15.65,6.8,80.15
2024-06-09,11.2,6.92,0.0,6.92,8.04,15.79,7.72,85.63
2024-06-10,11.48,4.71,0.0,4.71,7.92,15.22,7.42,83.86
2024-06-11,13.52,0.88,0.0,0.88,7.64,17.21,8.5,76.42
2024-06-12,15.08,0.0,0.0,0.0,7.93,19.42,9.44,67.41
2024-06-13,14.99,0.0,0.0,0.0,8.56,19.62,10.28,57.79
2024-06-14,16.18,0.32,0.0,0.32,8.72,20.04,10.52,56.48
2024-06-15,15.19,0.0,0.0,0.0,10.16,21.32,12.56,61.1
2024-06-16,12.78,3.96,0.0,3.96,9.8,16.01,7.12,84.0
2024-06-17,13.71,0.19,0.0,0.19,9.93,17.54,6.75,82.4
2024-06-18,13.81,1.0,0.0,1.0,10.01,17.97,7.13,81.77
2024-06-19,14.65,0.0,0.0,0.0,9.94,18.58,6.21,81.08
2024-06-20,13.81,1.62,0.0,1.62,10.76,18.27,6.44,83.29
2024-06-21,13.61,3.32,0.0,3.32,9.92,17.66,10.45,81.5
2024-06-22,13.18,0.9,0.0,0.9,9.04,17.03,8.74,77.85
2024-06-23,13.68,0.0,0.0,0.0,5.85,19.34,8.58,71.97
2024-06-24,15.07,0.0,0.0,0.0,8.51,20.41,7.33,73.09
2024-06-25,14.43,0.08,0.0,0.08,9.62,19.23,8.76,74.26
2024-06-26,11.86,19.58,0.0,19.58,8.35,15.3,12.64,81.25
2024-06-27,10.64,7.64,0.0,7.64,5.4,14.71,10.32,71.15
2024-06-28,11.47,0.0,0.0,0.0,5.03,15.79,9.87,70.8
2024-06-29,12.14,0.26,0.0,0.26,6.02,16.28,9.46,75.59
2024-06-30,12.44,3.61,0.0,3.61,8.48,16.95,7.42,78.11
2024-07-01,11.93,9.43,0.0,9.43,8.89,15.89,8.77,79.73
2024-07-02,12.48,6.01,0.0,6.01,8.6,16.32,7.69,81.2
2024-07-03,14.36,1.88,0.0,1.88,8.61,18.49,8.88,76.6
2024-07-04,17.97,0.2,0.0,0.2,10.29,24.09,11.24,63.0
2024-07-05,17.56,0.03,0.0,0.03,12.66,23.71,10.97,68.28
2024-07-06,15.53,1.21,0.0,1.21,12.36,19.98,9.53,82.77
2024-07-07,14.62,3.25,0.0,3.25,10.02,17.9,8.76,82.77
2024-07-08,15.38,3.31,0.0,3.31,10.66,19.4,7.88,79.15
2024-07-09,15.03,2.78,0.0,2.78,10.8,19.35,6.93,76.3
2024-07-10,17.27,2.27,0.0,2.27,12.42,22.28,8.46,74.02
2024-07-11,16.9,4.82,0.0,4.82,10.81,21.7,8.66,70.7
2024-07-12,16.27,1.45,0.0,1.45,11.82,20.13,7.71,80.36
2024-07-13,16.4,1.58,0.0,1.58,11.64,20.52,7.69,81.09
2024-07-14,15.6,5.8,0.0,5.8,12.03,19.61,7.92,82.4
2024-07-15,15.33,4.03,0.0,4.03,11.6,19.6,8.14,80.21
2024-07-16,15.6,0.91,0.0,0.91,11.3,19.35,6.65,81.96
2024-07-17,17.43,4.37,0.0,4.37,13.16,22.01,6.68,80.7
2024-07-18,15.61,5.18,0.0,5.18,11.99,20.12,7.5,82.07
2024-07-19,14.65,8.66,0.0,8.66,10.55,18.22,8.06,84.83
2024-07-20,13.85,20.16,0.0,20.16,11.05,17.27,7.2,86.48
2024-07-21,14.5,2.08,0.0,2.08,10.64,18.42,8.01,78.92
2024-07-22,15.88,0.12,0.0,0.12,9.88,20.3,9.2,74.91
2024-07-23,15.91,0.0,0.0,0.0,10.54,20.98,9.33,73.21
2024-07-24,13.81,2.88,0.0,2.88,10.02,18.05,9.07,80.32
2024-07-25,14.93,1.5,0.0,1.5,9.86,19.46,7.91,76.97
2024-07-26,13.76,4.1,0.0,4.1,9.54,18.58,8.97,79.95
2024-07-27,12.51,12.19,0.0,12.19,9.61,17.44,8.41,85.28
2024-07-28,12.74,9.94,0.0,9.94,8.9,16.16,9.21,83.06
2024-07-29,14.28,0.81,0.0,0.81,8.91,18.51,8.32,77.19
2024-07-30,14.48,0.11,0.0,0.11,8.7,18.86,10.01,76.64
2024-07-31,12.37,13.89,0.0,13.89,10.35,15.3,9.89,85.79
2024-08-01,13.18,0.0,0.0,0.0,8.95,17.46,8.33,78.54
2024-08-02,13.41,0.88,0.0,0.88,10.01,17.58,6.93,82.7
2024-08-03,14.35,0.52,0.0,0.52,10.69,17.72,7.02,82.22
2024-08-04,16.09,0.0,0.0,0.0,10.67,20.28,7.85,77.21
2024-08-05,15.41,0.84,0.0,0.84,10.24,19.59,8.4,76.66
2024-08-06,15.47,0.42,0.0,0.42,11.03,19.49,7.46,81.59
2024-08-07,15.56,0.89,0.0,0.89,10.92,20.09,8.63,79.63
2024-08-08,14.4,0.42,0.0,0.42,9.61,19.03,7.35,78.96
2024-08-09,14.96,0.06,0.0,0.06,9.61,19.34,8.1,78.79
2024-08-10,14.3,2.13,0.0,2.13,11.3,17.68,7.7,80.01
2024-08-11,14.86,0.61,0.0,0.61,9.97,18.45,9.98,76.85
2024-08-12,14.4,4.06,0.0,4.06,10.71,18.78,10.44,81.52
2024-08-13,14.31,0.2,0.0,0.2,9.28,18.85,9.37,78.22
2024-08-14,14.32,0.0,0.0,0.0,8.73,19.86,10.09,74.26
2024-08-15,14.01,0.0,0.0,0.0,8.13,18.92,9.67,74.72
2024-08-16,12.92,0.59,0.0,0.59,8.99,17.9,9.85,78.33
2024-08-17,13.36,0.0,0.0,0.0,6.76,18.76,9.12,72.03
2024-08-18,15.13,0.0,0.0,0.0,8.19,20.84,9.62,69.62
2024-08-19,17.04,0.0,0.0,0.0,10.52,22.5,8.18,66.81
2024-08-20,17.13,0.23,0.0,0.23,11.49,21.64,7.75,69.25
2024-08-21,17.82,0.06,0.0,0.06,10.89,23.55,8.11,67.16
2024-08-22,18.18,0.49,0.0,0.49,12.21,23.62,8.72,65.79
2024-08-23,17.21,0.51,0.0,0.51,12.97,21.73,8.6,78.58
2024-08-24,16.05,2.72,0.0,2.72,12.67,20.82,7.88,84.03
2024-08-25,14.3,2.79,0.0,2.79,10.12,19.3,9.08,79.28
2024-08-26,13.94,11.74,0.0,11.74,9.3,17.92,8.34,80.2
2024-08-27,16.96,0.0,0.0,0.0,9.47,18.64,8.34,70.83
2024-08-28,15.84,2.0,0.0,2.0,9.63,19.08,8.29,72.46
2024-08-29,15.96,1.41,0.0,1.41,10.72,19.52,7.62,75.21
2024-08-31,14.53,2.08,0.0,2.08,9.25,18.15,10.02,75.71
2024-09-01,15.59,6.79,0.0,6.79,9.81,19.34,8.39,77.61
2024-09-02,16.07,0.0,0.0,0.0,11.33,20.53,7.94,79.24
2024-09-03,15.45,0.0,0.0,0.0,11.01,19.44,7.75,81.14
2024-09-04,14.62,0.0,0.0,0.0,11.1,18.74,7.56,82.77
2024-09-05,13.84,3.78,0.0,3.78,9.96,18.26,6.9,84.0
2024-09-06,12.62,7.11,0.0,7.11,9.8,17.32,6.14,85.54
2024-09-07,13.47,0.29,0.0,0.29,8.04,18.86,9.78,76.16
2024-09-08,15.53,1.15,0.0,1.15,11.29,21.56,10.05,72.22
2024-09-09,14.95,0.12,0.0,0.12,9.62,19.7,10.12,67.2
2024-09-10,16.15,2.49,0.0,2.49,10.91,21.48,9.53,64.4
2024-09-11,17.12,0.0,0.0,0.0,11.44,23.91,9.89,62.19
2024-09-12,15.5,0.0,0.0,0.0,10.51,20.51,9.93,66.57
2024-09-13,15.01,1.5,0.0,1.5,11.8,20.14,7.29,81.98
2024-09-14,14.6,0.26,0.0,0.26,9.82,19.53,7.76,77.71
2024-09-15,14.5,0.0,0.0,0.0,9.42,19.46,9.79,71.88
2024-09-16,13.86,25.97,0.0,25.97,10.61,19.62,9.78,73.04
2024-09-17,11.19,21.18,0.0,21.18,9.5,14.0,7.29,88.42
2024-09-18,10.39,0.58,0.0,0.58,5.69,15.11,9.71,79.74
2024-09-19,10.96,2.27,0.0,2.27,6.32,15.56,8.5,77.99
2024-09-20,9.5,13.6,0.0,13.6,7.21,13.46,6.96,82.07
2024-09-21,9.9,3.28,0.0,3.28,5.26,14.57,8.61,81.08
2024-09-22,10.28,1.36,0.0,1.36,6.27,14.54,9.19,76.95
2024-09-23,11.05,3.29,0.0,3.29,7.01,16.03,9.54,77.33
2024-09-24,8.97,0.08,0.0,0.08,5.61,12.89,8.62,79.7
2024-09-25,10.09,0.06,0.0,0.06,4.87,14.55,9.76,80.03
2024-09-26,10.41,0.37,0.0,0.37,5.73,14.35,8.56,80.22
2024-09-27,10.72,0.28,0.0,0.28,5.9,15.49,8.43,77.12
2024-09-28,11.68,0.0,0.0,0.0,6.26,18.81,9.83,69.74
2024-09-29,13.75,0.0,0.0,0.0,7.62,19.46,14.76,56.99
2024-09-30,12.37,0.0,0.0,0.0,6.89,18.34,11.0,53.91
2024-10-01,10.2,17.92,0.0,17.92,7.45,14.88,9.54,74.4
2024-10-02,6.24,24.91,0.0,24.91,3.85,8.82,8.79,85.8
2024-10-03,7.29,0.29,0.0,0.29,2.71,12.65,10.39,75.51
2024-10-04,7.92,0.0,0.0,0.0,2.58,13.78,10.56,69.29
2024-10-05,8.89,0.0,0.0,0.0,3.29,15.26,10.13,66.75
2024-10-06,11.58,0.0,0.0,0.0,4.69,18.79,12.91,52.33
2024-10-07,13.1,0.0,0.0,0.0,7.1,20.55,13.67,52.51
2024-10-08,9.59,9.4,0.0,9.4,7.14,13.69,8.34,81.35
2024-10-09,9.56,0.0,0.0,0.0,4.55,15.36,10.55,71.21
2024-10-10,10.12,0.0,0.0,0.0,4.49,16.19,13.12,60.75
2024-10-11,10.15,6.1,0.0,6.1,7.69,13.83,9.31,81.58
2024-10-12,10.01,0.0,0.0,0.0,4.99,15.21,10.0,71.53
2024-10-13,10.35,13.61,0.0,13.61,7.65,14.98,10.39,75.87
2024-10-14,7.01,16.88,0.0,16.88,4.86,9.81,5.92,88.35
2024-10-15,6.58,6.82,0.0,6.82,3.91,9.99,6.72,89.22
2024-10-16,7.53,2.17,0.0,2.17,3.84,12.24,6.21,84.31
2024-10-17,5.39,30.38,0.0,30.38,2.58,8.06,10.43,90.3
2024-10-18,2.0,20.23,0.0,20.23,-0.72,5.08,12.13,82.24
2024-10-19,-0.55,10.12,10.12,0.0,-2.92,3.09,10.15,80.35
2024-10-20,0.31,20.24,20.24,0.0,-2.53,4.57,11.32,78.22
2024-10-21,-3.62,25.61,25.61,0.0,-5.73,-1.13,11.5,90.09
2024-10-22,-0.36,4.32,4.32,0.0,-4.88,4.76,10.4,78.92
2024-10-23,0.28,2.74,2.74,0.0,-4.17,4.51,9.7,80.81
2024-10-24,1.47,9.76,9.76,0.0,-2.14,5.67,8.63,84.26
2024-10-25,1.95,13.62,13.62,0.0,0.25,5.12,8.44,85.8
2024-10-26,1.27,26.23,26.23,0.0,-0.52,2.68,10.41,91.2
2024-10-27,0.47,8.82,8.82,0.0,-2.98,5.52,8.79,76.5
2024-10-28,0.02,0.0,0.0,0.0,-4.98,6.2,10.85,65.68
2024-10-29,-0.17,0.0,0.0,0.0,-5.29,5.24,9.81,65.82
2024-10-30,-0.06,0.0,0.0,0.0,-5.18,6.0,9.86,69.5
2024-10-31,0.66,0.0,0.0,0.0,-3.84,6.29,9.85,73.31
2024-11-01,0.86,0.0,0.0,0.0,-3.51,6.21,10.55,75.65
2024-11-02,2.05,0.0,0.0,0.0,-3.09,8.26,10.95,66.1
2024-11-03,1.92,6.98,6.98,0.0,-1.66,6.13,12.26,78.69
2024-11-04,-2.29,4.07,4.07,0.0,-4.6,1.77,7.77,85.5
2024-11-05,-2.41,28.88,28.88,0.0,-4.38,-0.01,16.22,85.83
2024-11-06,-3.7,15.11,15.11,0.0,-6.85,1.03,8.87,80.84
2024-11-07,-3.56,0.0,0.0,0.0,-7.13,2.16,9.84,75.14
2024-11-08,-2.85,0.0,0.0,0.0,-7.07,2.88,10.28,74.83
2024-11-09,-1.75,0.0,0.0,0.0,-5.43,4.49,9.68,70.69
2024-11-10,-0.56,0.0,0.0,0.0,-5.05,5.66,10.95,61.82
2024-11-11,0.36,0.0,0.0,0.0,-3.04,5.27,9.16,63.53
2024-11-12,-0.01,0.03,0.03,0.0,-3.56,5.46,7.27,73.12
2024-11-13,-0.89,0.0,0.0,0.0,-4.93,5.82,8.53,70.2
2024-11-14,-0.87,0.0,0.0,0.0,-4.86,5.42,8.0,66.81
2024-11-15,0.64,0.0,0.0,0.0,-3.69,6.4,9.11,62.3
2024-11-16,0.31,21.36,21.36,0.0,-2.18,4.75,10.0,80.1
2024-11-17,-1.17,1.56,1.56,0.0,-4.75,4.17,9.2,76.03
2024-11-18,1.89,1.43,1.43,0.0,-2.76,8.11,13.83,69.88
2024-11-19,0.75,12.73,12.73,0.0,-1.11,2.92,7.08,88.1
2024-11-20,1.51,0.0,0.0,0.0,-1.87,6.56,11.11,77.78
2024-11-21,2.78,0.0,0.0,0.0,-0.81,9.79,15.74,64.27
2024-11-22,2.54,0.03,0.0,0.03,-0.6,6.46,11.36,68.73
2024-11-23,4.07,0.0,0.0,0.0,0.06,10.27,16.43,63.73
2024-11-24,-0.15,11.0,11.0,0.0,-3.11,5.52,13.18,86.83
2024-11-25,-3.92,16.9,16.9,0.0,-5.54,-2.19,10.44,90.48
2024-11-26,-4.62,8.96,8.96,0.0,-6.92,-1.56,9.32,84.92
2024-11-27,-3.54,36.1,36.1,0.0,-4.6,-1.8,12.5,90.59
2024-11-28,-4.92,24.38,24.38,0.0,-7.27,-3.03,14.45,85.69
2024-11-29,-4.95,1.52,1.52,0.0,-7.55,-1.06,8.51,78.23
2024-11-30,-6.09,0.0,0.0,0.0,-8.84,-0.72,9.47,70.71
2024-12-01,-5.95,0.0,0.0,0.0,-9.82,0.51,9.88,67.82
2024-12-02,-6.41,0.0,0.0,0.0,-9.41,-1.25,11.31,68.4
2024-12-03,-5.83,0.0,0.0,0.0,-9.81,0.35,12.66,68.25
2024-12-04,-5.24,0.0,0.0,0.0,-8.67,0.44,15.14,55.28
2024-12-05,-4.32,0.0,0.0,0.0,-7.72,1.59,11.26,60.61
2024-12-06,-4.05,0.08,0.08,0.0,-6.99,1.64,9.4,68.62
2024-12-07,-2.1,0.0,0.0,0.0,-6.32,3.24,16.91,59.43
2024-12-08,-0.42,0.0,0.0,0.0,-3.72,4.23,15.98,56.23
2024-12-09,-0.42,0.0,0.0,0.0,-3.11,4.79,13.17,65.73
2024-12-10,-1.69,0.0,0.0,0.0,-4.75,3.19,16.39,67.7
2024-12-14,-10.95,35.54,35.54,0.0,-12.56,-9.06,16.75,79.28
2024-12-15,-9.8,4.99,4.99,0.0,-13.91,-5.77,20.11,57.39
2024-12-16,-7.95,6.73,6.73,0.0,-10.85,-4.49,13.38,67.44
2024-12-17,-6.59,9.44,9.44,0.0,-8.54,-3.42,12.62,85.81
2024-12-18,-4.28,26.16,26.16,0.0,-7.41,-2.0,17.57,90.18
2024-12-19,-3.09,8.86,8.86,0.0,-7.35,-0.35,12.7,83.07
2024-12-20,-4.91,0.0,0.0,0.0,-7.7,0.06,13.47,67.83
2024-12-21,-4.27,0.0,0.0,0.0,-8.05,1.24,15.73,59.59
2024-12-22,-3.4,0.25,0.25,0.0,-5.9,0.72,15.87,57.24
2024-12-23,-3.12,0.03,0.03,0.0,-6.68,1.83,15.64,66.69
2024-12-24,-1.12,0.06,0.06,0.0,-3.93,3.32,15.68,66.42
2024-12-25,-0.86,0.0,0.0,0.0,-3.58,4.42,17.43,64.47
2024-12-26,-1.01,0.0,0.0,0.0,-3.2,2.66,15.22,59.36
2024-12-27,-1.64,0.19,0.19,0.0,-3.85,1.47,10.16,69.32
2024-12-28,-2.5,12.96,12.96,0.0,-4.17,-0.95,9.35,89.39
2024-12-29,-4.59,8.19,8.19,0.0,-6.28,-2.05,6.1,87.43
2024-12-30,-4.69,0.0,0.0,0.0,-7.0,-0.85,6.59,78.93
2024-12-31,-5.21,1.16,1.16,0.0,-6.33,-3.9,5.99,83.3
2025-01-01,-4.82,1.04,1.04,0.0,-7.11,-2.05,5.7,84.21
2025-01-02,-4.7,0.0,0.0,0.0,-8.31,0.26,12.53,69.46
2025-01-03,-4.99,0.0,0.0,0.0,-8.28,0.72,13.68,53.14
2025-01-04,-5.57,0.0,0.0,0.0,-9.57,0.14,13.72,50.85
2025-01-05,-5.14,4.22,4.22,0.0,-8.32,-0.75,9.59,68.02
2025-01-06,-5.55,6.37,6.37,0.0,-8.54,-1.56,6.41,81.3
2025-01-07,-4.5,0.0,0.0,0.0,-8.58,0.87,13.73,62.72
2025-01-08,-2.86,0.0,0.0,0.0,-6.49,2.82,12.74,57.47
2025-01-09,-2.85,0.0,0.0,0.0,-6.29,2.63,10.52,59.26
2025-01-10,-2.27,0.0,0.0,0.0,-5.95,2.82,11.29,59.89
2025-01-11,-2.65,0.0,0.0,0.0,-6.85,2.68,9.65,61.0
2025-01-12,-2.96,0.0,0.0,0.0,-6.91,3.47,11.5,58.75
2025-01-13,-1.73,0.0,0.0,0.0,-5.36,2.84,15.06,61.14
2025-01-14,-3.2,2.45,2.45,0.0,-5.98,0.39,7.18,79.94
2025-01-15,-2.91,0.96,0.96,0.0,-6.0,0.31,6.08,81.05
2025-01-16,-3.92,10.68,10.68,0.0,-6.16,-2.27,7.49,87.92
2025-01-17,-5.87,10.87,10.87,0.0,-7.32,-4.23,11.59,87.42
2025-01-18,-5.83,6.33,6.33,0.0,-7.35,-4.53,11.83,84.82
2025-01-19,-5.6,32.3,32.3,0.0,-6.83,-3.79,15.41,88.36
2025-01-20,-7.25,17.9,17.9,0.0,-8.74,-5.5,12.56,85.21
2025-01-21,-6.61,0.9,0.9,0.0,-10.81,-1.73,10.8,69.46
2025-01-22,-4.21,0.0,0.0,0.0,-8.01,0.96,14.53,54.4
2025-01-23,-3.91,0.0,0.0,0.0,-6.76,-0.04,9.22,57.06
2025-01-24,-4.46,0.0,0.0,0.0,-7.4,-0.93,8.43,71.25
2025-01-25,-3.91,0.0,0.0,0.0,-7.38,1.46,11.49,65.68
2025-01-26,-4.81,0.47,0.47,0.0,-7.41,-1.27,8.79,68.97
2025-01-27,-5.5,0.0,0.0,0.0,-8.9,0.08,8.77,66.5
2025-01-28,-4.61,0.0,0.0,0.0,-9.04,0.92,11.07,54.5
2025-01-29,-4.4,0.0,0.0,0.0,-8.66,2.2,13.41,44.36
2025-01-30,-3.57,0.0,0.0,0.0,-7.8,3.2,11.83,42.11
2025-01-31,-3.27,0.0,0.0,0.0,-7.48,3.17,10.61,51.29
2025-02-01,-4.2,0.0,0.0,0.0,-8.47,2.24,7.08,56.02
2025-02-02,-4.82,0.0,0.0,0.0,-8.65,0.68,7.95,65.9
2025-02-03,-5.07,0.0,0.0,0.0,-9.12,0.56,7.81,66.78
2025-02-04,-5.87,5.93,5.93,0.0,-9.55,-0.54,9.22,69.32
2025-02-05,-6.52,3.81,3.81,0.0,-8.7,-3.58,6.24,84.17
2025-02-06,-6.84,3.18,3.18,0.0,-8.6,-5.12,8.39,85.82
2025-02-07,-5.9,0.88,0.88,0.0,-8.85,-1.82,6.84,82.44
2025-02-08,-6.22,0.48,0.48,0.0,-9.34,-2.66,6.41,83.3
2025-02-09,-6.44,0.17,0.17,0.0,-10.59,-2.19,6.2,78.65
2025-02-10,-7.72,0.0,0.0,0.0,-11.62,-2.03,7.76,72.21
2025-02-11,-7.41,0.0,0.0,0.0,-11.97,-1.24,8.0,64.43
2025-02-12,-6.58,0.08,0.08,0.0,-11.2,0.23,8.94,61.89
2025-02-13,-5.3,0.74,0.74,0.0,-9.69,0.07,8.29,67.36
2025-02-14,-6.59,7.31,7.31,0.0,-9.2,-4.58,9.7,86.16
2025-02-15,-5.11,0.0,0.0,0.0,-9.77,0.21,10.74,66.75
2025-02-16,-3.57,0.0,0.0,0.0,-8.02,1.79,9.88,58.56
2025-02-17,-2.83,0.0,0.0,0.0,-7.75,2.77,7.58,66.17
2025-02-18,-3.56,7.32,7.32,0.0,-6.57,0.65,10.38,73.27
2025-02-19,-7.29,18.96,18.96,0.0,-9.73,-4.6,9.41,86.27
2025-02-20,-10.1,15.92,15.92,0.0,-11.59,-8.73,10.92,86.11
2025-02-21,-12.39,5.28,5.28,0.0,-14.55,-9.96,8.66,79.96
2025-02-22,-13.15,2.04,2.04,0.0,-16.21,-9.02,8.7,75.52
2025-02-23,-12.87,6.11,6.11,0.0,-16.17,-8.27,12.84,72.96
2025-02-24,-12.88,14.7,14.7,0.0,-16.23,-10.35,15.37,80.59
2025-02-25,-10.43,14.19,14.19,0.0,-12.81,-7.72,15.44,75.33
2025-02-26,-11.02,19.52,19.52,0.0,-12.6,-9.03,13.34,83.1
2025-02-27,-10.17,8.79,8.79,0.0,-13.81,-6.01,8.25,76.61
2025-02-28,-11.0,2.71,2.71,0.0,-16.11,-2.84,10.49,61.48
2025-03-01,-8.94,3.03,3.03,0.0,-11.09,-6.29,7.85,82.07
2025-03-02,-8.02,0.98,0.98,0.0,-11.67,-3.17,9.02,62.62
2025-03-03,-7.17,4.4,4.4,0.0,-10.62,-3.49,10.92,69.87
2025-03-04,-6.89,1.58,1.58,0.0,-9.79,-2.51,6.93,79.92
2025-03-05,-5.99,0.0,0.0,0.0,-11.06,0.61,8.42,68.5
2025-03-06,-5.13,0.0,0.0,0.0,-10.01,0.41,8.37,64.25
2025-03-07,-3.18,0.0,0.0,0.0,-8.84,3.96,6.59,57.0
2025-03-08,-1.84,0.0,0.0,0.0,-5.96,4.48,7.76,58.79
2025-03-09,-0.19,0.0,0.0,0.0,-5.76,6.72,8.11,60.29
2025-03-10,0.16,0.0,0.0,0.0,-4.36,7.06,6.71,60.65
2025-03-11,0.67,0.0,0.0,0.0,-5.31,7.27,6.35,61.67
2025-03-12,3.74,0.0,0.0,0.0,-2.64,12.81,14.87,45.47
2025-03-13,4.99,0.0,0.0,0.0,-2.17,13.04,14.72,38.35
2025-03-14,5.44,0.0,0.0,0.0,-0.7,13.75,13.79,38.53
2025-03-15,5.42,0.0,0.0,0.0,-1.31,12.61,13.78,43.53
2025-03-16,6.24,0.0,0.0,0.0,0.24,13.66,14.53,45.7
2025-03-17,5.97,0.0,0.0,0.0,0.02,12.41,13.64,52.4
2025-03-18,1.0,0.0,0.0,0.0,-3.47,6.32,11.85,66.16
2025-03-19,-4.3,0.0,0.0,0.0,-7.01,-1.15,8.7,75.12
2025-03-20,-6.02,1.41,1.41,0.0,-7.82,-3.91,8.43,78.98
2025-03-21,-5.42,1.49,1.49,0.0,-7.59,-3.01,7.54,81.44
2025-03-22,-5.55,10.72,10.72,0.0,-7.63,-3.66,9.14,87.0
2025-03-23,-3.95,1.17,1.17,0.0,-6.91,-0.6,7.67,76.86
2025-03-24,-2.63,0.0,0.0,0.0,-8.5,3.77,8.87,59.34
2025-03-25,1.16,0.0,0.0,0.0,-5.36,8.66,9.43,52.65
2025-03-26,4.25,0.85,0.0,0.85,-0.44,8.75,9.14,69.29
2025-03-27,5.33,0.0,0.0,0.0,1.75,10.05,11.37,69.02
2025-03-28,8.87,0.0,0.0,0.0,1.18,15.21,13.39,52.56
2025-03-29,9.8,0.06,0.0,0.06,4.11,17.39,15.18,49.71
2025-03-30,8.28,0.82,0.0,0.82,2.4,16.88,13.45,60.3
2025-03-31,3.8,5.23,0.0,5.23,0.78,7.36,8.04,81.21
2025-04-01,7.15,2.39,0.0,2.39,-0.56,13.89,11.43,59.03
2025-04-02,7.16,2.9,0.0,2.9,2.95,12.86,13.19,59.87
2025-04-03,2.37,9.78,0.0,9.78,0.06,6.78,9.86,84.09
2025-04-04,2.56,2.01,0.0,2.01,-0.64,7.81,6.3,81.27
2025-04-05,2.77,1.69,0.0,1.69,-0.64,7.23,8.09,76.22
2025-04-06,4.45,1.16,0.0,1.16,-0.82,10.4,10.97,67.36
2025-04-07,6.58,2.96,0.0,2.96,1.6,11.83,14.18,60.51
2025-04-08,1.26,3.56,3.56,0.0,-1.21,7.2,10.93,78.76
2025-04-09,0.17,8.48,8.48,0.0,-4.33,4.21,12.73,81.98
2025-04-10,-4.83,10.86,10.86,0.0,-6.4,-3.39,9.58,85.43
2025-04-11,-2.21,1.12,1.12,0.0,-8.11,3.85,9.86,68.85
2025-04-12,-4.93,9.86,9.86,0.0,-8.56,-1.89,10.15,78.41
2025-04-13,-2.89,0.5,0.5,0.0,-7.5,2.28,9.37,76.5
2025-04-14,-2.21,2.0,2.0,0.0,-4.79,1.59,7.47,82.58
2025-04-15,-2.88,11.58,11.58,0.0,-4.44,-0.92,8.46,89.94
2025-04-16,-1.7,2.35,2.35,0.0,-3.97,0.96,8.79,86.67
2025-04-17,1.87,0.31,0.31,0.0,-3.41,8.03,7.69,78.29
2025-04-18,3.14,0.0,0.0,0.0,-2.34,10.57,7.55,65.26
2025-04-19,5.81,0.0,0.0,0.0,-0.41,11.74,10.78,64.13
2025-04-20,4.99,4.77,0.0,4.77,0.2,12.52,11.55,76.42
2025-04-21,4.34,4.95,0.0,4.95,-0.02,8.83,6.77,80.83
2025-04-22,6.13,0.52,0.0,0.52,0.52,11.61,7.19,75.93
2025-04-23,5.08,3.55,0.0,3.55,2.14,10.21,7.92,81.21
2025-04-24,5.68,1.17,0.0,1.17,1.84,11.42,8.18,77.36
2025-04-25,6.0,4.92,0.0,4.92,2.35,10.54,11.94,76.29
2025-04-26,5.49,3.08,0.0,3.08,1.19,12.13,9.12,75.29
2025-04-27,3.62,9.54,0.0,9.54,1.45,6.64,7.45,86.62
2025-04-28,0.22,2.2,2.2,0.0,-2.33,3.99,10.55,85.25
2025-04-29,0.59,0.0,0.0,0.0,-3.42,4.53,6.64,76.18
2025-04-30,2.38,3.14,0.0,3.14,-1.28,7.41,7.25,76.7
2025-05-01,6.16,0.52,0.0,0.52,-0.52,12.69,9.2,69.05
2025-05-02,5.75,5.85,0.0,5.85,2.4,10.32,11.33,78.85
2025-05-03,3.41,1.61,0.0,1.61,0.59,6.72,8.14,84.49
2025-05-04,4.79,2.02,0.0,2.02,0.74,10.62,7.86,77.59
2025-05-05,5.07,3.9,0.0,3.9,0.32,9.91,6.39,79.16
2025-05-06,6.1,1.66,0.0,1.66,1.89,10.9,7.44,72.5
2025-05-07,8.61,0.0,0.0,0.0,0.35,15.29,9.27,52.2
2025-05-08,9.04,0.13,0.0,0.13,4.38,14.4,9.11,61.3
2025-05-09,11.33,0.0,0.0,0.0,4.27,19.1,11.76,55.95
2025-05-10,10.93,0.1,0.0,0.1,4.75,18.34,8.76,62.64
2025-05-11,6.93,1.88,0.0,1.88,3.78,12.01,9.1,80.95
2025-05-12,7.0,6.35,0.0,6.35,3.02,13.05,8.37,83.09
2025-05-13,3.4,18.48,0.0,18.48,1.1,5.47,8.94,92.6
2025-05-14,1.61,7.1,7.1,0.0,-0.23,4.53,8.45,88.19
2025-05-15,1.01,8.57,8.57,0.0,-2.36,4.64,7.33,89.04
2025-05-16,5.9,0.31,0.0,0.31,-1.84,13.01,9.2,67.13
2025-05-17,12.57,0.0,0.0,0.0,4.54,20.72,14.58,49.47
2025-05-18,8.41,4.5,0.0,4.5,5.26,13.32,9.92,75.75
2025-05-19,4.24,8.53,0.0,8.53,1.54,6.76,8.79,84.79
2025-05-20,6.96,0.55,0.0,0.55,-0.16,13.42,10.39,70.41
2025-05-21,5.33,0.11,0.0,0.11,1.49,9.85,8.55,76.24
2025-05-22,7.29,0.0,0.0,0.0,0.12,13.62,8.04,65.17
2025-05-23,9.89,0.03,0.0,0.03,3.81,15.96,7.67,67.64
2025-05-24,10.71,0.75,0.0,0.75,5.31,16.24,8.42,65.94
2025-05-25,10.85,0.0,0.0,0.0,4.44,16.75,8.6,55.12
2025-05-26,13.54,0.0,0.0,0.0,6.7,20.05,10.72,55.92
2025-05-27,10.71,1.95,0.0,1.95,6.55,16.35,9.67,71.12
2025-05-28,7.79,6.18,0.0,6.18,4.59,11.31,9.89,85.36
2025-05-29,8.15,1.12,0.0,1.12,4.67,12.65,7.81,80.6
2025-05-30,7.16,2.08,0.0,2.08,4.44,11.1,8.08,81.1
2025-05-31,8.8,2.41,0.0,2.41,3.65,13.65,8.55,72.66
2025-06-01,10.04,0.3,0.0,0.3,5.94,15.63,7.49,71.32
2025-06-02,7.45,5.03,0.0,5.03,5.09,9.8,8.9,87.05
2025-06-03,7.33,1.91,0.0,1.91,4.58,10.68,8.99,84.61
2025-06-04,8.41,0.36,0.0,0.36,5.88,12.11,9.01,81.0
2025-06-05,8.8,0.0,0.0,0.0,4.16,13.06,8.06,78.53
2025-06-06,9.55,0.0,0.0,0.0,4.89,14.33,8.77,76.32
2025-06-07,9.78,0.0,0.0,0.0,4.51,15.02,8.1,72.51
2025-06-08,11.03,0.0,0.0,0.0,5.4,18.67,8.06,67.68
2025-06-09,11.42,0.1,0.0,0.1,6.99,16.23,6.79,74.53
2025-06-10,11.14,1.04,0.0,1.04,6.33,15.95,7.53,77.4
2025-06-11,12.34,0.03,0.0,0.03,7.4,17.22,7.01,75.39
2025-06-12,13.1,0.19,0.0,0.19,8.53,17.38,7.42,75.49
2025-06-13,12.32,2.97,0.0,2.97,7.61,17.98,7.62,79.53
2025-06-14,9.09,14.07,0.0,14.07,6.31,13.12,9.89,88.31
2025-06-15,6.8,8.16,0.0,8.16,4.93,9.54,9.02,86.63
2025-06-16,7.08,3.82,0.0,3.82,3.02,11.52,11.1,77.18
2025-06-17,6.32,8.03,0.0,8.03,3.26,9.94,10.04,78.44
2025-06-18,8.45,0.31,0.0,0.31,2.93,13.68,9.96,74.52
2025-06-19,9.34,0.0,0.0,0.0,3.57,15.44,9.61,72.5
2025-06-20,10.56,0.0,0.0,0.0,4.61,16.85,8.31,70.98
2025-06-21,10.68,0.03,0.0,0.03,5.83,16.04,10.35,72.0
2025-06-22,8.59,7.81,0.0,7.81,5.51,13.04,9.17,77.63
2025-06-23,8.52,2.49,0.0,2.49,5.23,12.62,8.98,75.44
2025-06-24,9.17,0.0,0.0,0.0,3.5,14.56,10.52,68.43
2025-06-25,10.74,0.0,0.0,0.0,3.95,17.3,8.91,60.98
2025-06-26,12.51,0.0,0.0,0.0,6.19,19.41,9.05,57.83
2025-06-27,12.55,0.0,0.0,0.0,7.23,18.69,9.5,63.02
2025-06-28,12.55,0.0,0.0,0.0,6.21,18.35,9.24,65.99
2025-06-29,9.7,2.48,0.0,2.48,7.24,13.61,9.78,83.81
2025-06-30,7.61,6.0,0.0,6.0,5.71,10.06,10.7,83.97
2025-07-01,10.44,0.4,0.0,0.4,4.95,15.43,10.48,73.49
2025-07-02,9.17,1.11,0.0,1.11,6.24,12.01,10.72,78.17
2025-07-03,7.68,4.96,0.0,4.96,5.17,11.57,9.84,82.11
2025-07-04,6.68,10.18,0.0,10.18,4.74,8.91,8.5,85.77
2025-07-05,8.14,7.52,0.0,7.52,5.13,11.78,9.39,85.69
2025-07-06,10.7,1.0,0.0,1.0,6.84,14.92,8.94,80.95
2025-07-07,12.4,0.19,0.0,0.19,6.85,17.67,7.78,77.51
2025-07-08,14.16,0.0,0.0,0.0,8.28,20.69,8.76,73.92
2025-07-09,14.97,0.19,0.0,0.19,9.66,21.25,8.05,73.03
2025-07-10,15.63,2.5,0.0,2.5,10.47,22.08,9.05,73.03
2025-07-11,15.1,0.03,0.0,0.03,10.25,19.86,7.66,79.17
2025-07-12,16.11,0.0,0.0,0.0,11.96,20.38,6.94,76.76
2025-07-13,15.83,0.37,0.0,0.37,11.96,19.96,6.91,80.2
2025-07-14,16.22,0.15,0.0,0.15,12.61,21.0,7.44,80.91
2025-07-15,14.45,2.29,0.0,2.29,11.84,17.72,6.66,84.0
2025-07-16,14.36,3.31,0.0,3.31,11.92,18.55,6.83,82.0
2025-07-17,14.78,5.8,0.0,5.8,11.16,19.3,6.76,81.9
2025-07-18,16.87,0.0,0.0,0.0,9.98,23.8,8.17,70.07
2025-07-19,14.99,2.03,0.0,2.03,11.07,20.09,7.47,77.2
2025-07-20,15.12,5.83,0.0,5.83,10.74,20.04,7.89,82.6
2025-07-21,14.56,5.86,0.0,5.86,11.85,19.29,7.45,85.73
2025-07-22,15.58,3.75,0.0,3.75,11.82,19.69,7.68,83.44
2025-07-23,15.59,0.03,0.0,0.03,11.81,20.1,7.44,81.43
2025-07-24,15.75,0.0,0.0,0.0,11.74,20.41,7.86,80.92
2025-07-25,15.38,0.0,0.0,0.0,10.79,20.15,9.47,77.12
2025-07-26,15.1,0.03,0.0,0.03,12.13,19.37,8.35,80.33
2025-07-27,16.82,0.0,0.0,0.0,12.05,21.77,7.09,77.26
2025-07-28,18.08,0.0,0.0,0.0,12.2,25.07,7.23,67.83
2025-07-29,20.12,0.0,0.0,0.0,13.13,26.4,7.87,58.85
2025-07-30,18.76,0.0,0.0,0.0,13.73,24.6,8.17,64.86
2025-07-31,18.25,0.95,0.0,0.95,14.7,22.89,7.66,80.77
2025-08-01,18.02,2.47,0.0,2.47,15.04,22.61,7.83,81.52
2025-08-02,17.86,2.29,0.0,2.29,13.95,23.39,9.03,79.7
2025-08-03,16.21,0.88,0.0,0.88,13.06,20.11,7.89,79.14
2025-08-04,16.28,0.57,0.0,0.57,13.1,20.26,8.45,82.29
2025-08-05,16.48,1.92,0.0,1.92,13.23,21.1,7.28,81.34
2025-08-06,16.6,0.08,0.0,0.08,12.72,21.24,7.37,77.56
2025-08-07,16.79,0.98,0.0,0.98,13.14,22.09,7.91,77.0
2025-08-08,16.24,2.08,0.0,2.08,12.97,20.81,9.4,80.05
2025-08-09,15.47,6.63,0.0,6.63,12.54,19.19,9.12,81.33
2025-08-10,13.29,4.37,0.0,4.37,9.73,17.05,9.27,83.59
2025-08-11,13.43,0.12,0.0,0.12,7.74,18.72,10.28,73.83
2025-08-12,12.44,0.39,0.0,0.39,9.24,16.55,11.02,77.0
2025-08-13,12.69,0.0,0.0,0.0,7.77,18.5,9.84,76.07
2025-08-14,12.95,0.0,0.0,0.0,8.09,18.64,9.4,73.56
2025-08-15,12.39,0.0,0.0,0.0,7.6,18.57,9.71,72.99
2025-08-16,12.14,0.21,0.0,0.21,7.41,17.38,10.09,73.12
2025-08-17,13.64,0.0,0.0,0.0,7.92,20.5,9.43,70.79
2025-08-18,15.49,0.0,0.0,0.0,10.0,22.35,8.83,66.19
2025-08-19,14.56,0.0,0.0,0.0,8.77,20.54,8.98,67.87
2025-08-20,15.08,0.25,0.0,0.25,9.73,20.99,9.79,73.37
2025-08-21,13.46,21.6,0.0,21.6,9.99,17.98,10.78,80.55
2025-08-22,13.7,0.0,0.0,0.0,7.92,19.96,9.25,72.29
2025-08-23,16.56,0.0,0.0,0.0,10.47,24.2,11.55,62.57
2025-08-24,15.23,0.03,0.0,0.03,9.93,20.41,10.09,67.06
2025-08-25,13.21,7.22,0.0,7.22,10.59,17.21,9.88,82.63
2025-08-26,11.86,0.91,0.0,0.91,9.72,14.96,9.12,81.47
2025-08-27,12.41,0.76,0.0,0.76,9.29,16.98,8.87,80.22
2025-08-28,13.02,0.88,0.0,0.88,9.34,17.35,7.87,79.45
2025-08-29,14.93,0.0,0.0,0.0,9.99,20.64,8.61,73.4
2025-08-30,17.99,0.0,0.0,0.0,12.2,26.11,9.58,67.2
2025-08-31,17.26,0.0,0.0,0.0,11.45,24.27,9.0,66.94
2025-09-01,17.88,0.0,0.0,0.0,12.48,24.52,8.26,67.78
2025-09-02,15.95,0.27,0.0,0.27,12.31,21.16,8.26,76.94
2025-09-03,13.36,24.59,0.0,24.59,10.34,17.94,8.19,85.79
2025-09-04,12.91,3.25,0.0,3.25,9.42,17.69,7.99,82.42
2025-09-05,13.06,0.91,0.0,0.91,9.25,17.74,6.48,80.6
2025-09-06,13.79,0.0,0.0,0.0,9.28,19.26,7.42,75.99
2025-09-07,12.42,9.84,0.0,9.84,9.16,16.06,6.63,84.04
2025-09-08,12.39,1.53,0.0,1.53,8.98,16.92,7.65,81.84
2025-09-09,11.49,7.63,0.0,7.63,7.98,15.93,9.18,84.68
2025-09-10,9.89,9.5,0.0,9.5,7.22,13.75,9.13,84.41
2025-09-11,9.14,1.82,0.0,1.82,5.28,14.28,10.22,81.98
2025-09-12,9.3,0.15,0.0,0.15,5.98,14.5,9.27,81.0
2025-09-13,9.33,0.28,0.0,0.28,4.88,14.63,9.68,77.64
2025-09-14,9.53,1.98,0.0,1.98,5.78,13.98,7.8,78.17
2025-09-15,10.38,0.0,0.0,0.0,5.79,16.12,8.98,74.5
2025-09-16,9.29,0.0,0.0,0.0,3.77,15.33,9.85,75.32
2025-09-17,9.11,11.61,0.0,11.61,5.47,14.6,6.73,79.23
2025-09-18,9.34,12.28,0.0,12.28,4.75,14.64,11.83,75.58
2025-09-19,5.32,20.33,0.0,20.33,3.37,9.02,12.25,84.06
2025-09-20,6.72,31.01,0.0,31.01,4.05,9.77,17.14,83.94
2025-09-21,4.62,8.93,0.0,8.93,2.06,8.4,12.18,79.13
2025-09-22,5.85,0.0,0.0,0.0,0.34,12.74,9.8,74.59
2025-09-23,8.54,0.0,0.0,0.0,2.83,15.93,8.74,67.4
2025-09-24,9.2,0.0,0.0,0.0,4.15,15.91,7.78,65.32
2025-09-25,7.78,0.0,0.0,0.0,3.34,13.37,7.95,72.94
2025-09-26,7.65,1.78,0.0,1.78,5.25,11.22,7.96,83.9
2025-09-27,5.65,3.39,0.0,3.39,3.62,8.19,7.32,86.36
2025-09-28,6.98,0.54,0.0,0.54,3.49,11.98,6.24,78.35
2025-09-29,9.33,0.0,0.0,0.0,5.11,16.38,9.84,68.73
2025-09-30,6.93,11.54,0.0,11.54,4.95,9.71,7.2,87.11
2025-10-01,6.6,1.25,0.0,1.25,3.71,10.21,6.7,82.86
2025-10-02,6.49,2.8,0.0,2.8,3.86,10.35,5.45,83.58
2025-10-03,9.15,0.0,0.0,0.0,3.95,16.05,9.78,69.4
2025-10-04,11.87,0.0,0.0,0.0,6.1,20.09,10.92,58.45
2025-10-05,9.98,0.0,0.0,0.0,5.55,16.57,9.88,67.67
2025-10-06,9.19,0.0,0.0,0.0,5.35,14.81,6.44,80.69
2025-10-07,10.62,0.0,0.0,0.0,5.72,16.93,8.66,64.29
2025-10-08,11.92,0.0,0.0,0.0,7.41,18.83,9.93,58.75
2025-10-09,9.69,2.55,0.0,2.55,4.94,15.92,10.12,68.09
2025-10-10,4.2,25.8,0.0,25.8,2.0,7.13,9.37,82.46
2025-10-11,3.9,1.68,0.0,1.68,1.65,8.1,7.53,76.81
2025-10-12,4.0,4.75,0.0,4.75,0.56,9.66,11.47,78.43
2025-10-13,1.87,19.12,19.12,0.0,-0.02,3.3,9.22,90.24
2025-10-14,3.25,0.0,0.0,0.0,-1.29,10.1,10.11,73.09
2025-10-15,4.5,0.0,0.0,0.0,0.52,9.29,7.99,74.52
2025-10-16,4.16,0.3,0.0,0.3,0.54,8.38,7.61,82.14
2025-10-17,4.6,0.25,0.0,0.25,0.88,9.44,6.63,79.12
2025-10-18,5.64,0.0,0.0,0.0,1.44,11.76,7.76,71.83
2025-10-19,5.87,0.03,0.0,0.03,2.64,10.66,7.81,71.41
2025-10-20,3.47,16.22,0.0,16.22,1.03,6.3,7.11,88.86
2025-10-21,2.21,1.24,0.0,1.24,-0.85,6.17,6.99,81.43
2025-10-22,3.71,0.0,0.0,0.0,-1.8,10.07,11.02,64.81
2025-10-23,5.74,0.0,0.0,0.0,2.37,9.8,11.91,68.73
2025-10-24,7.33,4.12,0.0,4.12,4.1,12.37,12.66,75.4
2025-10-25,7.07,0.42,0.0,0.42,3.91,10.91,12.71,75.13
2025-10-26,4.09,15.81,0.0,15.81,1.91,8.05,10.26,87.15
2025-10-27,5.57,0.0,0.0,0.0,0.87,11.59,14.34,71.24
2025-10-28,7.96,0.0,0.0,0.0,4.32,12.69,12.21,67.76
2025-10-29,3.55,23.62,0.0,23.62,0.14,8.15,11.99,86.28
2025-10-30,1.62,0.11,0.11,0.0,-1.14,7.07,10.61,72.96
2025-10-31,2.51,0.0,0.0,0.0,-1.98,9.34,11.78,59.18
2025-11-01,2.41,0.0,0.0,0.0,-1.77,8.25,10.89,61.91
2025-11-02,1.54,0.0,0.0,0.0,-2.34,7.41,9.52,73.38
2025-11-03,2.64,0.0,0.0,0.0,-2.14,8.95,11.24,58.22
2025-11-04,3.73,0.0,0.0,0.0,-0.18,10.46,11.03,54.3
2025-11-05,3.2,0.0,0.0,0.0,-0.01,8.97,8.53,61.89
2025-11-06,3.32,0.0,0.0,0.0,-1.01,10.03,8.26,63.96
2025-11-07,5.22,0.0,0.0,0.0,0.68,11.15,9.09,61.67
2025-11-08,6.93,0.0,0.0,0.0,3.04,12.73,12.94,59.45
2025-11-09,5.67,0.0,0.0,0.0,1.67,12.21,7.86,64.24
2025-11-10,4.42,0.0,0.0,0.0,0.66,9.9,7.35,62.67
2025-11-11,5.55,0.0,0.0,0.0,0.42,11.71,12.6,54.35
2025-11-12,5.69,0.39,0.0,0.39,2.21,10.84,10.28,61.94
2025-11-13,4.27,0.78,0.0,0.78,0.68,8.43,9.17,69.79
2025-11-14,3.58,1.82,0.0,1.82,1.99,6.98,7.66,76.03
2025-11-15,2.97,0.93,0.0,0.93,0.49,6.11,7.86,79.38
2025-11-16,2.32,0.86,0.0,0.86,-0.4,5.37,6.71,83.18
2025-11-17,3.18,0.0,0.0,0.0,-0.0,8.26,7.58,77.82
2025-11-18,3.18,0.0,0.0,0.0,-0.7,9.81,12.12,61.56
2025-11-19,3.1,0.0,0.0,0.0,-0.68,9.43,11.88,50.68
2025-11-20,3.31,0.0,0.0,0.0,-0.8,10.25,12.57,46.03
2025-11-21,3.05,0.0,0.0,0.0,-0.55,9.23,11.32,44.12
2025-11-22,3.96,0.0,0.0,0.0,0.34,9.72,12.8,39.58
2025-11-23,4.26,0.0,0.0,0.0,0.49,10.73,15.1,35.37
2025-11-24,4.35,0.0,0.0,0.0,0.47,10.71,12.95,41.97
2025-11-25,1.83,0.0,0.0,0.0,-1.51,7.07,8.76,45.54
2025-11-26,1.76,0.0,0.0,0.0,-1.4,6.34,8.03,50.43
2025-11-27,1.54,0.0,0.0,0.0,-1.59,7.02,9.38,58.44
2025-11-28,1.73,0.0,0.0,0.0,-1.93,7.23,10.99,54.92
2025-11-29,2.38,0.0,0.0,0.0,-1.01,8.28,10.82,47.34
2025-11-30,3.2,0.06,0.0,0.06,-0.69,8.69,13.59,48.66
2025-12-01,1.31,10.88,10.88,0.0,-1.38,6.0,10.33,76.69
2025-12-02,-1.56,4.23,4.23,0.0,-2.63,0.4,7.94,87.06
2025-12-03,-1.17,0.0,0.0,0.0,-3.61,3.1,8.94,79.19
2025-12-04,-2.0,0.0,0.0,0.0,-4.98,2.79,10.18,63.89
2025-12-05,-1.15,0.0,0.0,0.0,-4.86,3.74,11.25,53.56
2025-12-06,0.41,0.0,0.0,0.0,-2.38,4.39,17.12,59.21
2025-12-07,2.63,2.19,0.0,2.19,0.03,4.88,16.52,68.01
2025-12-08,2.23,0.55,0.0,0.55,-0.49,6.1,9.89,73.18
2025-12-09,0.64,0.22,0.22,0.0,-1.96,4.59,6.46,77.17
2025-12-10,-0.17,9.18,9.18,0.0,-1.48,1.6,5.87,90.83
2025-12-11,-0.93,5.16,5.16,0.0,-2.78,1.48,5.99,88.01
2025-12-12,-2.06,4.43,4.43,0.0,-3.99,-0.44,6.55,88.69
2025-12-13,-3.21,26.68,26.68,0.0,-4.48,-1.85,14.97,90.24
2025-12-14,-5.28,11.67,11.67,0.0,-8.41,-2.3,14.09,82.09
2025-12-15,-6.01,2.48,2.48,0.0,-9.08,-2.52,7.98,76.64
2025-12-16,-5.63,9.21,9.21,0.0,-8.46,-2.52,7.74,85.62
2025-12-17,-6.42,0.0,0.0,0.0,-9.55,-1.43,8.49,79.03
2025-12-18,-5.61,0.0,0.0,0.0,-9.07,-0.97,8.71,68.02
2025-12-19,-4.48,0.0,0.0,0.0,-7.47,0.76,7.82,63.89
2025-12-20,-4.7,0.0,0.0,0.0,-8.28,0.59,7.97,63.98
2025-12-21,-3.17,0.0,0.0,0.0,-6.82,2.22,9.49,55.11
2025-12-22,-2.39,0.0,0.0,0.0,-5.28,2.18,8.13,62.53
2025-12-23,-2.85,0.0,0.0,0.0,-5.95,1.77,10.08,66.12
2025-12-24,-3.29,3.81,3.81,0.0,-5.5,-0.1,8.94,74.98
2025-12-25,-4.02,3.38,3.38,0.0,-6.13,-1.4,8.94,86.9
2025-12-26,-4.54,5.83,5.83,0.0,-6.0,-2.73,6.25,84.77
2025-12-27,-6.64,24.67,24.67,0.0,-8.63,-5.12,8.51,90.5
2025-12-28,-8.65,4.63,4.63,0.0,-11.86,-4.84,8.13,76.1
2025-12-29,-9.2,6.86,6.86,0.0,-11.3,-5.74,12.7,73.48
2025-12-30,-9.45,16.14,16.14,0.0,-11.87,-5.57,14.77,75.84
2025-12-31,-7.03,2.81,2.81,0.0,-10.61,-3.38,17.97,67.49
2026-01-01,-7.19,21.7,21.7,0.0,-10.12,-4.19,9.25,82.13
2024-08-30,-1.59,0.0,0.0,0.0,-4.18,2.02,10.02,82.41
2024-12-11,-4.39,0.0,0.0,0.0,-7.01,-0.8,14.15,71.39
2024-12-12,-5.86,0.0,0.0,0.0,-8.14,-1.93,10.5,83.26
2024-12-13,-6.29,0.0,0.0,0.0,-8.71,-3.06,16.92,81.28
