time,Ayder yaylası - Rize_temp,Ayder yaylası - Rize_prcp,Ayder yaylası - Rize_snow,Ayder yaylası - Rize_rain,Ayder yaylası - Rize_tmin,Ayder yaylası - Rize_tmax,Ayder yaylası - Rize_wspd,Ayder yaylası - Rize_rhum
2024-01-01,0.67,0.0,0.0,0.0,-3.37,4.46,12.57,56.87
2024-01-02,2.13,0.0,0.0,0.0,-1.68,4.69,11.7,54.19
2024-01-03,0.4,12.3,12.3,0.0,-1.53,2.8,12.81,81.66
2024-01-04,0.79,11.37,11.37,0.0,-2.1,3.12,17.7,80.09
2024-01-05,2.2,21.24,0.0,21.24,0.1,4.04,18.57,85.6
2024-01-06,1.28,32.27,32.27,0.0,-2.48,5.94,14.98,68.42
2024-01-07,2.75,0.0,0.0,0.0,-2.65,6.8,20.6,52.6
2024-01-08,4.68,0.0,0.0,0.0,0.98,7.58,18.32,53.46
2024-01-09,1.82,9.55,9.55,0.0,0.35,4.3,10.81,88.18
2024-01-10,-0.23,23.57,23.57,0.0,-1.71,1.11,13.0,93.09
2024-01-11,-2.09,7.7,7.7,0.0,-3.13,-0.45,7.68,89.05
2024-01-12,-2.43,4.93,4.93,0.0,-5.29,-0.35,8.98,85.06
2024-01-13,-6.28,30.1,30.1,0.0,-7.84,-3.62,16.0,90.2
2024-01-14,-6.37,16.79,16.79,0.0,-10.05,-1.83,11.66,74.91
2024-01-15,-3.93,0.0,0.0,0.0,-9.03,0.45,19.46,58.1
2024-01-16,1.95,0.41,0.41,0.0,-5.01,5.72,23.29,56.22
2024-01-17,-1.03,19.88,19.88,0.0,-2.06,0.23,10.89,91.81
2024-01-18,1.15,1.07,1.07,0.0,-3.62,5.85,14.32,73.13
2024-01-19,4.55,0.0,0.0,0.0,-1.08,9.47,16.76,57.12
2024-01-20,4.67,0.14,0.0,0.14,2.01,8.48,15.19,62.36
2024-01-21,1.17,18.32,18.32,0.0,-2.3,5.55,17.86,85.53
2024-01-22,-4.06,29.91,29.91,0.0,-4.88,-2.45,14.44,90.01
2024-01-23,-4.07,5.92,5.92,0.0,-5.9,-2.36,6.8,85.19
2024-01-24,-3.59,0.26,0.26,0.0,-5.79,-1.25,11.82,81.96
2024-01-25,-3.19,0.43,0.43,0.0,-6.89,0.42,11.17,66.59
2024-01-26,-1.7,0.1,0.1,0.0,-5.11,1.03,8.97,67.5
2024-01-27,-4.74,13.96,13.96,0.0,-5.49,-3.48,16.08,92.67
2024-01-28,-3.52,22.33,22.33,0.0,-5.99,-1.27,9.36,82.06
2024-01-29,-3.2,1.09,1.09,0.0,-6.27,0.21,11.67,75.45
2024-01-30,-4.11,2.83,2.83,0.0,-7.28,0.76,11.11,70.07
2024-01-31,-3.75,0.0,0.0,0.0,-7.89,0.42,12.1,59.32
2024-02-01,-3.15,0.0,0.0,0.0,-7.5,0.36,10.61,58.22
2024-02-02,-2.55,0.0,0.0,0.0,-6.8,1.5,10.45,58.65
2024-02-03,-3.48,6.02,6.02,0.0,-5.47,-1.29,11.33,73.65
2024-02-04,-1.18,0.12,0.12,0.0,-4.81,1.66,10.76,74.54
2024-02-05,-0.16,5.55,5.55,0.0,-2.17,1.4,12.57,76.86
2024-02-06,0.84,37.34,37.34,0.0,-1.24,2.25,19.2,83.56
2024-02-07,3.63,34.62,0.0,34.62,-1.84,9.52,16.13,66.28
2024-02-08,3.77,0.0,0.0,0.0,-0.6,8.08,19.45,58.32
2024-02-09,4.75,0.0,0.0,0.0,0.63,9.99,16.36,60.79
2024-02-10,5.34,0.0,0.0,0.0,-0.08,10.95,16.63,60.21
2024-02-11,5.48,0.0,0.0,0.0,-0.68,11.32,15.45,56.45
2024-02-12,6.38,0.0,0.0,0.0,1.79,10.93,14.45,52.59
2024-02-13,6.56,0.0,0.0,0.0,2.6,11.03,13.61,49.69
2024-02-14,5.95,0.0,0.0,0.0,1.8,11.34,14.68,60.98
2024-02-15,2.4,1.82,0.0,1.82,-0.52,4.36,8.34,84.6
2024-02-16,1.5,0.7,0.7,0.0,-1.65,3.55,6.5,87.08
2024-02-17,0.96,13.02,13.02,0.0,-0.01,2.26,8.6,95.87
2024-02-18,0.51,20.16,20.16,0.0,-0.71,1.74,13.55,95.0
2024-02-19,-0.56,2.4,2.4,0.0,-2.19,1.53,8.86,90.72
2024-02-20,-0.38,0.46,0.46,0.0,-2.61,1.69,6.1,87.0
2024-02-21,0.55,1.63,1.63,0.0,-3.51,3.39,7.36,80.25
2024-02-22,1.17,1.13,1.13,0.0,-2.87,3.91,9.44,78.88
2024-02-23,0.56,5.32,5.32,0.0,-3.12,3.17,9.17,82.15
2024-02-24,1.14,0.0,0.0,0.0,-4.41,6.54,9.23,61.2
2024-02-25,1.25,0.0,0.0,0.0,-4.18,5.59,10.45,56.74
2024-02-26,2.95,0.0,0.0,0.0,-2.66,7.13,17.24,36.68
2024-02-27,1.91,0.0,0.0,0.0,-3.86,6.66,13.49,40.47
2024-02-28,0.55,0.0,0.0,0.0,-5.12,4.71,9.58,48.37
2024-02-29,0.67,0.0,0.0,0.0,-5.01,5.47,8.74,50.38
2024-03-01,1.59,0.0,0.0,0.0,-4.95,6.07,9.07,47.42
2024-03-02,3.67,0.0,0.0,0.0,-1.87,7.57,9.88,49.17
2024-03-03,2.74,0.0,0.0,0.0,-0.51,5.87,10.79,68.26
2024-03-04,2.22,0.5,0.0,0.5,-0.59,4.52,5.8,85.39
2024-03-05,3.32,0.0,0.0,0.0,-1.88,6.71,8.33,74.5
2024-03-06,5.18,2.97,0.0,2.97,0.47,10.17,15.76,63.45
2024-03-07,0.39,26.98,26.98,0.0,-0.49,1.69,14.21,90.13
2024-03-08,0.26,5.52,5.52,0.0,-2.33,3.07,9.84,83.85
2024-03-09,0.46,0.53,0.53,0.0,-3.21,3.71,10.2,80.81
2024-03-10,-1.11,10.26,10.26,0.0,-3.65,0.65,8.08,85.23
2024-03-11,0.51,0.0,0.0,0.0,-4.79,3.98,10.59,69.11
2024-03-12,3.7,0.0,0.0,0.0,-4.42,8.31,12.09,51.76
2024-03-13,7.51,0.0,0.0,0.0,0.33,12.86,15.89,50.31
2024-03-14,4.47,0.0,0.0,0.0,0.98,8.42,13.62,64.83
2024-03-15,2.74,2.15,0.0,2.15,-0.13,5.24,9.22,77.54
2024-03-16,1.01,19.78,19.78,0.0,-0.53,2.82,9.41,91.19
2024-03-17,1.38,3.64,3.64,0.0,-0.59,3.04,7.23,84.49
2024-03-18,2.63,2.04,0.0,2.04,-0.36,4.79,7.39,84.39
2024-03-19,1.14,5.69,5.69,0.0,-0.09,3.19,13.11,90.23
2024-03-20,1.27,4.29,4.29,0.0,-1.85,3.19,7.29,81.81
2024-03-21,1.41,1.15,1.15,0.0,-2.73,4.31,9.01,81.95
2024-03-22,-1.22,11.59,11.59,0.0,-2.25,0.22,13.24,89.23
2024-03-23,-0.55,9.54,9.54,0.0,-4.25,1.36,8.12,83.09
2024-03-24,0.68,6.34,6.34,0.0,-3.4,3.86,10.5,76.73
2024-03-25,3.63,0.12,0.0,0.12,-4.07,7.02,12.45,55.83
2024-03-26,0.86,11.82,11.82,0.0,-1.75,4.43,20.21,67.13
2024-03-27,1.4,0.95,0.95,0.0,-4.64,5.92,13.25,60.02
2024-03-28,5.74,0.0,0.0,0.0,-1.8,12.31,13.88,56.18
2024-03-29,7.31,0.0,0.0,0.0,2.2,13.96,15.34,62.85
2024-03-30,7.02,0.75,0.0,0.75,2.96,10.55,11.7,69.73
2024-03-31,7.79,0.0,0.0,0.0,2.1,12.92,10.42,56.89
2024-04-01,8.98,0.0,0.0,0.0,3.89,13.99,10.47,55.39
2024-04-02,10.06,0.0,0.0,0.0,4.32,16.45,12.32,49.95
2024-04-03,10.24,0.07,0.0,0.07,4.08,19.5,18.16,54.27
2024-04-04,5.88,0.22,0.0,0.22,1.57,8.59,8.42,67.73
2024-04-05,4.47,5.76,0.0,5.76,1.97,8.16,12.45,79.49
2024-04-06,3.72,0.93,0.0,0.93,0.14,6.78,7.68,79.29
2024-04-07,4.32,0.0,0.0,0.0,-0.85,7.65,7.91,78.34
2024-04-08,5.22,0.43,0.0,0.43,0.83,8.24,7.66,74.98
2024-04-09,6.73,0.0,0.0,0.0,1.13,10.46,9.02,76.31
2024-04-10,3.5,0.43,0.0,0.43,1.11,5.23,8.27,83.78
2024-04-11,4.85,0.02,0.0,0.02,1.44,7.02,6.83,84.71
2024-04-12,6.16,0.0,0.0,0.0,1.89,9.28,8.24,81.21
2024-04-13,5.08,0.21,0.0,0.21,3.76,6.43,7.25,85.52
2024-04-14,3.6,3.02,0.0,3.02,2.33,5.23,8.87,89.53
2024-04-15,5.98,1.29,0.0,1.29,0.38,8.89,8.03,74.92
2024-04-16,10.24,0.0,0.0,0.0,1.29,15.57,10.27,57.4
2024-04-17,15.43,0.0,0.0,0.0,5.68,21.79,12.86,46.24
2024-04-18,17.06,0.0,0.0,0.0,8.77,23.72,14.13,46.33
2024-04-19,9.47,0.38,0.0,0.38,6.5,14.75,13.52,73.82
2024-04-20,9.65,0.0,0.0,0.0,5.11,12.75,9.15,72.86
2024-04-21,10.26,0.0,0.0,0.0,5.53,15.69,11.06,65.19
2024-04-22,9.83,0.0,0.0,0.0,3.32,12.74,9.9,74.47
2024-04-23,9.06,0.0,0.0,0.0,3.11,12.43,8.74,70.67
2024-04-24,13.56,0.0,0.0,0.0,4.01,19.66,13.75,49.97
2024-04-25,16.84,0.0,0.0,0.0,9.43,22.3,15.09,45.71
2024-04-26,15.33,0.0,0.0,0.0,9.68,22.04,11.98,57.16
2024-04-27,11.16,2.18,0.0,2.18,7.85,14.78,9.3,78.87
2024-04-28,11.13,0.13,0.0,0.13,6.43,14.51,8.72,78.95
2024-04-29,9.49,0.0,0.0,0.0,5.64,12.53,7.3,81.74
2024-04-30,8.33,0.86,0.0,0.86,5.43,10.63,7.68,85.02
2024-05-01,9.7,0.3,0.0,0.3,6.3,13.33,7.19,81.36
2024-05-02,6.77,5.92,0.0,5.92,5.63,8.63,6.97,90.39
2024-05-03,6.31,13.37,0.0,13.37,4.72,7.71,7.66,90.52
2024-05-04,7.54,3.45,0.0,3.45,4.25,10.95,6.84,86.21
2024-05-05,5.61,25.84,0.0,25.84,2.77,7.54,16.58,90.85
2024-05-06,2.99,13.41,0.0,13.41,0.95,4.57,10.58,86.0
2024-05-07,4.25,1.36,0.0,1.36,1.58,7.28,7.78,79.72
2024-05-08,7.17,0.1,0.0,0.1,1.56,10.5,8.73,70.64
2024-05-09,9.27,0.0,0.0,0.0,1.25,12.95,9.66,62.03
2024-05-10,10.39,0.61,0.0,0.61,4.95,13.48,9.19,73.64
2024-05-11,10.9,1.87,0.0,1.87,6.96,16.33,16.77,74.05
2024-05-12,6.45,7.49,0.0,7.49,4.62,8.81,15.5,87.06
2024-05-13,5.32,6.06,0.0,6.06,2.78,7.92,10.87,77.53
2024-05-14,2.51,7.72,0.0,7.72,0.98,4.2,12.5,86.18
2024-05-15,6.14,2.83,0.0,2.83,-0.26,9.23,8.96,79.86
2024-05-16,5.57,2.68,0.0,2.68,1.99,9.82,9.05,83.99
2024-05-17,6.45,7.87,0.0,7.87,1.58,9.65,8.19,79.44
2024-05-18,7.45,0.0,0.0,0.0,0.94,10.43,11.1,69.49
2024-05-19,7.55,0.02,0.0,0.02,2.03,10.88,8.83,72.53
2024-05-20,8.48,0.0,0.0,0.0,1.62,11.79,8.43,74.87
2024-05-21,9.13,0.0,0.0,0.0,2.31,13.52,7.8,77.63
2024-05-22,10.67,0.0,0.0,0.0,3.8,13.78,7.82,77.02
2024-05-23,12.58,0.0,0.0,0.0,5.6,15.74,7.88,72.74
2024-05-24,11.85,0.54,0.0,0.54,8.6,14.98,10.85,76.84
2024-05-25,8.85,4.31,0.0,4.31,6.75,11.27,9.86,79.98
2024-05-26,9.48,1.8,0.0,1.8,5.97,12.31,8.09,81.82
2024-05-27,11.54,4.36,0.0,4.36,6.58,14.91,8.34,79.16
2024-05-28,13.54,0.1,0.0,0.1,7.46,17.41,10.21,79.03
2024-05-29,11.29,2.0,0.0,2.0,8.29,14.28,9.61,83.68
2024-05-30,12.58,0.94,0.0,0.94,7.52,16.67,9.35,78.47
2024-05-31,11.85,6.52,0.0,6.52,7.88,14.33,8.51,85.06
2024-06-01,11.21,4.13,0.0,4.13,7.82,14.51,8.59,80.34
2024-06-02,13.59,0.13,0.0,0.13,5.93,17.12,10.26,67.27
2024-06-03,14.53,0.0,0.0,0.0,7.13,17.86,8.3,67.93
2024-06-04,15.56,0.0,0.0,0.0,7.61,18.67,8.11,70.12
2024-06-05,17.3,0.0,0.0,0.0,10.14,21.28,8.37,69.46
2024-06-06,16.53,0.0,0.0,0.0,10.11,19.67,8.71,68.97
2024-06-07,15.64,0.0,0.0,0.0,10.07,18.29,8.91,77.77
2024-06-08,14.44,0.0,0.0,0.0,10.2,17.41,7.92,80.71
2024-06-09,12.49,3.86,0.0,3.86,10.59,15.88,9.94,83.67
2024-06-10,13.79,10.79,0.0,10.79,9.03,17.58,8.88,80.77
2024-06-11,16.04,0.13,0.0,0.13,9.32,18.63,9.68,72.87
2024-06-12,17.32,0.0,0.0,0.0,9.92,20.26,9.94,64.6
2024-06-13,17.67,0.0,0.0,0.0,10.59,21.14,9.34,59.02
2024-06-14,18.53,0.0,0.0,0.0,11.19,21.33,11.0,60.21
2024-06-15,16.99,1.29,0.0,1.29,12.73,22.45,16.04,67.24
2024-06-16,14.18,5.95,0.0,5.95,11.53,15.87,8.24,86.39
2024-06-17,14.66,0.0,0.0,0.0,12.13,17.43,7.15,83.87
2024-06-18,15.27,0.22,0.0,0.22,12.2,18.55,6.92,85.9
2024-06-19,15.85,0.0,0.0,0.0,12.5,18.68,6.63,84.0
2024-06-20,14.88,2.06,0.0,2.06,12.58,17.76,7.16,84.62
2024-06-21,16.65,2.31,0.0,2.31,12.14,19.64,11.61,81.15
2024-06-22,15.29,0.9,0.0,0.9,12.06,17.99,9.01,81.42
2024-06-23,16.33,0.0,0.0,0.0,10.26,19.21,9.27,78.18
2024-06-24,17.15,0.0,0.0,0.0,11.19,19.95,7.91,77.91
2024-06-25,16.63,0.07,0.0,0.07,12.89,19.98,10.07,79.49
2024-06-26,13.38,18.09,0.0,18.09,10.73,15.53,16.46,85.18
2024-06-27,14.22,12.33,0.0,12.33,8.34,17.29,10.39,70.15
2024-06-28,14.71,0.0,0.0,0.0,7.91,17.86,10.8,69.58
2024-06-29,15.04,0.0,0.0,0.0,9.13,17.99,9.87,75.8
2024-06-30,15.27,0.88,0.0,0.88,11.32,18.61,7.35,77.94
2024-07-01,13.67,5.69,0.0,5.69,11.01,16.39,11.62,85.43
2024-07-02,15.23,2.78,0.0,2.78,11.11,18.21,9.82,83.28
2024-07-03,17.59,0.0,0.0,0.0,11.32,20.39,10.7,75.71
2024-07-04,20.29,0.17,0.0,0.17,12.5,25.58,11.05,67.86
2024-07-05,18.84,0.02,0.0,0.02,15.54,22.99,14.51,78.39
2024-07-06,15.54,2.59,0.0,2.59,13.69,18.55,12.63,88.01
2024-07-07,15.31,2.94,0.0,2.94,11.63,17.54,8.36,85.19
2024-07-08,16.26,2.35,0.0,2.35,12.56,18.86,6.96,83.62
2024-07-09,16.12,1.03,0.0,1.03,12.94,19.27,7.47,80.39
2024-07-10,17.96,0.02,0.0,0.02,14.14,21.75,8.28,78.73
2024-07-11,17.37,3.88,0.0,3.88,12.61,20.82,8.7,76.86
2024-07-12,17.29,1.46,0.0,1.46,14.35,19.49,8.55,84.52
2024-07-13,17.28,3.53,0.0,3.53,13.88,19.8,7.93,84.9
2024-07-14,16.19,6.99,0.0,6.99,13.74,18.64,9.03,87.14
2024-07-15,16.24,3.62,0.0,3.62,13.5,19.07,8.58,83.24
2024-07-16,16.95,0.3,0.0,0.3,13.68,19.33,8.0,82.52
2024-07-17,18.45,1.3,0.0,1.3,15.44,21.44,7.44,83.71
2024-07-18,18.58,2.05,0.0,2.05,14.1,22.0,8.34,86.04
2024-07-19,17.01,18.09,0.0,18.09,12.26,19.59,11.39,85.71
2024-07-20,16.3,17.98,0.0,17.98,12.55,19.63,9.73,85.42
2024-07-21,17.8,1.58,0.0,1.58,12.92,20.94,9.01,76.86
2024-07-22,18.89,0.1,0.0,0.1,12.29,21.91,8.85,76.67
2024-07-23,18.55,0.0,0.0,0.0,12.93,22.21,9.64,76.33
2024-07-24,16.69,2.8,0.0,2.8,12.88,20.71,11.26,81.71
2024-07-25,17.95,1.4,0.0,1.4,12.67,21.35,8.45,78.14
2024-07-26,16.91,0.66,0.0,0.66,12.28,20.51,9.53,77.57
2024-07-27,14.68,8.45,0.0,8.45,12.43,18.65,10.86,84.56
2024-07-28,16.32,6.71,0.0,6.71,11.41,19.4,11.8,83.66
2024-07-29,17.38,0.6,0.0,0.6,11.23,20.58,10.65,74.9
2024-07-30,17.28,0.1,0.0,0.1,11.59,19.96,11.79,77.94
2024-07-31,13.79,15.84,0.0,15.84,11.91,15.86,12.82,83.95
2024-08-01,15.8,2.48,0.0,2.48,11.23,18.86,8.47,76.9
2024-08-02,15.94,0.0,0.0,0.0,11.72,18.86,7.48,82.04
2024-08-03,16.69,0.0,0.0,0.0,12.51,19.32,7.62,82.18
2024-08-04,18.37,0.0,0.0,0.0,12.59,21.65,8.02,79.05
2024-08-05,17.91,0.0,0.0,0.0,12.54,21.27,9.49,74.91
2024-08-06,18.05,0.64,0.0,0.64,13.43,21.02,7.45,80.52
2024-08-07,18.57,0.5,0.0,0.5,13.3,22.02,8.84,80.85
2024-08-08,17.29,1.26,0.0,1.26,11.98,20.94,8.31,81.81
2024-08-09,15.95,0.04,0.0,0.04,11.79,18.86,8.5,78.66
2024-08-10,15.57,0.1,0.0,0.1,12.68,18.38,7.54,77.63
2024-08-11,16.16,2.44,0.0,2.44,11.58,19.73,12.27,73.67
2024-08-12,15.62,6.56,0.0,6.56,12.59,19.23,13.7,82.33
2024-08-13,15.88,0.17,0.0,0.17,11.58,19.24,9.77,77.33
2024-08-14,15.66,0.0,0.0,0.0,10.6,20.1,10.53,72.66
2024-08-15,15.34,0.0,0.0,0.0,9.96,18.94,10.63,74.18
2024-08-16,14.53,0.55,0.0,0.55,11.2,18.44,10.76,76.56
2024-08-17,14.71,0.0,0.0,0.0,8.94,18.37,10.48,72.42
2024-08-18,15.69,0.0,0.0,0.0,10.4,19.59,9.99,74.05
2024-08-19,17.2,0.0,0.0,0.0,12.16,21.12,8.41,75.07
2024-08-20,19.18,0.0,0.0,0.0,13.65,22.32,7.52,77.01
2024-08-21,18.18,0.0,0.0,0.0,12.97,21.88,8.1,76.07
2024-08-22,18.23,0.21,0.0,0.21,13.8,22.12,8.9,74.88
2024-08-23,17.94,1.46,0.0,1.46,14.9,21.15,10.03,82.1
2024-08-24,16.6,12.07,0.0,12.07,14.52,19.31,11.65,88.68
2024-08-25,14.94,8.68,0.0,8.68,12.32,17.66,10.23,86.15
2024-08-26,15.23,14.34,0.0,14.34,11.51,18.46,9.66,83.57
2024-08-27,17.44,0.0,0.0,0.0,12.09,18.58,8.69,76.67
2024-09-04,15.27,0.0,0.0,0.0,12.91,18.46,9.54,87.76
2024-09-05,14.83,7.92,0.0,7.92,12.01,17.84,7.67,86.57
2024-09-06,14.0,12.87,0.0,12.87,11.78,17.27,8.24,87.48
2024-09-07,14.69,0.0,0.0,0.0,10.51,18.54,9.48,78.95
2024-09-08,16.56,0.75,0.0,0.75,13.44,20.64,9.93,78.58
2024-09-09,15.88,0.4,0.0,0.4,12.08,19.11,9.93,76.11
2024-09-10,18.15,1.86,0.0,1.86,12.65,21.86,9.45,73.9
2024-09-11,18.78,0.0,0.0,0.0,13.64,23.44,9.62,69.42
2024-09-12,17.81,0.0,0.0,0.0,12.82,21.29,11.75,72.73
2024-09-13,16.34,0.91,0.0,0.91,13.74,19.89,8.94,84.52
2024-09-14,17.33,0.0,0.0,0.0,12.84,20.66,7.08,82.1
2024-09-15,17.62,0.0,0.0,0.0,12.73,20.95,9.12,78.81
2024-09-16,15.68,21.44,0.0,21.44,12.57,20.89,13.69,81.35
2024-09-17,12.56,24.43,0.0,24.43,11.29,15.03,10.4,89.76
2024-09-18,13.79,0.41,0.0,0.41,8.2,17.58,9.39,80.51
2024-09-19,13.75,4.09,0.0,4.09,9.04,17.37,9.18,80.37
2024-09-20,10.97,40.74,0.0,40.74,9.08,14.8,10.55,85.58
2024-09-21,12.69,11.69,0.0,11.69,8.08,16.19,8.96,80.95
2024-09-22,12.85,0.56,0.0,0.56,8.98,16.28,9.56,80.82
2024-09-23,13.04,2.49,0.0,2.49,9.38,17.39,10.2,82.24
2024-09-24,11.43,6.5,0.0,6.5,8.76,14.96,10.17,79.44
2024-09-25,13.4,1.59,0.0,1.59,7.98,16.64,10.31,79.71
2024-09-26,13.35,0.31,0.0,0.31,8.02,16.46,8.86,81.47
2024-09-27,13.63,0.24,0.0,0.24,8.36,17.08,8.49,80.19
2024-09-28,14.52,0.0,0.0,0.0,9.34,19.63,10.14,77.59
2024-09-29,16.36,0.0,0.0,0.0,10.66,20.66,12.12,67.31
2024-09-30,15.44,0.0,0.0,0.0,10.22,19.82,10.8,64.88
2024-10-01,10.8,21.31,0.0,21.31,9.31,14.06,13.62,84.26
2024-10-02,8.35,46.44,0.0,46.44,5.74,12.23,10.06,82.28
2024-10-03,10.74,5.56,0.0,5.56,5.71,15.33,10.07,73.05
2024-10-04,11.45,0.0,0.0,0.0,5.81,16.22,11.74,69.44
2024-10-05,11.86,0.0,0.0,0.0,6.09,17.0,10.94,67.1
2024-10-06,13.45,0.0,0.0,0.0,6.37,19.21,11.89,60.39
2024-10-07,15.34,0.0,0.0,0.0,8.84,21.26,15.11,60.38
2024-10-08,12.13,6.55,0.0,6.55,10.17,15.11,9.92,89.61
2024-10-09,12.55,0.34,0.0,0.34,7.39,17.26,10.93,75.77
2024-10-10,12.72,0.0,0.0,0.0,7.13,16.89,14.48,67.0
2024-10-11,13.35,3.98,0.0,3.98,10.47,16.66,10.39,82.46
2024-10-12,12.1,0.0,0.0,0.0,7.66,16.35,10.64,74.91
2024-10-13,11.96,27.92,0.0,27.92,9.91,15.72,12.51,79.29
2024-10-14,9.03,26.49,0.0,26.49,7.75,11.18,8.17,90.71
2024-10-15,8.65,9.95,0.0,9.95,7.28,10.31,7.28,92.0
2024-10-16,9.65,2.3,0.0,2.3,7.19,12.84,6.94,85.67
2024-10-17,6.89,32.01,0.0,32.01,4.59,9.7,19.89,89.28
2024-10-18,4.81,27.77,0.0,27.77,1.9,7.81,24.42,82.05
2024-10-19,2.43,9.86,0.0,9.86,-0.85,6.66,17.3,79.87
2024-10-20,3.75,23.22,0.0,23.22,0.23,7.02,19.29,79.44
2024-10-21,-0.77,30.61,30.61,0.0,-2.14,0.93,21.24,90.98
2024-10-22,3.01,11.44,0.0,11.44,-1.32,7.57,15.0,80.18
2024-10-23,3.64,17.79,0.0,17.79,-0.23,6.94,11.84,81.66
2024-10-24,4.9,9.47,0.0,9.47,2.09,8.43,10.74,82.23
2024-10-25,5.38,17.38,0.0,17.38,2.41,9.31,11.18,83.72
2024-10-26,3.95,25.91,0.0,25.91,2.58,5.77,16.71,90.46
2024-10-27,4.4,19.97,0.0,19.97,0.62,9.09,10.09,78.99
2024-10-28,4.0,0.0,0.0,0.0,-1.0,9.13,11.53,68.11
2024-10-29,4.24,0.0,0.0,0.0,-0.8,8.91,11.14,69.91
2024-10-30,4.29,0.0,0.0,0.0,-0.94,9.33,11.27,74.19
2024-10-31,4.53,0.0,0.0,0.0,-0.49,9.12,10.75,74.67
2024-11-01,5.1,0.0,0.0,0.0,0.16,9.69,11.42,75.28
2024-11-02,5.67,0.0,0.0,0.0,0.6,10.61,11.19,67.25
2024-11-03,4.48,11.97,0.0,11.97,0.96,9.06,15.66,76.05
2024-11-04,0.63,4.48,4.48,0.0,-1.28,3.91,9.72,84.14
2024-11-05,-0.02,26.08,26.08,0.0,-1.34,2.18,20.37,83.16
2024-11-06,0.41,44.33,44.33,0.0,-3.42,4.58,9.8,81.66
2024-11-07,0.87,0.0,0.0,0.0,-2.83,5.67,11.35,72.94
2024-11-08,1.23,0.0,0.0,0.0,-3.0,6.41,11.69,74.0
2024-11-09,1.79,0.0,0.0,0.0,-1.53,7.65,11.03,70.34
2024-11-10,2.19,0.0,0.0,0.0,-2.01,7.7,10.76,65.56
2024-11-11,3.6,0.0,0.0,0.0,-0.14,7.89,11.36,68.25
2024-11-12,3.64,0.02,0.0,0.02,0.18,8.94,8.9,78.33
2024-11-13,2.68,0.0,0.0,0.0,-0.68,8.65,9.99,73.29
2024-11-14,3.05,0.0,0.0,0.0,-0.55,8.71,9.35,70.39
2024-11-15,4.51,0.0,0.0,0.0,0.53,9.05,10.12,65.96
2024-11-16,3.2,33.78,0.0,33.78,0.92,7.12,12.55,81.96
2024-11-17,1.78,17.86,17.86,0.0,-2.32,6.44,11.33,78.56
2024-11-18,4.91,1.47,0.0,1.47,0.0,10.15,13.67,71.55
2024-11-19,3.61,19.21,0.0,19.21,1.75,5.09,9.96,89.53
2024-11-20,3.58,0.0,0.0,0.0,-0.37,8.94,12.54,76.28
2024-11-21,6.59,0.0,0.0,0.0,2.46,13.12,17.96,57.92
2024-11-22,5.88,0.67,0.0,0.67,3.64,9.02,13.82,68.56
2024-11-23,7.55,0.0,0.0,0.0,3.03,14.24,17.68,60.59
2024-11-24,1.08,35.32,35.32,0.0,-2.76,6.81,24.51,89.42
2024-11-25,-3.07,32.05,32.05,0.0,-5.39,-1.07,15.85,86.43
2024-11-26,-2.8,7.36,7.36,0.0,-5.79,0.94,13.15,76.86
2024-11-27,-1.31,36.38,36.38,0.0,-2.3,0.93,19.82,86.09
2024-11-28,-1.69,31.86,31.86,0.0,-4.02,1.27,16.74,82.7
2024-11-29,-1.85,2.28,2.28,0.0,-3.96,2.31,10.38,77.1
2024-11-30,-2.14,0.0,0.0,0.0,-4.45,3.13,11.39,70.66
2024-12-01,-2.86,0.0,0.0,0.0,-6.63,2.92,12.11,69.47
2024-12-02,-2.5,0.0,0.0,0.0,-5.87,2.14,12.23,68.28
2024-12-03,-3.06,0.0,0.0,0.0,-6.81,2.54,12.43,69.13
2024-12-04,-1.26,0.0,0.0,0.0,-4.83,3.8,14.54,57.01
2024-12-05,0.2,0.0,0.0,0.0,-2.69,5.14,12.42,63.27
2024-12-06,0.16,0.07,0.07,0.0,-3.53,5.0,11.74,70.86
2024-12-07,1.04,0.0,0.0,0.0,-2.86,5.57,16.21,59.58
2024-12-08,3.06,0.0,0.0,0.0,-0.8,8.95,15.16,60.29
2024-12-09,3.26,0.0,0.0,0.0,1.18,8.73,14.54,63.87
2024-12-10,3.39,0.0,0.0,0.0,0.65,9.47,18.12,66.49
2024-12-11,1.33,0.0,0.0,0.0,-1.18,4.98,19.06,70.31
2024-12-14,-7.41,36.34,36.34,0.0,-8.67,-5.67,21.7,80.6
2024-12-15,-5.28,6.96,6.96,0.0,-9.92,-1.05,19.55,58.64
2024-12-16,-3.51,5.7,5.7,0.0,-6.45,-0.9,15.68,71.22
2024-12-17,-2.44,14.21,14.21,0.0,-4.76,0.89,12.65,80.42
2024-12-18,-1.17,21.13,21.13,0.0,-4.08,1.29,20.7,84.03
2024-12-19,-0.14,13.29,13.29,0.0,-4.92,3.4,11.63,80.61
2024-12-20,-1.64,0.0,0.0,0.0,-4.31,3.06,13.33,67.0
2024-12-21,-0.65,0.0,0.0,0.0,-4.04,4.59,15.38,62.65
2024-12-22,0.94,0.22,0.22,0.0,-2.29,5.43,16.5,60.69
2024-12-23,1.29,0.02,0.02,0.0,-3.15,5.63,16.03,66.4
2024-12-24,2.8,0.05,0.0,0.05,0.33,7.2,15.66,63.63
2024-12-25,3.3,0.0,0.0,0.0,0.26,8.42,17.75,60.38
2024-12-26,2.67,0.0,0.0,0.0,0.69,5.78,14.54,60.68
2024-12-27,1.38,4.2,4.2,0.0,0.06,3.14,12.75,75.58
2024-12-28,0.23,22.74,22.74,0.0,-0.77,1.24,17.99,91.47
2024-12-29,-1.4,16.97,16.97,0.0,-2.98,0.76,9.43,87.95
2024-12-30,-1.29,0.0,0.0,0.0,-3.66,2.24,7.6,80.81
2024-12-31,-1.87,3.93,3.93,0.0,-2.47,-1.19,9.07,85.68
2025-01-01,-2.18,11.89,11.89,0.0,-4.3,0.79,8.02,83.05
2025-01-02,-1.59,0.0,0.0,0.0,-4.86,2.82,12.53,67.7
2025-01-03,-1.72,0.0,0.0,0.0,-4.28,3.2,14.0,56.08
2025-01-04,-0.18,0.0,0.0,0.0,-4.84,5.37,14.9,52.46
2025-01-05,-1.53,7.85,7.85,0.0,-3.53,1.56,12.36,75.15
2025-01-06,-2.74,7.39,7.39,0.0,-5.13,1.3,8.08,82.57
2025-01-07,-1.55,0.0,0.0,0.0,-4.77,2.92,13.14,63.22
2025-01-08,-0.29,0.0,0.0,0.0,-3.37,4.46,11.85,62.65
2025-01-09,-0.44,0.0,0.0,0.0,-3.12,4.56,11.1,63.66
2025-01-10,-0.33,0.0,0.0,0.0,-3.61,4.02,10.38,63.58
2025-01-11,0.09,0.0,0.0,0.0,-3.72,4.49,9.85,64.83
2025-01-12,0.78,0.0,0.0,0.0,-2.43,6.43,12.22,61.27
2025-01-13,2.43,0.0,0.0,0.0,-0.85,6.82,16.91,62.07
2025-01-14,-0.53,5.43,5.43,0.0,-2.34,1.52,9.69,88.31
2025-01-15,-0.5,8.86,8.86,0.0,-3.04,1.61,8.32,86.15
2025-01-16,-1.03,9.36,9.36,0.0,-2.39,0.01,10.4,88.91
2025-01-17,-3.43,22.83,22.83,0.0,-4.62,-2.09,14.25,90.75
2025-01-18,-2.76,6.88,6.88,0.0,-4.4,-1.49,13.3,85.94
2025-01-19,-2.85,26.31,26.31,0.0,-4.7,-1.18,20.8,90.41
2025-01-20,-4.83,35.46,35.46,0.0,-5.81,-3.2,17.16,89.27
2025-01-21,-3.68,3.81,3.81,0.0,-6.88,0.36,12.27,71.96
2025-01-22,-1.41,0.0,0.0,0.0,-4.84,2.55,13.06,59.29
2025-01-23,-0.95,0.0,0.0,0.0,-3.44,2.38,8.67,62.6
2025-01-24,-0.55,0.0,0.0,0.0,-2.83,2.51,9.7,72.71
2025-01-25,0.82,0.0,0.0,0.0,-2.24,4.6,12.85,62.98
2025-01-26,-0.81,0.52,0.52,0.0,-2.85,1.3,9.95,74.85
2025-01-27,-2.11,0.21,0.21,0.0,-4.59,1.93,10.33,72.82
2025-01-28,-1.42,0.0,0.0,0.0,-5.09,2.76,11.45,59.99
2025-01-29,-0.94,0.0,0.0,0.0,-4.34,4.47,13.24,51.73
2025-01-30,-0.9,0.0,0.0,0.0,-4.0,4.68,12.15,51.79
2025-01-31,-0.91,0.0,0.0,0.0,-4.68,4.67,11.88,58.77
2025-02-01,-1.54,0.0,0.0,0.0,-4.77,4.12,8.75,61.76
2025-02-02,-1.6,0.0,0.0,0.0,-4.61,3.25,9.43,69.71
2025-02-03,-1.76,0.0,0.0,0.0,-4.95,2.45,8.63,68.1
2025-02-04,-2.87,16.25,16.25,0.0,-5.62,1.17,14.15,77.19
2025-02-05,-4.83,16.4,16.4,0.0,-6.5,-2.51,8.2,88.94
2025-02-06,-5.25,9.91,9.91,0.0,-6.27,-4.51,11.84,88.05
2025-02-07,-3.51,4.64,4.64,0.0,-5.8,-1.15,7.18,83.05
2025-02-08,-3.15,0.75,0.75,0.0,-4.73,-0.98,9.59,86.18
2025-02-09,-3.12,4.6,4.6,0.0,-5.5,-0.1,9.85,85.61
2025-02-10,-3.58,0.13,0.13,0.0,-6.37,0.38,8.76,77.96
2025-02-11,-3.21,0.0,0.0,0.0,-6.4,1.11,9.75,71.78
2025-02-12,-3.1,0.07,0.07,0.0,-6.37,1.84,9.76,70.02
2025-02-13,-2.32,1.43,1.43,0.0,-5.66,1.2,10.77,75.53
2025-02-14,-4.08,19.78,19.78,0.0,-6.47,-1.79,13.78,88.09
2025-02-15,-2.09,0.86,0.86,0.0,-6.79,2.77,12.45,65.82
2025-02-16,0.11,0.0,0.0,0.0,-2.82,4.35,10.61,61.81
2025-02-17,0.29,0.0,0.0,0.0,-3.6,4.52,9.58,72.7
2025-02-18,-1.69,10.12,10.12,0.0,-3.84,1.5,12.54,81.73
2025-02-19,-6.16,21.81,21.81,0.0,-8.02,-3.62,11.74,90.05
2025-02-20,-8.04,29.86,29.86,0.0,-9.11,-6.96,12.47,88.48
2025-02-21,-9.63,10.5,10.5,0.0,-11.04,-7.74,13.41,79.36
2025-02-22,-9.6,8.79,8.79,0.0,-11.93,-6.34,12.75,72.69
2025-02-23,-9.27,7.72,7.72,0.0,-10.99,-6.28,22.9,70.06
2025-02-24,-8.89,17.72,17.72,0.0,-11.35,-6.02,19.81,75.88
2025-02-25,-6.48,18.31,18.31,0.0,-8.91,-3.45,17.79,70.56
2025-02-26,-7.74,15.31,15.31,0.0,-8.68,-6.16,13.32,82.44
2025-02-27,-6.27,15.94,15.94,0.0,-9.15,-2.4,9.69,74.95
2025-02-28,-7.84,2.29,2.29,0.0,-12.47,-1.14,10.77,64.68
2025-03-01,-5.53,2.74,2.74,0.0,-7.3,-2.84,9.86,84.29
2025-03-02,-4.31,2.46,2.46,0.0,-7.66,-0.02,11.2,64.4
2025-03-03,-4.18,8.67,8.67,0.0,-5.67,-1.79,12.91,76.29
2025-03-04,-3.84,8.73,8.73,0.0,-6.39,-0.02,8.88,82.19
2025-03-05,-3.02,0.0,0.0,0.0,-6.64,2.15,8.82,76.11
2025-03-06,-2.52,0.0,0.0,0.0,-6.17,1.86,8.59,70.55
2025-03-07,-1.09,0.0,0.0,0.0,-5.18,4.58,7.41,64.26
2025-03-08,-1.03,0.0,0.0,0.0,-4.76,3.59,8.05,66.75
2025-03-09,0.88,0.0,0.0,0.0,-4.06,5.9,7.38,67.82
2025-03-10,1.41,0.0,0.0,0.0,-2.56,6.19,7.84,70.65
2025-03-11,1.86,0.0,0.0,0.0,-2.63,6.66,8.15,69.81
2025-03-12,7.49,0.0,0.0,0.0,0.95,16.49,16.01,51.03
2025-03-13,8.36,0.0,0.0,0.0,2.29,15.09,15.85,47.32
2025-03-14,8.98,0.0,0.0,0.0,3.84,17.0,15.65,47.94
2025-03-15,8.23,0.0,0.0,0.0,2.5,15.97,15.78,51.98
2025-03-16,10.76,0.0,0.0,0.0,4.97,18.73,16.56,53.62
2025-03-17,11.26,0.0,0.0,0.0,5.89,18.0,15.95,59.09
2025-03-18,3.67,0.0,0.0,0.0,-0.92,11.5,14.58,70.56
2025-03-19,-3.95,0.0,0.0,0.0,-6.24,-1.05,12.05,77.95
2025-03-20,-5.66,21.33,21.33,0.0,-6.92,-4.18,11.97,81.03
2025-03-21,-3.36,3.45,3.45,0.0,-5.74,-0.39,11.36,82.91
2025-03-22,-3.39,8.41,8.41,0.0,-5.01,-1.9,12.87,87.43
2025-03-23,-1.13,4.0,4.0,0.0,-3.9,2.11,9.1,76.76
2025-03-24,0.48,0.0,0.0,0.0,-4.32,5.5,10.59,61.59
2025-03-25,3.93,0.0,0.0,0.0,-1.94,9.54,11.32,60.14
2025-03-26,6.16,1.07,0.0,1.07,2.78,10.36,12.74,71.18
2025-03-27,7.71,0.0,0.0,0.0,4.43,12.15,12.56,68.64
2025-03-28,11.32,0.0,0.0,0.0,3.35,17.42,16.07,55.41
2025-03-29,12.62,0.0,0.0,0.0,7.76,20.19,17.82,51.4
2025-03-30,8.39,0.69,0.0,0.69,4.43,14.89,15.19,68.42
2025-03-31,5.0,2.56,0.0,2.56,3.07,7.18,9.15,83.35
2025-04-01,9.07,2.24,0.0,2.24,1.54,14.43,13.2,60.8
2025-04-02,9.27,1.67,0.0,1.67,5.69,13.98,12.48,68.03
2025-04-03,3.53,8.48,0.0,8.48,2.1,6.97,11.1,86.77
2025-04-04,3.71,2.72,0.0,2.72,1.6,6.86,7.99,87.59
2025-04-05,3.84,1.69,0.0,1.69,1.75,6.52,7.47,85.13
2025-04-06,5.41,0.65,0.0,0.65,1.75,9.75,11.31,73.03
2025-04-07,8.14,0.89,0.0,0.89,3.46,12.1,12.9,66.19
2025-04-08,1.69,4.03,4.03,0.0,-0.05,6.96,15.81,81.95
2025-04-09,-0.74,15.15,15.15,0.0,-3.91,1.28,13.76,85.96
2025-04-10,-3.82,12.62,12.62,0.0,-5.25,-2.68,11.77,87.81
2025-04-11,-0.91,1.67,1.67,0.0,-6.29,4.73,15.18,70.86
2025-04-12,-3.2,16.78,16.78,0.0,-6.32,0.07,13.88,78.63
2025-04-13,-0.81,0.07,0.07,0.0,-4.74,2.76,11.47,76.85
2025-04-14,-1.57,1.72,1.72,0.0,-3.05,0.41,9.44,87.57
2025-04-15,-1.21,11.12,11.12,0.0,-3.16,0.48,10.53,88.23
2025-04-16,0.33,3.25,3.25,0.0,-1.95,2.71,8.86,82.19
2025-04-17,2.72,0.27,0.0,0.27,-1.73,6.69,7.91,83.2
2025-04-18,3.53,0.0,0.0,0.0,0.33,8.51,6.84,77.79
2025-04-19,5.72,0.0,0.0,0.0,1.41,9.44,10.82,72.62
2025-04-20,4.55,1.62,0.0,1.62,1.6,9.95,13.1,82.45
2025-04-21,4.64,2.65,0.0,2.65,1.41,7.36,7.38,85.54
2025-04-22,5.58,0.0,0.0,0.0,2.21,9.02,7.29,82.04
2025-04-23,4.7,1.09,0.0,1.09,3.14,7.44,9.06,85.74
2025-04-24,5.21,0.77,0.0,0.77,3.29,8.2,7.43,84.75
2025-04-25,6.11,2.71,0.0,2.71,3.14,9.5,11.51,84.17
2025-04-26,5.5,2.78,0.0,2.78,3.14,9.46,8.68,84.89
2025-04-27,4.95,7.57,0.0,7.57,3.3,7.06,7.79,88.48
2025-04-28,1.44,5.46,5.46,0.0,-0.35,3.87,13.29,83.61
2025-04-29,1.46,0.21,0.21,0.0,-1.08,3.67,7.23,77.56
2025-04-30,2.79,0.41,0.0,0.41,-0.05,6.18,7.3,80.32
2025-05-01,5.81,1.42,0.0,1.42,0.58,10.64,9.17,76.64
2025-05-02,4.61,12.34,0.0,12.34,2.48,8.13,13.35,86.68
2025-05-03,3.46,1.74,0.0,1.74,1.86,5.35,9.41,86.77
2025-05-04,4.89,0.14,0.0,0.14,1.63,9.1,9.05,80.19
2025-05-05,5.69,0.0,0.0,0.0,1.0,9.26,6.63,79.63
2025-05-06,7.16,0.0,0.0,0.0,3.17,11.28,7.92,74.79
2025-05-07,9.76,0.0,0.0,0.0,2.32,14.83,9.55,63.43
2025-05-08,11.04,0.0,0.0,0.0,6.86,15.93,9.08,67.71
2025-05-09,13.18,0.04,0.0,0.04,7.04,20.29,12.85,61.99
2025-05-10,11.91,0.21,0.0,0.21,6.64,18.5,11.85,70.29
2025-05-11,6.94,2.96,0.0,2.96,5.07,10.41,11.19,88.3
2025-05-12,6.47,10.06,0.0,10.06,3.76,10.0,10.52,89.45
2025-05-13,3.44,20.91,0.0,20.91,2.11,4.39,12.91,93.76
2025-05-14,3.55,12.31,0.0,12.31,1.57,6.28,10.36,86.05
2025-05-15,2.5,4.94,0.0,4.94,-0.26,4.54,8.82,88.06
2025-05-16,7.18,1.55,0.0,1.55,-0.26,12.95,10.53,71.67
2025-05-17,13.89,0.0,0.0,0.0,6.13,21.04,16.19,58.03
2025-05-18,8.17,2.69,0.0,2.69,5.37,12.05,11.86,80.44
2025-05-19,5.14,9.71,0.0,9.71,3.2,7.59,10.0,87.23
2025-05-20,8.3,0.22,0.0,0.22,2.42,13.39,13.16,73.78
2025-05-21,6.87,0.1,0.0,0.1,3.29,10.06,8.8,77.76
2025-05-22,8.23,0.0,0.0,0.0,2.26,13.07,9.07,72.4
2025-05-23,10.39,0.0,0.0,0.0,5.46,14.8,8.16,71.16
2025-05-24,11.49,0.0,0.0,0.0,5.99,16.33,8.45,68.59
2025-05-25,11.93,0.0,0.0,0.0,6.48,16.89,10.53,61.26
2025-05-26,14.49,0.0,0.0,0.0,8.63,19.92,10.32,61.29
2025-05-27,11.14,1.52,0.0,1.52,7.66,16.65,12.89,73.83
2025-05-28,7.83,9.01,0.0,9.01,5.82,9.81,10.78,88.82
2025-05-29,8.39,0.45,0.0,0.45,5.8,11.72,7.88,82.18
2025-05-30,7.68,1.48,0.0,1.48,5.55,10.26,8.51,84.29
2025-05-31,9.71,2.57,0.0,2.57,5.29,12.9,9.43,79.78
2025-06-01,10.37,0.51,0.0,0.51,8.01,13.57,9.82,81.31
2025-06-02,8.03,4.1,0.0,4.1,6.49,9.62,11.21,90.01
2025-06-03,8.53,2.69,0.0,2.69,6.38,11.36,10.86,85.52
2025-06-04,9.74,10.94,0.0,10.94,7.3,13.32,10.02,81.0
2025-06-05,10.62,0.13,0.0,0.13,6.11,14.5,8.11,76.77
2025-06-06,11.32,0.0,0.0,0.0,7.4,15.31,8.34,77.71
2025-06-07,11.62,0.0,0.0,0.0,7.13,15.52,8.36,77.39
2025-06-08,12.18,0.0,0.0,0.0,7.79,17.53,7.89,75.35
2025-06-09,12.92,0.0,0.0,0.0,9.52,16.39,6.69,80.81
2025-06-10,13.01,0.0,0.0,0.0,9.08,16.62,7.72,80.0
2025-06-11,13.91,0.0,0.0,0.0,9.76,17.12,7.23,78.38
2025-06-12,14.85,0.0,0.0,0.0,11.09,18.13,7.92,79.91
2025-06-13,13.73,21.54,0.0,21.54,10.13,17.94,9.05,81.28
2025-06-14,9.61,12.26,0.0,12.26,7.34,12.56,13.32,90.1
2025-06-15,8.71,6.19,0.0,6.19,6.73,11.44,10.33,85.1
2025-06-16,9.83,3.23,0.0,3.23,5.37,14.01,12.33,77.85
2025-06-17,9.19,7.04,0.0,7.04,6.09,12.36,10.9,79.63
2025-06-18,11.09,0.26,0.0,0.26,5.91,15.41,9.84,74.72
2025-06-19,11.68,0.0,0.0,0.0,6.8,16.47,9.27,73.28
2025-06-20,12.03,0.0,0.0,0.0,7.09,16.48,9.21,74.81
2025-06-21,12.63,0.0,0.0,0.0,7.53,16.98,11.26,72.86
2025-06-22,10.06,9.87,0.0,9.87,7.49,13.6,9.8,82.1
2025-06-23,10.55,0.65,0.0,0.65,7.31,14.2,9.02,79.47
2025-06-24,11.79,0.0,0.0,0.0,6.75,16.14,10.0,67.39
2025-06-25,12.61,0.0,0.0,0.0,7.01,17.48,10.36,65.39
2025-06-26,13.75,0.0,0.0,0.0,8.09,18.98,9.85,62.11
2025-06-27,14.34,0.0,0.0,0.0,8.88,19.61,8.94,62.87
2025-06-28,14.31,0.0,0.0,0.0,9.17,18.18,9.7,68.62
2025-06-29,10.77,6.83,0.0,6.83,8.49,14.23,12.72,85.24
2025-06-30,8.92,8.73,0.0,8.73,6.83,12.25,14.14,83.43
2025-07-01,12.77,1.11,0.0,1.11,6.72,17.02,11.36,70.76
2025-07-02,10.69,8.04,0.0,8.04,7.26,12.79,12.35,82.0
2025-07-03,9.84,7.44,0.0,7.44,6.86,13.69,12.01,84.23
2025-07-04,8.02,11.65,0.0,11.65,6.19,10.04,10.78,88.62
2025-07-05,10.05,4.96,0.0,4.96,7.52,12.64,9.94,83.9
2025-07-06,12.94,0.48,0.0,0.48,9.18,16.84,8.49,79.71
2025-07-07,13.79,0.0,0.0,0.0,9.37,17.6,7.74,80.95
2025-07-08,15.92,0.0,0.0,0.0,12.27,20.26,7.93,79.01
2025-07-09,16.56,0.0,0.0,0.0,11.06,21.63,7.22,78.26
2025-07-10,17.16,0.0,0.0,0.0,12.91,21.95,7.85,78.26
2025-07-11,16.59,0.02,0.0,0.02,13.21,19.5,7.95,84.62
2025-07-12,17.14,0.0,0.0,0.0,14.36,19.86,6.8,83.25
2025-07-13,17.28,0.29,0.0,0.29,15.0,20.09,6.4,86.62
2025-07-14,17.1,2.92,0.0,2.92,14.53,20.61,7.28,88.23
2025-07-15,15.23,3.49,0.0,3.49,13.56,17.55,7.12,90.15
2025-07-16,15.6,3.27,0.0,3.27,13.29,18.86,8.21,88.75
2025-07-17,16.65,4.36,0.0,4.36,12.96,21.01,7.82,82.61
2025-07-18,17.99,0.0,0.0,0.0,12.74,22.83,9.25,77.44
2025-07-19,16.68,0.15,0.0,0.15,13.19,20.39,9.16,80.29
2025-07-20,16.59,5.43,0.0,5.43,13.13,20.38,10.44,87.46
2025-07-21,15.58,2.99,0.0,2.99,13.21,18.57,8.98,88.43
2025-07-22,17.16,3.86,0.0,3.86,13.58,20.1,7.99,86.62
2025-07-23,17.2,0.02,0.0,0.02,14.33,20.8,7.24,85.43
2025-07-24,17.55,0.0,0.0,0.0,14.08,22.07,7.14,83.47
2025-07-25,17.08,1.29,0.0,1.29,14.0,20.14,9.9,79.76
2025-07-26,17.25,0.0,0.0,0.0,13.83,20.34,8.3,80.1
2025-07-27,18.45,0.0,0.0,0.0,13.76,22.41,8.07,80.0
2025-07-28,19.15,0.0,0.0,0.0,14.5,23.94,7.97,75.79
2025-07-29,21.07,0.0,0.0,0.0,15.56,25.76,8.44,67.51
2025-07-30,19.46,0.0,0.0,0.0,15.91,23.53,9.57,76.26
2025-07-31,19.19,0.14,0.0,0.14,16.53,22.48,9.21,88.23
2025-08-01,17.75,1.98,0.0,1.98,16.13,20.4,9.45,88.47
2025-08-02,17.45,4.36,0.0,4.36,15.64,20.62,12.22,90.15
2025-08-03,16.45,4.21,0.0,4.21,14.88,19.43,9.22,88.81
2025-08-04,16.72,5.92,0.0,5.92,14.95,18.82,9.56,90.1
2025-08-05,16.56,9.56,0.0,9.56,14.99,19.21,8.64,90.67
2025-08-06,16.79,0.71,0.0,0.71,14.79,19.56,7.08,87.29
2025-08-07,16.7,1.22,0.0,1.22,14.81,19.77,8.81,88.62
2025-08-08,17.56,2.59,0.0,2.59,15.21,21.07,9.26,84.9
2025-08-09,17.71,5.2,0.0,5.2,14.99,20.92,11.72,84.52
2025-08-10,15.77,5.62,0.0,5.62,11.98,19.06,12.41,84.05
2025-08-11,15.79,0.31,0.0,0.31,10.69,19.8,11.05,73.0
2025-08-12,15.04,0.0,0.0,0.0,11.65,18.92,11.3,72.9
2025-08-13,15.34,0.0,0.0,0.0,10.61,20.09,10.72,74.04
2025-08-14,15.25,0.0,0.0,0.0,10.82,19.61,10.07,75.7
2025-08-15,15.16,0.0,0.0,0.0,11.0,20.04,9.77,76.23
2025-08-16,14.62,0.1,0.0,0.1,10.97,19.21,10.04,75.61
2025-08-17,15.3,0.0,0.0,0.0,10.37,19.98,9.7,72.48
2025-08-18,16.52,0.0,0.0,0.0,11.85,21.67,8.66,71.21
2025-08-19,16.18,1.5,0.0,1.5,11.08,20.88,9.69,76.33
2025-08-20,16.15,0.77,0.0,0.77,12.35,20.59,10.26,83.9
2025-08-21,15.58,19.29,0.0,19.29,12.27,20.18,11.16,81.29
2025-08-22,15.52,0.0,0.0,0.0,11.44,20.1,10.51,75.76
2025-08-23,17.72,0.0,0.0,0.0,12.06,24.01,11.44,69.31
2025-08-24,16.36,4.99,0.0,4.99,12.37,19.34,11.05,76.81
2025-08-25,13.6,22.1,0.0,22.1,12.03,16.01,12.26,89.29
2025-08-26,12.28,3.53,0.0,3.53,10.48,14.43,9.77,84.76
2025-08-27,12.61,3.82,0.0,3.82,10.32,15.29,10.91,86.48
2025-08-28,13.96,1.13,0.0,1.13,11.92,16.37,7.68,83.14
2025-08-29,14.95,0.0,0.0,0.0,12.06,18.25,8.55,81.9
2025-08-30,16.77,0.0,0.0,0.0,12.52,22.38,8.7,80.77
2025-08-31,16.64,0.0,0.0,0.0,12.55,21.34,8.01,78.81
2025-09-01,17.3,0.0,0.0,0.0,13.61,21.65,8.41,80.29
2025-09-02,16.29,3.67,0.0,3.67,14.12,19.22,9.34,85.23
2025-09-03,13.61,36.59,0.0,36.59,11.65,16.83,10.49,91.76
2025-09-04,14.21,9.5,0.0,9.5,10.79,18.13,9.27,87.04
2025-09-05,15.2,0.0,0.0,0.0,11.75,19.25,7.3,83.04
2025-09-06,15.65,0.13,0.0,0.13,12.43,19.56,7.8,83.33
2025-09-07,13.24,30.66,0.0,30.66,10.95,16.06,7.98,90.24
2025-09-08,13.43,10.95,0.0,10.95,10.73,16.79,10.15,87.52
2025-09-09,12.45,14.36,0.0,14.36,9.83,15.56,12.55,86.81
2025-09-10,12.15,7.06,0.0,7.06,9.24,16.29,8.93,81.81
2025-09-11,11.76,1.42,0.0,1.42,8.01,16.52,10.72,81.28
2025-09-12,11.98,0.05,0.0,0.05,8.0,16.62,9.95,78.86
2025-09-13,12.23,0.8,0.0,0.8,8.11,16.72,12.32,78.94
2025-09-14,11.82,5.45,0.0,5.45,8.61,15.58,11.4,82.08
2025-09-15,12.48,0.0,0.0,0.0,8.2,16.91,8.88,79.62
2025-09-16,12.04,0.99,0.0,0.99,7.48,16.51,11.21,80.22
2025-09-17,11.66,11.07,0.0,11.07,8.5,16.25,8.4,82.71
2025-09-18,10.44,19.68,0.0,19.68,6.19,15.63,14.32,79.43
2025-09-19,7.98,17.42,0.0,17.42,5.3,12.63,15.22,80.38
2025-09-20,9.01,55.61,0.0,55.61,6.11,11.89,24.82,85.94
2025-09-21,7.01,24.91,0.0,24.91,4.5,10.39,18.01,78.56
2025-09-22,8.53,0.0,0.0,0.0,4.23,14.1,10.86,75.05
2025-09-23,10.11,0.0,0.0,0.0,5.55,15.65,9.26,76.12
2025-09-24,10.82,0.0,0.0,0.0,6.57,16.06,8.0,74.88
2025-09-25,9.97,0.0,0.0,0.0,6.5,13.73,8.8,82.09
2025-09-26,9.92,11.79,0.0,11.79,7.32,13.5,11.93,86.42
2025-09-27,6.84,18.64,0.0,18.64,5.68,9.11,11.56,90.28
2025-09-28,8.65,0.71,0.0,0.71,5.57,12.59,8.38,81.57
2025-09-29,10.35,0.0,0.0,0.0,6.8,15.44,11.87,75.96
2025-09-30,8.36,23.25,0.0,23.25,6.65,10.01,8.26,91.71
2025-10-01,8.25,7.65,0.0,7.65,5.82,11.52,7.26,87.56
2025-10-02,8.21,4.73,0.0,4.73,5.76,11.49,5.22,87.71
2025-10-03,9.94,0.0,0.0,0.0,5.66,14.94,9.51,78.55
2025-10-04,13.23,0.0,0.0,0.0,7.81,20.68,12.17,63.68
2025-10-05,10.77,0.39,0.0,0.39,7.61,14.92,12.65,77.02
2025-10-06,10.22,0.0,0.0,0.0,7.25,14.07,6.71,85.05
2025-10-07,10.95,0.0,0.0,0.0,7.1,15.36,8.0,76.28
2025-10-08,12.21,0.0,0.0,0.0,8.52,18.31,8.97,69.23
2025-10-09,10.18,6.01,0.0,6.01,5.21,15.27,9.97,78.35
2025-10-10,6.63,25.56,0.0,25.56,4.19,10.06,10.3,83.67
2025-10-11,6.53,1.43,0.0,1.43,4.31,10.42,9.08,79.53
2025-10-12,5.47,24.68,0.0,24.68,2.94,9.34,16.36,84.57
2025-10-13,4.24,14.88,0.0,14.88,2.0,7.14,10.98,85.95
2025-10-14,5.46,0.0,0.0,0.0,1.57,11.06,11.23,73.48
2025-10-15,6.61,0.0,0.0,0.0,3.0,10.7,8.81,77.19
2025-10-16,6.5,2.31,0.0,2.31,3.37,9.93,7.95,82.66
2025-10-17,6.52,0.56,0.0,0.56,3.47,10.36,7.88,83.47
2025-10-18,7.2,0.0,0.0,0.0,3.72,12.02,8.58,76.97
2025-10-19,7.8,0.15,0.0,0.15,4.91,11.8,9.13,77.25
2025-10-20,4.58,25.79,0.0,25.79,2.45,7.12,10.93,92.24
2025-10-21,4.32,1.27,0.0,1.27,1.79,8.2,8.42,83.23
2025-10-22,5.87,0.0,0.0,0.0,1.19,10.83,11.3,69.67
2025-10-23,8.21,0.0,0.0,0.0,4.87,12.49,13.45,70.95
2025-10-24,9.75,2.08,0.0,2.08,7.02,13.03,14.82,72.99
2025-10-25,9.7,0.0,0.0,0.0,7.16,13.16,14.42,74.28
2025-10-26,6.41,23.06,0.0,23.06,4.3,8.75,12.83,88.57
2025-10-27,8.34,0.0,0.0,0.0,4.12,13.15,15.7,72.09
2025-10-28,10.31,0.0,0.0,0.0,7.88,13.7,15.27,71.78
2025-10-29,5.25,36.59,0.0,36.59,1.7,9.48,16.08,88.38
2025-10-30,3.87,0.1,0.0,0.1,0.94,9.59,10.68,72.81
2025-10-31,4.4,0.0,0.0,0.0,0.45,10.03,11.57,62.67
2025-11-01,4.62,0.0,0.0,0.0,0.81,10.3,11.41,66.82
2025-11-02,4.06,0.0,0.0,0.0,0.59,9.37,10.45,74.14
2025-11-03,4.58,0.0,0.0,0.0,0.5,9.94,11.57,63.3
2025-11-04,5.78,0.0,0.0,0.0,2.08,11.83,11.8,61.44
2025-11-05,5.83,0.0,0.0,0.0,3.35,10.47,8.44,70.63
2025-11-06,5.65,0.0,0.0,0.0,2.16,10.87,8.94,73.46
2025-11-07,6.87,0.0,0.0,0.0,3.39,10.99,10.33,66.84
2025-11-08,9.18,0.0,0.0,0.0,6.17,12.94,16.06,64.25
2025-11-09,7.52,0.0,0.0,0.0,4.5,12.26,8.24,73.85
2025-11-10,6.09,0.0,0.0,0.0,2.91,9.99,7.83,69.95
2025-11-11,8.05,0.0,0.0,0.0,2.93,13.56,13.49,59.44
2025-11-12,8.49,0.5,0.0,0.5,5.56,12.48,11.71,66.63
2025-11-13,6.02,4.8,0.0,4.8,3.51,8.66,11.48,79.16
2025-11-14,4.5,6.82,0.0,6.82,3.43,6.17,10.29,84.93
2025-11-15,4.31,2.33,0.0,2.33,2.64,5.74,11.03,84.4
2025-11-16,4.32,2.78,0.0,2.78,2.05,6.3,10.06,86.67
2025-11-17,4.65,0.0,0.0,0.0,1.84,9.5,9.22,76.72
2025-11-18,4.98,0.0,0.0,0.0,1.74,11.04,11.83,62.09
2025-11-19,4.9,0.0,0.0,0.0,1.63,10.76,12.12,56.85
2025-11-20,5.03,0.0,0.0,0.0,1.56,11.04,11.54,54.53
2025-11-21,4.43,0.0,0.0,0.0,1.44,10.21,10.77,54.44
2025-11-22,5.39,0.0,0.0,0.0,1.9,10.3,11.81,51.24
2025-11-23,5.88,0.0,0.0,0.0,2.49,12.04,14.46,47.94
2025-11-24,6.19,0.0,0.0,0.0,2.33,12.89,15.22,52.87
2025-11-25,4.17,0.0,0.0,0.0,1.3,8.49,9.75,63.45
2025-11-26,4.28,0.0,0.0,0.0,1.44,8.1,8.38,61.1
2025-11-27,4.01,0.0,0.0,0.0,1.5,9.32,9.89,63.94
2025-11-28,3.85,0.0,0.0,0.0,0.82,8.93,10.61,60.47
2025-11-29,4.32,0.0,0.0,0.0,1.31,9.45,10.84,55.94
2025-11-30,6.02,0.05,0.0,0.05,1.7,11.3,13.02,55.41
2025-12-01,4.49,8.71,0.0,8.71,1.62,8.19,11.51,75.76
2025-12-02,1.36,5.73,5.73,0.0,-0.01,3.3,10.52,83.81
2025-12-03,1.42,0.0,0.0,0.0,-0.87,5.85,10.71,77.76
2025-12-04,0.79,0.0,0.0,0.0,-2.03,5.02,10.67,68.87
2025-12-05,1.4,0.0,0.0,0.0,-1.92,6.18,11.4,57.51
2025-12-06,3.87,0.0,0.0,0.0,0.6,8.45,17.52,59.82
2025-12-07,5.83,1.55,0.0,1.55,3.69,8.39,15.8,67.57
2025-12-08,5.28,0.0,0.0,0.0,3.01,8.34,9.63,71.38
2025-12-09,4.22,1.9,0.0,1.9,2.08,6.71,8.2,81.61
2025-12-10,2.14,24.33,0.0,24.33,0.87,3.39,10.17,92.57
2025-12-11,1.45,9.74,9.74,0.0,0.14,3.15,9.07,90.67
2025-12-12,0.29,9.62,9.62,0.0,-1.44,1.35,9.15,90.66
2025-12-13,-0.39,30.91,30.91,0.0,-1.61,1.18,21.27,87.08
2025-12-14,-1.63,16.42,16.42,0.0,-3.84,1.09,14.7,83.79
2025-12-15,-1.88,3.82,3.82,0.0,-4.18,0.72,11.91,77.09
2025-12-16,-2.46,14.45,14.45,0.0,-3.83,-0.02,16.09,88.61
2025-12-17,-2.01,0.0,0.0,0.0,-3.85,1.49,10.06,80.71
2025-12-18,-2.36,0.0,0.0,0.0,-4.96,1.54,11.44,70.01
2025-12-19,-1.66,0.0,0.0,0.0,-4.17,3.28,9.82,63.91
2025-12-20,-1.95,0.0,0.0,0.0,-4.9,2.78,9.66,67.38
2025-12-21,-0.27,0.0,0.0,0.0,-3.77,3.89,9.56,59.8
2025-12-22,1.31,0.0,0.0,0.0,-1.06,5.64,9.37,64.23
2025-12-23,0.61,0.0,0.0,0.0,-2.12,4.15,10.11,67.15
2025-12-24,0.76,5.62,5.62,0.0,-0.9,3.13,11.74,75.99
2025-12-25,-0.43,7.45,7.45,0.0,-1.49,1.45,8.78,89.88
2025-12-26,-1.87,11.88,11.88,0.0,-2.69,-0.63,7.6,89.18
2025-12-27,-4.68,31.15,31.15,0.0,-6.62,-3.08,12.76,91.71
2025-12-28,-4.84,3.76,3.76,0.0,-7.48,-0.87,10.63,72.54
2025-12-29,-3.79,6.07,6.07,0.0,-6.3,-1.4,18.35,68.11
2025-12-30,-4.76,12.81,12.81,0.0,-6.98,-1.22,16.39,67.3
2025-12-31,-2.26,6.63,6.63,0.0,-4.92,1.24,20.63,67.41
2026-01-01,-5.66,38.27,38.27,0.0,-7.85,-3.12,12.45,86.67
2024-08-28,7.46,1.69,0.0,1.69,3.18,10.92,12.76,84.51
2024-08-29,7.6,1.19,0.0,1.19,4.06,11.26,12.21,85.71
2024-08-31,6.44,1.76,0.0,1.76,2.78,10.05,14.27,84.99
2024-09-01,7.39,5.74,0.0,5.74,3.22,11.02,12.91,85.47
2024-09-02,7.84,0.0,0.0,0.0,4.46,11.99,12.55,85.71
2024-09-03,7.36,0.0,0.0,0.0,4.15,11.03,12.4,86.19
2024-08-30,6.96,0.0,0.0,0.0,4.15,10.55,13.1,86.91
2024-12-12,3.34,0.0,0.0,0.0,0.8,7.2,13.51,87.63
2024-12-13,2.98,0.0,0.0,0.0,0.32,6.24,18.95,85.95
