time,Elevit Yaylası - Rize_temp,Elevit Yaylası - Rize_prcp,Elevit Yaylası - Rize_snow,Elevit Yaylası - Rize_rain,Elevit Yaylası - Rize_tmin,Elevit Yaylası - Rize_tmax,Elevit Yaylası - Rize_wspd,Elevit Yaylası - Rize_rhum
2024-01-01,-3.36,0.0,0.0,0.0,-7.4,0.48,12.32,57.41
2024-01-02,-1.93,0.0,0.0,0.0,-5.83,0.69,11.32,54.65
2024-01-03,-3.67,11.59,11.59,0.0,-5.56,-1.35,12.76,81.59
2024-01-04,-3.13,11.66,11.66,0.0,-6.11,-0.69,17.66,79.47
2024-01-05,-1.83,19.83,19.83,0.0,-4.0,0.09,18.64,85.42
2024-01-06,-2.84,31.42,31.42,0.0,-6.69,1.96,15.25,67.76
2024-01-07,-1.32,0.0,0.0,0.0,-6.8,2.78,19.82,53.48
2024-01-08,0.71,0.0,0.0,0.0,-3.08,3.57,18.15,54.17
2024-01-09,-2.26,8.71,8.71,0.0,-3.72,0.14,10.76,88.15
2024-01-10,-4.42,25.68,25.68,0.0,-5.89,-3.13,13.53,93.08
2024-01-11,-6.22,8.38,8.38,0.0,-7.24,-4.56,7.95,88.84
2024-01-12,-6.49,4.74,4.74,0.0,-9.49,-4.39,9.23,84.78
2024-01-13,-10.54,30.72,30.72,0.0,-11.96,-7.95,16.43,90.6
2024-01-14,-10.4,18.38,18.38,0.0,-14.05,-5.87,11.6,75.03
2024-01-15,-7.93,0.0,0.0,0.0,-13.13,-3.48,18.87,58.19
2024-01-16,-1.82,0.37,0.37,0.0,-9.1,2.03,23.08,56.17
2024-01-17,-5.05,20.96,20.96,0.0,-6.04,-3.84,10.95,91.62
2024-01-18,-3.01,1.11,1.11,0.0,-7.78,1.61,13.92,73.2
2024-01-19,0.59,0.0,0.0,0.0,-5.18,5.63,16.26,57.65
2024-01-20,0.59,0.13,0.13,0.0,-2.01,4.48,15.06,62.59
2024-01-21,-3.01,19.49,19.49,0.0,-6.53,1.48,18.39,85.78
2024-01-22,-8.28,31.88,31.88,0.0,-9.08,-6.69,15.06,89.72
2024-01-23,-8.14,6.42,6.42,0.0,-9.98,-6.44,6.94,85.27
2024-01-24,-7.64,0.29,0.29,0.0,-9.9,-5.26,12.39,81.99
2024-01-25,-7.28,0.48,0.48,0.0,-11.03,-3.64,11.0,66.96
2024-01-26,-5.75,0.09,0.09,0.0,-9.2,-3.1,9.02,67.88
2024-01-27,-8.85,13.55,13.55,0.0,-9.59,-7.62,16.71,92.7
2024-01-28,-7.53,23.96,23.96,0.0,-10.01,-5.27,9.43,81.67
2024-01-29,-7.21,1.23,1.23,0.0,-10.3,-3.89,11.79,75.15
2024-01-30,-8.15,3.2,3.2,0.0,-11.29,-3.35,10.97,70.4
2024-01-31,-7.73,0.0,0.0,0.0,-11.88,-3.62,11.95,60.06
2024-02-01,-7.14,0.0,0.0,0.0,-11.51,-3.68,10.52,58.76
2024-02-02,-6.59,0.0,0.0,0.0,-10.89,-2.62,10.44,59.24
2024-02-03,-7.47,6.07,6.07,0.0,-9.5,-5.35,11.51,73.74
2024-02-04,-5.1,0.11,0.11,0.0,-8.83,-2.19,10.61,74.22
2024-02-05,-4.14,5.0,5.0,0.0,-6.28,-2.63,12.63,75.91
2024-02-06,-3.23,33.71,33.71,0.0,-5.29,-1.79,19.38,82.41
2024-02-07,-0.31,32.46,32.46,0.0,-5.79,5.66,16.14,65.95
2024-02-08,-0.3,0.0,0.0,0.0,-4.63,3.82,19.37,58.08
2024-02-09,0.69,0.0,0.0,0.0,-3.48,5.99,16.29,60.68
2024-02-10,1.36,0.0,0.0,0.0,-4.15,6.94,16.33,60.34
2024-02-11,1.38,0.0,0.0,0.0,-4.86,7.27,15.04,56.84
2024-02-12,2.28,0.0,0.0,0.0,-2.33,6.84,14.03,53.37
2024-02-13,2.41,0.0,0.0,0.0,-1.49,6.96,13.24,50.44
2024-02-14,1.74,0.0,0.0,0.0,-2.39,7.17,14.32,61.73
2024-02-15,-1.78,1.74,1.74,0.0,-4.72,0.05,8.36,85.29
2024-02-16,-2.63,0.68,0.68,0.0,-5.76,-0.69,6.52,87.23
2024-02-17,-3.21,14.29,14.29,0.0,-4.16,-1.98,8.97,95.8
2024-02-18,-3.66,22.22,22.22,0.0,-4.92,-2.46,14.04,95.11
2024-02-19,-4.62,2.41,2.41,0.0,-6.29,-2.44,9.13,90.77
2024-02-20,-4.45,0.45,0.45,0.0,-6.66,-2.45,6.24,87.11
2024-02-21,-3.56,1.84,1.84,0.0,-7.62,-0.74,7.47,80.55
2024-02-22,-2.96,1.03,1.03,0.0,-7.05,-0.31,9.62,79.13
2024-02-23,-3.52,5.81,5.81,0.0,-7.22,-0.93,9.44,82.25
2024-02-24,-3.04,0.0,0.0,0.0,-8.54,2.23,9.02,61.21
2024-02-25,-2.96,0.0,0.0,0.0,-8.34,1.29,10.29,57.1
2024-02-26,-1.31,0.0,0.0,0.0,-6.97,2.88,16.82,37.72
2024-02-27,-2.33,0.0,0.0,0.0,-8.07,2.37,13.02,41.39
2024-02-28,-3.58,0.0,0.0,0.0,-9.16,0.45,9.55,49.18
2024-02-29,-3.52,0.0,0.0,0.0,-9.15,1.1,8.59,51.12
2024-03-01,-2.62,0.0,0.0,0.0,-9.06,1.76,8.92,48.74
2024-03-02,-0.66,0.0,0.0,0.0,-6.1,3.14,9.67,50.47
2024-03-03,-1.45,0.0,0.0,0.0,-4.75,1.5,10.82,68.88
2024-03-04,-1.89,0.45,0.45,0.0,-4.68,0.33,5.9,85.47
2024-03-05,-0.9,0.0,0.0,0.0,-6.01,2.37,8.38,74.88
2024-03-06,1.09,3.28,3.28,0.0,-3.78,6.17,15.8,63.95
2024-03-07,-3.78,28.2,28.2,0.0,-4.7,-2.45,14.76,89.7
2024-03-08,-3.79,5.42,5.42,0.0,-6.33,-1.07,10.05,83.86
2024-03-09,-3.64,0.48,0.48,0.0,-7.3,-0.49,10.41,81.23
2024-03-10,-5.16,10.95,10.95,0.0,-7.76,-3.39,8.12,85.39
2024-03-11,-3.53,0.0,0.0,0.0,-8.87,-0.02,10.78,69.02
2024-03-12,-0.47,0.0,0.0,0.0,-8.56,4.09,11.87,52.56
2024-03-13,3.26,0.0,0.0,0.0,-3.84,8.69,15.52,51.41
2024-03-14,0.22,0.0,0.0,0.0,-3.24,4.16,13.7,65.57
2024-03-15,-1.38,2.02,2.02,0.0,-4.25,1.02,9.16,78.11
2024-03-16,-3.05,19.59,19.59,0.0,-4.56,-1.24,9.67,90.99
2024-03-17,-2.74,4.02,4.02,0.0,-4.69,-1.13,7.44,85.05
2024-03-18,-1.5,2.21,2.21,0.0,-4.42,0.61,7.46,84.97
2024-03-19,-3.1,5.62,5.62,0.0,-4.3,-1.11,13.53,90.5
2024-03-20,-2.77,4.66,4.66,0.0,-5.94,-0.87,7.27,81.62
2024-03-21,-2.7,1.05,1.05,0.0,-6.78,0.07,9.08,82.16
2024-03-22,-5.46,11.55,11.55,0.0,-6.45,-4.04,13.67,89.0
2024-03-23,-4.53,9.6,9.6,0.0,-8.37,-2.64,8.15,83.08
2024-03-24,-3.45,6.58,6.58,0.0,-7.46,-0.43,10.81,76.99
2024-03-25,-0.4,0.11,0.11,0.0,-8.23,2.88,12.54,56.29
2024-03-26,-3.26,11.77,11.77,0.0,-5.86,0.39,20.57,66.81
2024-03-27,-2.82,0.86,0.86,0.0,-8.78,1.68,13.4,60.44
2024-03-28,1.55,0.0,0.0,0.0,-6.02,8.05,13.67,57.32
2024-03-29,3.04,0.0,0.0,0.0,-2.0,9.66,15.16,63.53
2024-03-30,2.76,0.69,0.0,0.69,-1.31,6.38,11.62,69.88
2024-03-31,3.45,0.0,0.0,0.0,-2.22,8.58,10.28,57.74
2024-04-01,4.62,0.0,0.0,0.0,-0.45,9.61,10.26,56.75
2024-04-02,5.72,0.0,0.0,0.0,-0.06,12.07,12.12,51.22
2024-04-03,6.08,0.06,0.0,0.06,-0.14,15.26,18.09,54.9
2024-04-04,1.63,0.2,0.2,0.0,-2.65,4.24,8.66,68.38
2024-04-05,0.29,5.28,5.28,0.0,-2.16,3.9,12.47,79.66
2024-04-06,-0.36,0.83,0.83,0.0,-3.86,2.59,7.67,79.45
2024-04-07,0.21,0.0,0.0,0.0,-4.91,3.41,7.88,78.41
2024-04-08,0.96,0.48,0.48,0.0,-3.22,3.85,7.71,75.82
2024-04-09,2.47,0.0,0.0,0.0,-3.12,6.0,8.95,77.11
2024-04-10,-0.66,0.48,0.48,0.0,-3.03,1.08,8.43,84.33
2024-04-11,0.74,0.02,0.02,0.0,-2.66,2.88,6.9,84.83
2024-04-12,1.99,0.0,0.0,0.0,-2.28,5.04,8.31,81.71
2024-04-13,0.94,0.24,0.24,0.0,-0.32,2.28,7.32,85.67
2024-04-14,-0.51,2.98,2.98,0.0,-1.76,1.15,9.11,89.78
2024-04-15,1.82,1.45,1.45,0.0,-3.71,4.63,8.09,74.86
2024-04-16,5.87,0.0,0.0,0.0,-2.95,11.12,10.1,58.47
2024-04-17,11.18,0.0,0.0,0.0,1.35,17.51,12.74,47.61
2024-04-18,12.91,0.0,0.0,0.0,4.48,19.49,14.21,47.47
2024-04-19,5.09,0.42,0.0,0.42,2.15,10.2,13.7,74.74
2024-04-20,5.14,0.0,0.0,0.0,0.97,8.11,9.07,74.06
2024-04-21,6.09,0.0,0.0,0.0,1.23,11.49,11.3,65.35
2024-04-22,5.52,0.0,0.0,0.0,-0.72,8.37,9.94,75.7
2024-04-23,4.77,0.0,0.0,0.0,-0.99,8.06,8.9,71.68
2024-04-24,9.28,0.0,0.0,0.0,-0.17,15.42,13.96,50.99
2024-04-25,12.48,0.0,0.0,0.0,5.31,17.85,14.86,47.22
2024-04-26,10.99,0.0,0.0,0.0,5.43,17.57,12.18,58.25
2024-04-27,6.72,2.47,0.0,2.47,3.55,10.23,9.39,79.8
2024-04-28,6.71,0.15,0.0,0.15,2.32,9.96,8.61,80.42
2024-04-29,5.2,0.0,0.0,0.0,1.45,8.16,7.29,82.71
2024-04-30,4.11,0.97,0.0,0.97,1.22,6.29,7.77,85.44
2024-05-01,5.27,0.34,0.0,0.34,1.96,8.72,7.29,81.96
2024-05-02,2.58,6.02,0.0,6.02,1.49,4.35,7.1,90.86
2024-05-03,2.12,13.67,0.0,13.67,0.56,3.45,7.71,90.67
2024-05-04,3.37,3.81,0.0,3.81,0.1,6.74,7.0,86.71
2024-05-05,1.38,25.58,25.58,0.0,-1.41,3.26,17.31,90.75
2024-05-06,-1.03,13.11,13.11,0.0,-3.12,0.59,10.76,86.0
2024-05-07,0.15,1.22,1.22,0.0,-2.5,3.1,7.89,79.27
2024-05-08,3.07,0.09,0.0,0.09,-2.64,6.39,8.75,70.91
2024-05-09,5.09,0.0,0.0,0.0,-2.9,8.65,9.55,62.77
2024-05-10,6.16,0.58,0.0,0.58,0.84,9.17,9.22,74.41
2024-05-11,6.54,1.67,0.0,1.67,2.69,11.73,16.62,74.84
2024-05-12,2.14,7.74,0.0,7.74,0.38,4.44,15.97,87.06
2024-05-13,1.33,6.51,6.51,0.0,-1.25,3.86,10.99,77.28
2024-05-14,-1.54,7.45,7.45,0.0,-3.11,0.15,12.98,86.15
2024-05-15,2.05,3.2,0.0,3.2,-4.35,5.03,9.1,80.08
2024-05-16,1.48,2.43,2.43,0.0,-2.11,5.69,9.06,84.28
2024-05-17,2.41,8.34,0.0,8.34,-2.53,5.55,8.21,79.82
2024-05-18,3.37,0.0,0.0,0.0,-3.08,6.26,11.19,70.27
2024-05-19,3.5,0.02,0.0,0.02,-2.01,6.81,8.75,73.28
2024-05-20,4.37,0.0,0.0,0.0,-2.48,7.64,8.38,75.41
2024-05-21,5.0,0.0,0.0,0.0,-1.78,9.23,7.73,77.97
2024-05-22,6.52,0.0,0.0,0.0,-0.31,9.55,7.8,77.44
2024-05-23,8.33,0.0,0.0,0.0,1.4,11.44,7.75,73.32
2024-05-24,7.5,0.57,0.0,0.57,4.35,10.49,10.95,77.51
2024-05-25,4.77,3.95,0.0,3.95,2.67,7.12,9.8,80.54
2024-05-26,5.46,1.86,0.0,1.86,1.99,8.26,8.01,82.07
2024-05-27,7.36,4.05,0.0,4.05,2.55,10.6,8.33,79.47
2024-05-28,9.31,0.09,0.0,0.09,3.27,13.05,10.23,80.27
2024-05-29,7.12,2.2,0.0,2.2,4.08,10.1,9.88,84.14
2024-05-30,8.34,1.02,0.0,1.02,3.4,12.34,9.21,79.48
2024-05-31,7.8,6.7,0.0,6.7,3.71,10.28,8.49,85.56
2024-06-01,7.13,4.24,0.0,4.24,3.65,10.51,8.63,80.13
2024-06-02,9.41,0.15,0.0,0.15,1.77,12.86,10.18,67.49
2024-06-03,10.31,0.0,0.0,0.0,2.94,13.61,8.19,68.97
2024-06-04,11.31,0.0,0.0,0.0,3.42,14.35,8.04,71.13
2024-06-05,13.03,0.0,0.0,0.0,5.89,16.96,8.3,70.37
2024-06-06,12.4,0.0,0.0,0.0,5.95,15.44,8.74,69.49
2024-06-07,11.6,0.0,0.0,0.0,6.08,14.2,8.93,78.11
2024-06-08,10.37,0.0,0.0,0.0,6.19,13.35,8.01,80.83
2024-06-09,8.33,3.53,0.0,3.53,6.49,11.7,10.14,83.31
2024-06-10,9.73,11.68,0.0,11.68,4.86,13.51,8.99,80.5
2024-06-11,11.91,0.15,0.0,0.15,5.18,14.44,9.67,72.91
2024-06-12,13.11,0.0,0.0,0.0,5.81,16.0,9.88,64.9
2024-06-13,13.55,0.0,0.0,0.0,6.42,16.98,9.18,59.55
2024-06-14,14.32,0.0,0.0,0.0,7.07,17.06,10.94,61.21
2024-06-15,12.83,1.45,0.0,1.45,8.58,18.25,16.23,68.11
2024-06-16,10.1,6.13,0.0,6.13,7.38,11.73,8.29,86.47
2024-06-17,10.54,0.0,0.0,0.0,8.06,13.33,7.2,83.8
2024-06-18,11.2,0.2,0.0,0.2,8.16,14.48,6.84,86.2
2024-06-19,11.72,0.0,0.0,0.0,8.45,14.58,6.69,84.0
2024-06-20,10.74,2.28,0.0,2.28,8.45,13.55,7.24,84.47
2024-06-21,12.66,2.14,0.0,2.14,8.08,15.6,11.72,81.14
2024-06-22,11.17,0.85,0.0,0.85,8.06,13.85,9.1,81.76
2024-06-23,12.31,0.0,0.0,0.0,6.2,15.15,9.27,78.54
2024-06-24,13.12,0.0,0.0,0.0,7.1,15.88,7.98,78.42
2024-06-25,12.6,0.07,0.0,0.07,8.94,15.9,10.19,80.05
2024-06-26,9.17,16.99,0.0,16.99,6.62,11.24,16.9,85.54
2024-06-27,10.26,12.42,0.0,12.42,4.34,13.29,10.43,70.14
2024-06-28,10.72,0.0,0.0,0.0,3.87,13.84,10.79,69.63
2024-06-29,11.04,0.0,0.0,0.0,5.19,13.93,9.84,75.9
2024-06-30,11.31,0.81,0.0,0.81,7.28,14.6,7.29,77.83
2024-07-01,9.66,5.29,0.0,5.29,7.0,12.34,11.96,85.87
2024-07-02,11.24,2.54,0.0,2.54,7.12,14.17,10.02,83.34
2024-07-03,13.5,0.0,0.0,0.0,7.23,16.26,10.8,75.94
2024-07-04,16.06,0.15,0.0,0.15,8.34,21.27,10.86,68.58
2024-07-05,14.64,0.02,0.0,0.02,11.42,18.61,14.8,78.97
2024-07-06,11.26,2.76,0.0,2.76,9.48,14.2,12.99,88.22
2024-07-07,11.11,3.08,0.0,3.08,7.61,13.32,8.35,85.27
2024-07-08,12.03,2.37,0.0,2.37,8.46,14.56,6.92,83.75
2024-07-09,11.94,1.02,0.0,1.02,8.82,15.0,7.56,80.86
2024-07-10,13.61,0.02,0.0,0.02,9.89,17.32,8.24,79.38
2024-07-11,13.08,3.47,0.0,3.47,8.53,16.42,8.64,77.58
2024-07-12,13.07,1.51,0.0,1.51,10.25,15.23,8.58,84.67
2024-07-13,13.03,3.91,0.0,3.91,9.81,15.48,7.91,85.2
2024-07-14,11.98,7.02,0.0,7.02,9.65,14.31,9.13,87.42
2024-07-15,12.11,3.35,0.0,3.35,9.42,14.9,8.63,83.11
2024-07-16,12.78,0.34,0.0,0.34,9.59,15.13,8.15,82.45
2024-07-17,14.15,1.24,0.0,1.24,11.23,17.06,7.48,83.94
2024-07-18,14.61,1.86,0.0,1.86,10.1,17.9,8.36,86.4
2024-07-19,12.96,20.04,0.0,20.04,8.16,15.51,11.76,85.83
2024-07-20,12.26,17.65,0.0,17.65,8.42,15.57,9.98,85.37
2024-07-21,13.87,1.57,0.0,1.57,8.89,16.93,9.08,76.97
2024-07-22,14.84,0.09,0.0,0.09,8.15,17.81,8.68,77.09
2024-07-23,14.5,0.0,0.0,0.0,8.9,18.04,9.56,76.8
2024-07-24,12.71,2.75,0.0,2.75,8.84,16.76,11.52,81.94
2024-07-25,13.92,1.31,0.0,1.31,8.69,17.23,8.48,78.42
2024-07-26,12.99,0.59,0.0,0.59,8.23,16.52,9.46,77.52
2024-07-27,10.66,8.04,0.0,8.04,8.49,14.44,11.06,84.68
2024-07-28,12.39,6.12,0.0,6.12,7.38,15.48,12.09,83.98
2024-07-29,13.36,0.55,0.0,0.55,7.16,16.51,10.87,74.7
2024-07-30,13.29,0.09,0.0,0.09,7.59,15.9,11.95,77.94
2024-07-31,9.67,15.49,0.0,15.49,7.77,11.67,13.15,83.66
2024-08-01,11.77,2.81,0.0,2.81,7.22,14.7,8.42,76.7
2024-08-02,11.95,0.0,0.0,0.0,7.61,14.81,7.51,82.01
2024-08-03,12.68,0.0,0.0,0.0,8.44,15.32,7.64,82.15
2024-08-04,14.31,0.0,0.0,0.0,8.52,17.57,8.02,79.34
2024-08-05,13.89,0.0,0.0,0.0,8.53,17.18,9.5,75.03
2024-08-06,14.02,0.73,0.0,0.73,9.4,16.91,7.41,80.45
2024-08-07,14.55,0.46,0.0,0.46,9.27,17.94,8.81,81.14
2024-08-08,13.28,1.34,0.0,1.34,7.91,16.9,8.42,82.12
2024-08-09,11.76,0.05,0.0,0.05,7.74,14.63,8.48,78.59
2024-08-10,11.44,0.09,0.0,0.09,8.53,14.26,7.52,77.58
2024-08-11,11.91,2.67,0.0,2.67,7.5,15.48,12.49,73.7
2024-08-12,11.37,6.75,0.0,6.75,8.43,14.9,13.97,82.58
2024-08-13,11.66,0.15,0.0,0.15,7.47,14.99,9.73,77.19
2024-08-14,11.45,0.0,0.0,0.0,6.54,15.81,10.47,72.48
2024-08-15,11.12,0.0,0.0,0.0,5.89,14.68,10.6,74.04
2024-08-16,10.35,0.51,0.0,0.51,7.11,14.14,10.84,76.3
2024-08-17,10.48,0.0,0.0,0.0,4.79,14.1,10.52,72.26
2024-08-18,11.43,0.0,0.0,0.0,6.33,15.26,10.05,74.34
2024-08-19,12.87,0.0,0.0,0.0,8.01,16.72,8.46,75.9
2024-08-20,15.1,0.0,0.0,0.0,9.6,18.18,7.47,77.72
2024-08-21,13.87,0.0,0.0,0.0,8.84,17.47,8.05,76.9
2024-08-22,13.92,0.24,0.0,0.24,9.72,17.65,8.92,75.63
2024-08-23,13.71,1.56,0.0,1.56,10.75,16.88,10.22,81.91
2024-08-24,12.33,13.23,0.0,13.23,10.36,14.92,12.13,88.92
2024-08-25,10.79,9.41,0.0,9.41,8.31,13.42,10.31,86.53
2024-08-26,11.05,14.33,0.0,14.33,7.44,14.2,9.76,83.8
2024-08-27,13.08,0.0,0.0,0.0,7.98,14.27,8.67,77.2
2024-09-04,11.02,0.0,0.0,0.0,8.74,14.12,9.79,88.17
2024-09-05,10.61,8.53,0.0,8.53,7.96,13.51,7.72,86.91
2024-09-06,9.8,13.55,0.0,13.55,7.68,12.94,8.47,87.83
2024-09-07,10.49,0.0,0.0,0.0,6.44,14.23,9.43,79.05
2024-09-08,12.24,0.81,0.0,0.81,9.23,16.14,9.89,79.24
2024-09-09,11.68,0.43,0.0,0.43,8.06,14.83,9.85,76.91
2024-09-10,13.99,1.66,0.0,1.66,8.53,17.58,9.43,75.07
2024-09-11,14.59,0.0,0.0,0.0,9.49,19.03,9.43,70.24
2024-09-12,13.77,0.0,0.0,0.0,8.76,17.19,11.87,73.27
2024-09-13,12.07,0.92,0.0,0.92,9.5,15.44,9.1,84.67
2024-09-14,13.26,0.0,0.0,0.0,8.74,16.53,7.01,82.19
2024-09-15,13.56,0.0,0.0,0.0,8.65,16.81,9.08,79.23
2024-09-16,11.5,19.82,0.0,19.82,8.35,16.71,14.25,81.85
2024-09-17,8.34,24.23,0.0,24.23,7.05,10.86,10.7,89.78
2024-09-18,9.83,0.37,0.0,0.37,4.19,13.55,9.15,80.73
2024-09-19,9.71,4.58,0.0,4.58,5.01,13.28,9.22,80.42
2024-09-20,6.81,44.18,0.0,44.18,4.96,10.73,11.04,85.74
2024-09-21,8.64,12.94,0.0,12.94,4.02,12.1,8.88,81.05
2024-09-22,8.81,0.58,0.0,0.58,4.9,12.21,9.58,81.35
2024-09-23,8.95,2.37,0.0,2.37,5.35,13.27,10.34,82.61
2024-09-24,7.37,7.33,0.0,7.33,4.72,10.94,10.28,79.32
2024-09-25,9.41,1.79,0.0,1.79,4.01,12.59,10.22,79.55
2024-09-26,9.32,0.28,0.0,0.28,3.98,12.41,8.78,81.61
2024-09-27,9.6,0.22,0.0,0.22,4.28,12.99,8.5,80.27
2024-09-28,10.42,0.0,0.0,0.0,5.25,15.33,10.12,78.35
2024-09-29,12.08,0.0,0.0,0.0,6.5,16.27,11.72,68.89
2024-09-30,11.29,0.0,0.0,0.0,6.13,15.56,10.76,66.13
2024-10-01,6.46,20.94,0.0,20.94,5.09,9.58,14.17,85.05
2024-10-02,4.29,48.45,0.0,48.45,1.61,8.4,10.13,81.95
2024-10-03,6.72,6.23,0.0,6.23,1.66,11.26,9.87,72.95
2024-10-04,7.43,0.0,0.0,0.0,1.75,12.13,11.68,69.7
2024-10-05,7.78,0.0,0.0,0.0,1.97,12.83,10.8,67.3
2024-10-06,9.24,0.0,0.0,0.0,2.18,14.93,11.54,61.25
2024-10-07,11.14,0.0,0.0,0.0,4.6,16.88,14.98,61.14
2024-10-08,8.03,6.01,0.0,6.01,6.09,10.92,10.02,90.03
2024-10-09,8.48,0.39,0.0,0.39,3.31,13.06,10.84,76.5
2024-10-10,8.64,0.0,0.0,0.0,2.98,12.67,14.37,67.39
2024-10-11,9.29,3.63,0.0,3.63,6.3,12.52,10.43,82.39
2024-10-12,7.91,0.0,0.0,0.0,3.6,12.1,10.56,75.53
2024-10-13,7.71,29.06,0.0,29.06,5.7,11.43,12.57,79.56
2024-10-14,4.93,27.21,0.0,27.21,3.67,6.97,8.38,90.94
2024-10-15,4.53,10.05,0.0,10.05,3.24,6.08,7.31,92.11
2024-10-16,5.49,2.27,0.0,2.27,3.14,8.57,7.0,85.7
2024-10-17,2.65,31.38,0.0,31.38,0.38,5.45,20.95,89.23
2024-10-18,0.74,27.82,27.82,0.0,-2.26,3.75,25.91,81.95
2024-10-19,-1.58,9.3,9.3,0.0,-5.01,2.77,18.09,79.8
2024-10-20,-0.26,22.75,22.75,0.0,-3.93,2.94,20.13,79.43
2024-10-21,-4.69,29.78,29.78,0.0,-6.01,-3.02,22.27,90.56
2024-10-22,-1.04,12.11,12.11,0.0,-5.36,3.56,15.39,80.15
2024-10-23,-0.41,19.61,19.61,0.0,-4.22,2.86,11.95,81.59
2024-10-24,0.85,8.92,8.92,0.0,-1.92,4.32,10.86,82.0
2024-10-25,1.41,17.19,17.19,0.0,-1.69,5.39,11.49,83.66
2024-10-26,-0.19,24.55,24.55,0.0,-1.52,1.66,17.43,90.39
2024-10-27,0.42,20.81,20.81,0.0,-3.41,5.02,10.07,79.28
2024-10-28,-0.0,0.0,0.0,0.0,-5.02,5.02,11.34,68.24
2024-10-29,0.27,0.0,0.0,0.0,-4.81,4.87,11.07,70.03
2024-10-30,0.33,0.0,0.0,0.0,-4.95,5.23,11.19,74.27
2024-10-31,0.56,0.0,0.0,0.0,-4.48,5.06,10.66,74.7
2024-11-01,1.12,0.0,0.0,0.0,-3.85,5.61,11.28,75.23
2024-11-02,1.59,0.0,0.0,0.0,-3.46,6.43,11.0,67.55
2024-11-03,0.27,12.21,12.21,0.0,-3.21,4.85,15.93,75.84
2024-11-04,-3.47,4.31,4.31,0.0,-5.36,-0.3,9.93,83.92
2024-11-05,-4.23,24.55,24.55,0.0,-5.47,-2.02,20.82,82.88
2024-11-06,-3.54,47.12,47.12,0.0,-7.46,0.55,9.9,81.37
2024-11-07,-3.09,0.0,0.0,0.0,-6.9,1.65,11.33,72.44
2024-11-08,-2.75,0.0,0.0,0.0,-6.99,2.38,11.58,73.89
2024-11-09,-2.28,0.0,0.0,0.0,-5.71,3.57,10.96,70.52
2024-11-10,-1.9,0.0,0.0,0.0,-6.07,3.61,10.52,66.05
2024-11-11,-0.42,0.0,0.0,0.0,-4.19,3.83,11.49,68.55
2024-11-12,-0.36,0.02,0.02,0.0,-3.88,4.85,8.95,78.69
2024-11-13,-1.36,0.0,0.0,0.0,-4.69,4.54,9.97,73.56
2024-11-14,-0.96,0.0,0.0,0.0,-4.54,4.62,9.36,70.75
2024-11-15,0.46,0.0,0.0,0.0,-3.52,4.91,10.04,66.38
2024-11-16,-0.92,34.23,34.23,0.0,-3.14,2.89,12.83,82.27
2024-11-17,-2.3,19.9,19.9,0.0,-6.45,2.24,11.49,78.68
2024-11-18,0.73,1.38,1.38,0.0,-4.2,5.87,13.38,72.24
2024-11-19,-0.51,19.4,19.4,0.0,-2.45,0.97,10.27,89.78
2024-11-20,-0.66,0.0,0.0,0.0,-4.67,4.75,12.53,76.34
2024-11-21,2.52,0.0,0.0,0.0,-1.7,8.92,17.99,57.77
2024-11-22,1.75,0.75,0.75,0.0,-0.42,4.88,13.92,68.96
2024-11-23,3.47,0.0,0.0,0.0,-1.07,10.26,17.44,60.76
2024-11-24,-3.14,37.88,37.88,0.0,-7.06,2.57,25.75,89.76
2024-11-25,-7.27,33.18,33.18,0.0,-9.68,-5.19,16.48,85.98
2024-11-26,-6.82,6.86,6.86,0.0,-9.9,-3.0,13.37,76.19
2024-11-27,-5.49,35.26,35.26,0.0,-6.47,-3.24,20.6,85.58
2024-11-28,-5.66,31.59,31.59,0.0,-7.99,-2.57,16.89,82.11
2024-11-29,-5.87,2.28,2.28,0.0,-8.05,-1.7,10.42,77.19
2024-11-30,-6.14,0.0,0.0,0.0,-8.51,-0.81,11.29,70.98
2024-12-01,-6.98,0.0,0.0,0.0,-10.76,-1.25,12.04,70.0
2024-12-02,-6.49,0.0,0.0,0.0,-10.03,-1.76,12.13,68.73
2024-12-03,-7.21,0.0,0.0,0.0,-10.97,-1.61,12.16,69.59
2024-12-04,-5.29,0.0,0.0,0.0,-8.95,-0.17,14.02,57.52
2024-12-05,-3.75,0.0,0.0,0.0,-6.67,1.13,12.17,63.79
2024-12-06,-3.82,0.07,0.07,0.0,-7.64,0.94,11.75,71.36
2024-12-07,-3.11,0.0,0.0,0.0,-6.97,1.44,15.64,59.93
2024-12-08,-0.97,0.0,0.0,0.0,-4.92,5.14,14.7,61.36
2024-12-09,-0.8,0.0,0.0,0.0,-2.9,4.72,14.26,64.21
2024-12-10,-0.71,0.0,0.0,0.0,-3.44,5.49,17.98,66.91
2024-12-11,-2.55,0.0,0.0,0.0,-5.12,1.16,19.28,70.71
2024-12-14,-11.43,34.54,34.54,0.0,-12.73,-9.64,22.14,80.42
2024-12-15,-9.18,6.87,6.87,0.0,-13.95,-4.74,18.92,58.93
2024-12-16,-7.37,5.22,5.22,0.0,-10.38,-4.76,15.75,71.67
2024-12-17,-6.32,14.38,14.38,0.0,-8.67,-2.96,12.65,79.76
2024-12-18,-5.19,20.84,20.84,0.0,-8.05,-2.71,20.91,83.29
2024-12-19,-4.23,13.56,13.56,0.0,-9.13,-0.6,11.5,80.14
2024-12-20,-5.73,0.0,0.0,0.0,-8.43,-0.98,12.91,66.89
2024-12-21,-4.75,0.0,0.0,0.0,-8.15,0.56,14.78,63.04
2024-12-22,-3.01,0.2,0.2,0.0,-6.39,1.63,16.2,61.44
2024-12-23,-2.72,0.02,0.02,0.0,-7.29,1.6,15.71,66.88
2024-12-24,-1.23,0.04,0.04,0.0,-3.72,3.22,15.29,63.99
2024-12-25,-0.73,0.0,0.0,0.0,-3.85,4.39,17.28,60.55
2024-12-26,-1.35,0.0,0.0,0.0,-3.36,1.79,14.1,61.33
2024-12-27,-2.7,4.75,4.75,0.0,-3.98,-1.01,12.97,76.52
2024-12-28,-3.9,23.42,23.42,0.0,-4.85,-2.92,19.01,91.72
2024-12-29,-5.41,17.64,17.64,0.0,-7.02,-3.29,9.85,88.05
2024-12-30,-5.36,0.0,0.0,0.0,-7.78,-1.87,7.58,81.12
2024-12-31,-5.92,4.23,4.23,0.0,-6.52,-5.25,9.35,85.92
2025-01-01,-6.26,13.24,13.24,0.0,-8.47,-3.29,8.29,82.95
2025-01-02,-5.81,0.0,0.0,0.0,-9.03,-1.35,12.16,67.61
2025-01-03,-5.88,0.0,0.0,0.0,-8.42,-0.89,13.65,56.25
2025-01-04,-4.13,0.0,0.0,0.0,-8.93,1.52,14.62,52.78
2025-01-05,-5.59,8.19,8.19,0.0,-7.6,-2.5,12.62,76.03
2025-01-06,-6.83,7.36,7.36,0.0,-9.21,-2.82,8.23,82.91
2025-01-07,-5.75,0.0,0.0,0.0,-8.94,-1.26,12.61,63.45
2025-01-08,-4.45,0.0,0.0,0.0,-7.51,0.26,11.37,63.15
2025-01-09,-4.61,0.0,0.0,0.0,-7.26,0.43,10.83,64.26
2025-01-10,-4.52,0.0,0.0,0.0,-7.75,-0.17,10.08,63.85
2025-01-11,-4.1,0.0,0.0,0.0,-7.87,0.3,9.76,65.18
2025-01-12,-3.35,0.0,0.0,0.0,-6.51,2.25,11.97,61.9
2025-01-13,-1.64,0.0,0.0,0.0,-4.98,2.85,16.65,62.7
2025-01-14,-4.65,5.7,5.7,0.0,-6.4,-2.71,9.85,89.0
2025-01-15,-4.62,9.83,9.83,0.0,-7.14,-2.54,8.58,86.64
2025-01-16,-5.11,8.59,8.59,0.0,-6.48,-4.07,10.66,88.92
2025-01-17,-7.47,23.77,23.77,0.0,-8.67,-6.17,14.52,90.95
2025-01-18,-6.76,6.59,6.59,0.0,-8.42,-5.46,13.47,85.83
2025-01-19,-6.87,24.14,24.14,0.0,-8.83,-5.16,21.31,90.43
2025-01-20,-8.94,36.74,36.74,0.0,-9.94,-7.28,17.55,89.51
2025-01-21,-7.82,4.12,4.12,0.0,-11.04,-3.75,12.2,72.27
2025-01-22,-5.54,0.0,0.0,0.0,-8.96,-1.56,12.54,59.67
2025-01-23,-5.01,0.0,0.0,0.0,-7.49,-1.67,8.56,63.18
2025-01-24,-4.6,0.0,0.0,0.0,-6.84,-1.56,9.73,73.33
2025-01-25,-3.24,0.0,0.0,0.0,-6.28,0.39,12.72,63.23
2025-01-26,-4.86,0.5,0.5,0.0,-6.91,-2.76,9.86,75.75
2025-01-27,-6.24,0.24,0.24,0.0,-8.68,-2.24,10.31,73.46
2025-01-28,-5.62,0.0,0.0,0.0,-9.27,-1.44,11.19,60.67
2025-01-29,-5.11,0.0,0.0,0.0,-8.52,0.29,12.78,52.68
2025-01-30,-5.08,0.0,0.0,0.0,-8.13,0.45,11.76,52.96
2025-01-31,-5.06,0.0,0.0,0.0,-8.83,0.5,11.71,59.5
2025-02-01,-5.67,0.0,0.0,0.0,-8.89,-0.04,8.77,61.89
2025-02-02,-5.68,0.0,0.0,0.0,-8.69,-0.86,9.41,69.83
2025-02-03,-5.86,0.0,0.0,0.0,-9.04,-1.71,8.54,68.3
2025-02-04,-6.95,17.28,17.28,0.0,-9.75,-2.97,14.62,77.77
2025-02-05,-8.94,17.86,17.86,0.0,-10.61,-6.6,8.49,89.22
2025-02-06,-9.37,10.65,10.65,0.0,-10.41,-8.6,12.37,87.84
2025-02-07,-7.59,5.08,5.08,0.0,-9.89,-5.29,7.23,82.84
2025-02-08,-7.24,0.76,0.76,0.0,-8.81,-5.05,9.99,86.15
2025-02-09,-7.17,5.17,5.17,0.0,-9.5,-4.25,10.3,86.03
2025-02-10,-7.6,0.15,0.15,0.0,-10.35,-3.74,8.78,78.27
2025-02-11,-7.24,0.0,0.0,0.0,-10.39,-3.05,9.8,72.61
2025-02-12,-7.16,0.07,0.07,0.0,-10.4,-2.33,9.75,70.94
2025-02-13,-6.38,1.49,1.49,0.0,-9.67,-2.98,11.06,76.28
2025-02-14,-8.16,21.12,21.12,0.0,-10.6,-5.79,14.18,88.08
2025-02-15,-6.25,0.97,0.97,0.0,-10.93,-1.4,12.45,65.85
2025-02-16,-3.99,0.0,0.0,0.0,-6.88,0.25,10.56,62.51
2025-02-17,-3.85,0.0,0.0,0.0,-7.71,0.29,9.82,73.48
2025-02-18,-5.84,10.07,10.07,0.0,-7.97,-2.72,12.93,82.49
2025-02-19,-10.3,21.84,21.84,0.0,-12.17,-7.78,12.14,90.34
2025-02-20,-12.15,31.19,31.19,0.0,-13.25,-11.09,12.57,88.55
2025-02-21,-13.7,10.91,10.91,0.0,-15.07,-11.83,13.98,79.07
2025-02-22,-13.67,9.57,9.57,0.0,-15.96,-10.44,13.1,72.09
2025-02-23,-13.36,7.69,7.69,0.0,-15.05,-10.5,23.86,69.4
2025-02-24,-12.89,17.32,17.32,0.0,-15.32,-9.88,20.27,74.96
2025-02-25,-10.47,18.14,18.14,0.0,-13.0,-7.31,18.01,69.91
2025-02-26,-11.76,14.19,14.19,0.0,-12.69,-10.17,13.3,81.93
2025-02-27,-10.28,16.39,16.39,0.0,-13.17,-6.41,9.83,74.77
2025-02-28,-11.97,2.05,2.05,0.0,-16.74,-5.43,10.71,65.03
2025-03-01,-9.53,2.62,2.62,0.0,-11.37,-6.75,9.95,84.28
2025-03-02,-8.34,2.58,2.58,0.0,-11.68,-4.09,11.31,64.69
2025-03-03,-8.25,9.13,9.13,0.0,-9.69,-5.91,13.02,76.95
2025-03-04,-7.86,9.57,9.57,0.0,-10.44,-4.1,9.08,82.38
2025-03-05,-7.12,0.0,0.0,0.0,-10.71,-2.04,8.77,76.91
2025-03-06,-6.64,0.0,0.0,0.0,-10.26,-2.29,8.6,70.83
2025-03-07,-5.26,0.0,0.0,0.0,-9.27,0.27,7.37,65.05
2025-03-08,-5.24,0.0,0.0,0.0,-8.98,-0.71,7.92,67.43
2025-03-09,-3.43,0.0,0.0,0.0,-8.28,1.4,7.2,68.82
2025-03-10,-2.87,0.0,0.0,0.0,-6.79,1.66,7.9,71.74
2025-03-11,-2.46,0.0,0.0,0.0,-6.83,2.14,8.26,70.6
2025-03-12,3.39,0.0,0.0,0.0,-3.22,12.33,15.61,52.07
2025-03-13,4.22,0.0,0.0,0.0,-1.7,10.82,15.52,48.64
2025-03-14,4.89,0.0,0.0,0.0,-0.24,12.75,15.47,49.49
2025-03-15,3.99,0.0,0.0,0.0,-1.65,11.71,15.64,53.42
2025-03-16,6.64,0.0,0.0,0.0,0.84,14.55,16.4,55.16
2025-03-17,7.19,0.0,0.0,0.0,1.91,13.87,15.89,60.4
2025-03-18,-0.49,0.0,0.0,0.0,-5.12,7.6,14.68,71.12
2025-03-19,-8.14,0.0,0.0,0.0,-10.46,-5.24,12.41,78.11
2025-03-20,-9.79,23.83,23.83,0.0,-11.09,-8.34,12.38,81.16
2025-03-21,-7.37,3.6,3.6,0.0,-9.81,-4.32,11.87,83.12
2025-03-22,-7.43,7.87,7.87,0.0,-8.98,-6.0,13.29,87.48
2025-03-23,-5.21,4.36,4.36,0.0,-7.98,-1.95,9.28,76.89
2025-03-24,-3.67,0.0,0.0,0.0,-8.45,1.26,10.61,61.96
2025-03-25,-0.24,0.0,0.0,0.0,-6.12,5.18,11.35,61.2
2025-03-26,1.95,1.05,1.05,0.0,-1.27,6.12,13.01,71.82
2025-03-27,3.55,0.0,0.0,0.0,0.32,7.99,12.5,68.93
2025-03-28,7.04,0.0,0.0,0.0,-0.88,13.13,16.05,56.21
2025-03-29,8.42,0.0,0.0,0.0,3.65,15.98,17.91,52.1
2025-03-30,3.94,0.62,0.0,0.62,0.22,10.18,15.31,69.65
2025-03-31,0.79,2.48,2.48,0.0,-1.1,2.91,9.38,83.85
2025-04-01,4.78,2.05,0.0,2.05,-2.71,10.07,13.28,61.4
2025-04-02,5.12,1.53,0.0,1.53,1.62,9.71,12.41,69.07
2025-04-03,-0.63,8.36,8.36,0.0,-2.05,2.74,11.18,87.0
2025-04-04,-0.47,2.82,2.82,0.0,-2.52,2.58,8.25,88.07
2025-04-05,-0.34,1.64,1.64,0.0,-2.37,2.29,7.51,85.96
2025-04-06,1.11,0.63,0.63,0.0,-2.38,5.28,11.52,73.88
2025-04-07,3.89,0.8,0.0,0.8,-0.73,7.73,12.85,67.15
2025-04-08,-2.47,4.42,4.42,0.0,-4.19,2.75,16.39,82.44
2025-04-09,-4.92,15.96,15.96,0.0,-8.11,-2.94,14.18,86.38
2025-04-10,-7.98,12.69,12.69,0.0,-9.45,-6.82,12.15,88.23
2025-04-11,-5.11,1.7,1.7,0.0,-10.45,0.56,15.79,71.08
2025-04-12,-7.28,17.48,17.48,0.0,-10.45,-4.03,14.32,78.58
2025-04-13,-4.92,0.06,0.06,0.0,-8.83,-1.46,11.52,76.86
2025-04-14,-5.68,1.61,1.61,0.0,-7.16,-3.75,9.67,87.8
2025-04-15,-5.21,10.72,10.72,0.0,-7.24,-3.52,10.89,88.0
2025-04-16,-3.71,3.39,3.39,0.0,-6.0,-1.34,8.93,81.88
2025-04-17,-1.48,0.24,0.24,0.0,-5.82,2.31,7.87,83.6
2025-04-18,-0.72,0.0,0.0,0.0,-3.7,3.96,6.88,78.66
2025-04-19,1.28,0.0,0.0,0.0,-2.8,4.87,10.9,73.45
2025-04-20,0.18,1.46,1.46,0.0,-2.52,5.25,13.2,82.93
2025-04-21,0.41,2.61,2.61,0.0,-2.69,3.02,7.49,86.0
2025-04-22,1.17,0.0,0.0,0.0,-2.0,4.43,7.4,82.6
2025-04-23,0.36,1.08,1.08,0.0,-1.11,2.93,9.27,86.32
2025-04-24,0.84,0.87,0.87,0.0,-0.96,3.61,7.45,85.82
2025-04-25,1.84,2.47,2.47,0.0,-1.04,5.15,11.5,84.8
2025-04-26,1.23,2.59,2.59,0.0,-1.03,4.9,8.75,85.74
2025-04-27,0.82,7.11,7.11,0.0,-0.86,2.95,7.95,88.44
2025-04-28,-2.65,5.77,5.77,0.0,-4.39,-0.29,13.6,83.25
2025-04-29,-2.58,0.24,0.24,0.0,-5.07,-0.43,7.4,77.57
2025-04-30,-1.32,0.37,0.37,0.0,-4.08,1.87,7.41,80.86
2025-05-01,1.54,1.58,1.58,0.0,-3.46,6.14,9.12,77.8
2025-05-02,0.35,13.22,13.22,0.0,-1.66,3.84,13.56,87.42
2025-05-03,-0.64,1.87,1.87,0.0,-2.23,1.25,9.67,86.61
2025-05-04,0.75,0.13,0.13,0.0,-2.54,4.85,9.19,80.38
2025-05-05,1.52,0.0,0.0,0.0,-3.16,5.03,6.67,80.08
2025-05-06,2.92,0.0,0.0,0.0,-0.98,6.89,8.0,75.55
2025-05-07,5.48,0.0,0.0,0.0,-1.82,10.37,9.57,64.76
2025-05-08,6.85,0.0,0.0,0.0,2.67,11.66,9.1,68.72
2025-05-09,8.95,0.05,0.0,0.05,2.85,15.98,12.76,62.95
2025-05-10,7.65,0.24,0.0,0.24,2.44,14.07,12.08,71.45
2025-05-11,2.71,3.07,0.0,3.07,0.94,5.94,11.38,88.78
2025-05-12,2.18,10.58,0.0,10.58,-0.41,5.43,10.83,89.93
2025-05-13,-0.73,21.22,21.22,0.0,-2.03,0.21,13.34,93.67
2025-05-14,-0.51,12.92,12.92,0.0,-2.55,2.21,10.62,85.95
2025-05-15,-1.59,4.7,4.7,0.0,-4.35,0.46,8.99,88.06
2025-05-16,2.92,1.69,0.0,1.69,-4.4,8.54,10.57,72.2
2025-05-17,9.58,0.0,0.0,0.0,1.84,16.63,16.13,59.46
2025-05-18,4.0,2.82,0.0,2.82,1.16,7.83,12.07,80.7
2025-05-19,1.06,9.93,9.93,0.0,-0.92,3.52,10.19,87.5
2025-05-20,4.12,0.2,0.0,0.2,-1.67,9.1,13.32,74.22
2025-05-21,2.77,0.09,0.0,0.09,-0.81,5.89,8.91,77.89
2025-05-22,4.0,0.0,0.0,0.0,-1.87,8.78,9.13,73.19
2025-05-23,6.12,0.0,0.0,0.0,1.24,10.41,8.19,71.86
2025-05-24,7.23,0.0,0.0,0.0,1.76,11.99,8.39,69.35
2025-05-25,7.67,0.0,0.0,0.0,2.34,12.59,10.63,62.16
2025-05-26,10.18,0.0,0.0,0.0,4.36,15.5,10.28,62.45
2025-05-27,6.94,1.56,0.0,1.56,3.52,12.54,13.34,74.29
2025-05-28,3.7,9.36,0.0,9.36,1.73,5.71,10.93,88.96
2025-05-29,4.29,0.41,0.0,0.41,1.73,7.64,7.97,82.15
2025-05-30,3.59,1.39,0.0,1.39,1.42,6.1,8.6,84.28
2025-05-31,5.56,2.45,0.0,2.45,1.19,8.64,9.59,80.33
2025-06-01,6.21,0.55,0.0,0.55,3.88,9.25,10.08,82.0
2025-06-02,3.88,3.97,0.0,3.97,2.38,5.48,11.54,90.22
2025-06-03,4.39,2.78,0.0,2.78,2.3,7.21,11.16,85.67
2025-06-04,5.59,12.33,0.0,12.33,3.14,9.22,10.22,81.0
2025-06-05,6.49,0.15,0.0,0.15,2.01,10.36,8.12,76.72
2025-06-06,7.18,0.0,0.0,0.0,3.29,11.13,8.24,77.94
2025-06-07,7.5,0.0,0.0,0.0,3.06,11.29,8.32,77.75
2025-06-08,8.05,0.0,0.0,0.0,3.7,13.09,7.82,75.85
2025-06-09,8.81,0.0,0.0,0.0,5.42,12.25,6.75,81.23
2025-06-10,8.92,0.0,0.0,0.0,5.02,12.48,7.73,80.0
2025-06-11,9.82,0.0,0.0,0.0,5.68,12.97,7.24,78.25
2025-06-12,10.77,0.0,0.0,0.0,7.04,14.09,7.99,80.03
2025-06-13,9.59,24.12,0.0,24.12,6.08,13.79,9.14,81.34
2025-06-14,5.52,11.74,0.0,11.74,3.25,8.43,13.69,90.19
2025-06-15,4.73,5.73,0.0,5.73,2.72,7.49,10.49,84.8
2025-06-16,5.88,2.94,0.0,2.94,1.35,10.06,12.49,77.86
2025-06-17,5.25,6.51,0.0,6.51,2.05,8.44,11.0,79.58
2025-06-18,7.04,0.24,0.0,0.24,1.87,11.32,9.77,74.66
2025-06-19,7.63,0.0,0.0,0.0,2.79,12.33,9.18,73.34
2025-06-20,7.92,0.0,0.0,0.0,3.01,12.25,9.25,75.12
2025-06-21,8.6,0.0,0.0,0.0,3.51,12.86,11.3,72.97
2025-06-22,5.95,9.73,0.0,9.73,3.38,9.41,9.87,82.58
2025-06-23,6.48,0.64,0.0,0.64,3.19,10.16,9.09,79.72
2025-06-24,7.75,0.0,0.0,0.0,2.74,12.08,10.0,67.36
2025-06-25,8.49,0.0,0.0,0.0,2.96,13.25,10.42,65.86
2025-06-26,9.58,0.0,0.0,0.0,4.01,14.65,9.84,62.52
2025-06-27,10.25,0.0,0.0,0.0,4.75,15.47,8.87,62.8
2025-06-28,10.27,0.0,0.0,0.0,5.17,14.04,9.67,68.47
2025-06-29,6.68,7.42,0.0,7.42,4.37,10.19,13.1,85.33
2025-06-30,4.84,8.97,0.0,8.97,2.72,8.36,14.56,83.48
2025-07-01,8.71,1.17,0.0,1.17,2.64,12.94,11.37,70.67
2025-07-02,6.62,8.9,0.0,8.9,3.12,8.7,12.46,82.5
2025-07-03,5.8,7.59,0.0,7.59,2.77,9.66,12.33,84.5
2025-07-04,3.99,11.3,0.0,11.3,2.06,6.12,11.12,88.75
2025-07-05,6.06,4.89,0.0,4.89,3.56,8.58,10.07,83.81
2025-07-06,8.9,0.48,0.0,0.48,5.18,12.8,8.49,79.72
2025-07-07,9.68,0.0,0.0,0.0,5.31,13.41,7.8,81.05
2025-07-08,11.81,0.0,0.0,0.0,8.36,15.86,7.9,79.33
2025-07-09,12.4,0.0,0.0,0.0,6.85,17.31,7.2,78.66
2025-07-10,12.99,0.0,0.0,0.0,8.8,17.61,7.76,78.66
2025-07-11,12.47,0.02,0.0,0.02,9.11,15.31,8.0,84.75
2025-07-12,13.04,0.0,0.0,0.0,10.26,15.74,6.83,83.44
2025-07-13,13.24,0.26,0.0,0.26,10.94,16.09,6.39,86.75
2025-07-14,12.93,3.28,0.0,3.28,10.4,16.39,7.23,88.5
2025-07-15,11.12,3.54,0.0,3.54,9.43,13.48,7.17,90.14
2025-07-16,11.52,3.2,0.0,3.2,9.15,14.78,8.39,89.06
2025-07-17,12.55,4.02,0.0,4.02,8.86,16.92,7.92,82.64
2025-07-18,13.78,0.0,0.0,0.0,8.65,18.43,9.29,78.09
2025-07-19,12.65,0.14,0.0,0.14,9.16,16.28,9.29,80.56
2025-07-20,12.5,5.13,0.0,5.13,9.08,16.26,10.73,87.78
2025-07-21,11.46,2.9,0.0,2.9,9.03,14.39,9.14,88.48
2025-07-22,13.08,3.7,0.0,3.7,9.51,15.96,8.04,86.75
2025-07-23,13.13,0.02,0.0,0.02,10.23,16.77,7.21,85.48
2025-07-24,13.5,0.0,0.0,0.0,10.09,18.04,7.1,83.61
2025-07-25,12.98,1.45,0.0,1.45,10.09,15.86,9.92,79.78
2025-07-26,13.25,0.0,0.0,0.0,9.74,16.28,8.28,79.8
2025-07-27,14.36,0.0,0.0,0.0,9.61,18.33,8.22,79.89
2025-07-28,14.97,0.0,0.0,0.0,10.43,19.56,8.09,76.44
2025-07-29,16.85,0.0,0.0,0.0,11.51,21.41,8.49,68.21
2025-07-30,15.38,0.0,0.0,0.0,11.95,19.3,9.71,76.66
2025-07-31,15.07,0.13,0.0,0.13,12.38,18.33,9.39,88.39
2025-08-01,13.52,2.0,0.0,2.0,11.95,16.1,9.62,88.72
2025-08-02,13.2,4.55,0.0,4.55,11.51,16.21,12.65,90.53
2025-08-03,12.31,4.6,0.0,4.6,10.77,15.35,9.47,89.12
2025-08-04,12.56,6.59,0.0,6.59,10.84,14.63,9.73,90.3
2025-08-05,12.37,10.45,0.0,10.45,10.85,14.93,8.92,90.81
2025-08-06,12.67,0.79,0.0,0.79,10.75,15.37,7.09,87.45
2025-08-07,12.55,1.3,0.0,1.3,10.71,15.59,8.98,88.75
2025-08-08,13.5,2.57,0.0,2.57,11.18,16.98,9.33,84.7
2025-08-09,13.7,4.85,0.0,4.85,11.0,16.89,12.05,84.67
2025-08-10,11.83,5.7,0.0,5.7,8.0,15.13,12.83,83.95
2025-08-11,11.79,0.33,0.0,0.33,6.76,15.77,11.04,72.89
2025-08-12,11.09,0.0,0.0,0.0,7.68,14.96,11.34,72.59
2025-08-13,11.35,0.0,0.0,0.0,6.63,16.04,10.72,73.62
2025-08-14,11.24,0.0,0.0,0.0,6.88,15.54,10.07,75.61
2025-08-15,11.18,0.0,0.0,0.0,7.09,15.95,9.68,76.39
2025-08-16,10.58,0.09,0.0,0.09,6.98,15.17,9.99,75.53
2025-08-17,11.24,0.0,0.0,0.0,6.34,15.79,9.72,72.33
2025-08-18,12.4,0.0,0.0,0.0,7.79,17.41,8.71,71.32
2025-08-19,12.18,1.69,0.0,1.69,7.14,16.84,9.7,76.69
2025-08-20,12.04,0.83,0.0,0.83,8.34,16.45,10.32,84.48
2025-08-21,11.59,17.84,0.0,17.84,8.25,16.18,11.25,81.17
2025-08-22,11.46,0.0,0.0,0.0,7.44,15.99,10.57,75.89
2025-08-23,13.57,0.0,0.0,0.0,7.95,19.72,11.33,70.0
2025-08-24,12.27,5.64,0.0,5.64,8.39,15.21,11.04,77.51
2025-08-25,9.42,23.68,0.0,23.68,7.9,11.75,12.62,89.56
2025-08-26,8.17,3.83,0.0,3.83,6.31,10.39,9.95,84.78
2025-08-27,8.49,4.18,0.0,4.18,6.18,11.12,11.23,86.55
2025-08-28,9.92,1.12,0.0,1.12,7.92,12.31,7.71,83.03
2025-08-29,10.85,0.0,0.0,0.0,7.98,14.08,8.6,82.09
2025-08-30,12.41,0.0,0.0,0.0,8.26,17.78,8.67,81.11
2025-08-31,12.32,0.0,0.0,0.0,8.35,16.83,7.91,78.73
2025-09-01,12.98,0.0,0.0,0.0,9.42,17.17,8.37,80.56
2025-09-02,12.04,4.11,0.0,4.11,9.97,14.84,9.41,85.5
2025-09-03,9.41,37.15,0.0,37.15,7.5,12.57,10.72,92.17
2025-09-04,10.11,10.25,0.0,10.25,6.7,13.95,9.4,87.4
2025-09-05,11.15,0.0,0.0,0.0,7.69,15.14,7.32,83.12
2025-09-06,11.56,0.15,0.0,0.15,8.35,15.44,7.85,83.8
2025-09-07,9.06,33.2,0.0,33.2,6.84,11.88,8.16,90.61
2025-09-08,9.28,12.11,0.0,12.11,6.65,12.6,10.42,87.95
2025-09-09,8.31,14.89,0.0,14.89,5.74,11.4,12.99,86.73
2025-09-10,8.14,6.69,0.0,6.69,5.2,12.28,8.87,81.62
2025-09-11,7.75,1.41,0.0,1.41,4.0,12.47,10.62,81.23
2025-09-12,7.97,0.04,0.0,0.04,3.93,12.55,9.94,78.58
2025-09-13,8.23,0.85,0.0,0.85,4.12,12.68,12.52,78.94
2025-09-14,7.78,5.8,0.0,5.8,4.56,11.55,11.81,82.25
2025-09-15,8.44,0.0,0.0,0.0,4.15,12.8,8.95,79.75
2025-09-16,8.05,1.11,0.0,1.11,3.59,12.4,11.25,80.56
2025-09-17,7.63,10.36,0.0,10.36,4.45,12.19,8.61,82.83
2025-09-18,6.32,20.06,0.0,20.06,2.06,11.67,14.53,79.59
2025-09-19,3.98,16.8,0.0,16.8,1.2,8.71,15.53,80.14
2025-09-20,4.91,57.41,0.0,57.41,1.97,7.8,25.59,86.1
2025-09-21,2.97,26.57,0.0,26.57,0.45,6.34,18.63,78.57
2025-09-22,4.5,0.0,0.0,0.0,0.24,10.0,10.83,74.95
2025-09-23,5.95,0.0,0.0,0.0,1.48,11.31,9.24,76.85
2025-09-24,6.69,0.0,0.0,0.0,2.49,11.78,7.98,75.52
2025-09-25,5.96,0.0,0.0,0.0,2.55,9.63,8.8,82.47
2025-09-26,5.89,13.0,0.0,13.0,3.21,9.53,12.4,86.37
2025-09-27,2.68,20.45,0.0,20.45,1.56,5.01,12.07,90.62
2025-09-28,4.53,0.71,0.0,0.71,1.48,8.38,8.65,81.91
2025-09-29,6.18,0.0,0.0,0.0,2.62,11.07,12.08,76.38
2025-09-30,4.26,24.33,0.0,24.33,2.5,5.93,8.42,91.72
2025-10-01,4.15,8.43,0.0,8.43,1.77,7.46,7.27,87.96
2025-10-02,4.14,4.87,0.0,4.87,1.64,7.44,5.26,87.83
2025-10-03,5.68,0.0,0.0,0.0,1.49,10.51,9.54,79.33
2025-10-04,8.99,0.0,0.0,0.0,3.61,16.33,12.14,64.42
2025-10-05,6.6,0.44,0.0,0.44,3.54,10.53,12.95,77.55
2025-10-06,6.1,0.0,0.0,0.0,3.11,9.91,6.77,84.95
2025-10-07,6.71,0.0,0.0,0.0,2.96,10.97,8.01,77.21
2025-10-08,7.97,0.0,0.0,0.0,4.29,14.02,8.97,69.87
2025-10-09,6.04,6.33,0.0,6.33,1.02,11.08,10.23,78.85
2025-10-10,2.67,24.56,0.0,24.56,0.09,6.16,10.54,83.81
2025-10-11,2.49,1.3,0.0,1.3,0.22,6.4,9.27,79.78
2025-10-12,1.33,27.02,27.02,0.0,-1.21,5.15,16.76,84.91
2025-10-13,0.21,14.14,14.14,0.0,-2.07,3.28,11.18,85.55
2025-10-14,1.37,0.0,0.0,0.0,-2.52,6.89,11.17,73.33
2025-10-15,2.56,0.0,0.0,0.0,-1.04,6.64,8.81,76.88
2025-10-16,2.43,2.57,0.0,2.57,-0.63,5.83,7.91,82.59
2025-10-17,2.42,0.58,0.0,0.58,-0.61,6.22,8.01,83.72
2025-10-18,3.03,0.0,0.0,0.0,-0.42,7.77,8.62,77.49
2025-10-19,3.74,0.17,0.0,0.17,0.84,7.69,9.18,77.44
2025-10-20,0.42,26.54,26.54,0.0,-1.67,2.99,11.35,92.33
2025-10-21,0.27,1.25,1.25,0.0,-2.29,4.16,8.59,83.5
2025-10-22,1.77,0.0,0.0,0.0,-2.86,6.67,11.08,70.2
2025-10-23,4.18,0.0,0.0,0.0,0.79,8.61,13.42,71.44
2025-10-24,5.61,1.86,0.0,1.86,2.86,8.74,14.84,73.06
2025-10-25,5.63,0.0,0.0,0.0,3.14,9.18,14.43,74.34
2025-10-26,2.35,23.22,0.0,23.22,0.2,4.66,13.06,88.8
2025-10-27,4.27,0.0,0.0,0.0,0.06,9.02,15.53,72.36
2025-10-28,6.25,0.0,0.0,0.0,3.88,9.64,15.47,72.22
2025-10-29,1.12,37.18,37.18,0.0,-2.44,5.45,16.51,88.64
2025-10-30,-0.22,0.09,0.09,0.0,-3.18,5.46,10.7,72.73
2025-10-31,0.26,0.0,0.0,0.0,-3.67,5.85,11.27,62.81
2025-11-01,0.55,0.0,0.0,0.0,-3.25,6.25,11.33,66.85
2025-11-02,0.01,0.0,0.0,0.0,-3.44,5.28,10.45,74.03
2025-11-03,0.45,0.0,0.0,0.0,-3.58,5.83,11.33,63.78
2025-11-04,1.67,0.0,0.0,0.0,-2.04,7.71,11.63,61.82
2025-11-05,1.8,0.0,0.0,0.0,-0.66,6.37,8.21,70.97
2025-11-06,1.59,0.0,0.0,0.0,-1.81,6.66,8.85,74.26
2025-11-07,2.67,0.0,0.0,0.0,-0.72,6.68,10.37,67.4
2025-11-08,5.0,0.0,0.0,0.0,2.05,8.65,16.14,64.94
2025-11-09,3.34,0.0,0.0,0.0,0.36,7.92,8.25,74.73
2025-11-10,1.93,0.0,0.0,0.0,-1.22,5.75,7.79,70.64
2025-11-11,3.93,0.0,0.0,0.0,-1.19,9.47,13.33,60.09
2025-11-12,4.42,0.49,0.0,0.49,1.53,8.38,11.78,67.08
2025-11-13,1.91,5.34,5.34,0.0,-0.59,4.55,11.88,79.86
2025-11-14,0.31,7.48,7.48,0.0,-0.79,1.93,10.63,85.58
2025-11-15,0.17,2.47,2.47,0.0,-1.49,1.6,11.47,84.69
2025-11-16,0.23,2.99,2.99,0.0,-2.07,2.17,10.45,86.81
2025-11-17,0.47,0.0,0.0,0.0,-2.3,5.28,9.25,76.66
2025-11-18,0.8,0.0,0.0,0.0,-2.43,6.84,11.49,62.36
2025-11-19,0.69,0.0,0.0,0.0,-2.54,6.6,11.79,57.53
2025-11-20,0.84,0.0,0.0,0.0,-2.57,6.85,11.12,55.28
2025-11-21,0.23,0.0,0.0,0.0,-2.74,6.11,10.43,55.32
2025-11-22,1.19,0.0,0.0,0.0,-2.33,6.2,11.32,52.11
2025-11-23,1.71,0.0,0.0,0.0,-1.63,7.96,13.92,49.11
2025-11-24,2.06,0.0,0.0,0.0,-1.8,8.94,15.25,53.69
2025-11-25,0.12,0.0,0.0,0.0,-2.7,4.43,9.75,64.93
2025-11-26,0.18,0.0,0.0,0.0,-2.59,3.93,8.25,61.8
2025-11-27,-0.13,0.0,0.0,0.0,-2.61,5.25,9.66,64.6
2025-11-28,-0.3,0.0,0.0,0.0,-3.27,4.83,10.25,61.0
2025-11-29,0.12,0.0,0.0,0.0,-2.84,5.24,10.64,56.72
2025-11-30,1.91,0.04,0.04,0.0,-2.44,7.3,12.77,56.21
2025-12-01,0.47,8.63,8.63,0.0,-2.46,4.16,11.49,75.78
2025-12-02,-2.68,5.7,5.7,0.0,-4.11,-0.69,10.68,83.62
2025-12-03,-2.69,0.0,0.0,0.0,-4.98,1.75,10.68,77.67
2025-12-04,-3.28,0.0,0.0,0.0,-6.09,0.98,10.54,69.3
2025-12-05,-2.74,0.0,0.0,0.0,-6.02,2.1,11.28,58.23
2025-12-06,-0.15,0.0,0.0,0.0,-3.49,4.67,17.12,60.26
2025-12-07,1.74,1.65,1.65,0.0,-0.36,4.38,15.41,68.32
2025-12-08,1.2,0.0,0.0,0.0,-1.08,4.22,9.55,71.64
2025-12-09,0.18,2.11,2.11,0.0,-1.95,2.61,8.36,82.42
2025-12-10,-1.98,25.91,25.91,0.0,-3.24,-0.77,10.62,92.8
2025-12-11,-2.66,10.04,10.04,0.0,-3.96,-0.99,9.43,90.7
2025-12-12,-3.81,10.09,10.09,0.0,-5.53,-2.74,9.39,90.48
2025-12-13,-4.41,30.33,30.33,0.0,-5.61,-2.79,21.87,86.75
2025-12-14,-5.65,16.47,16.47,0.0,-7.89,-2.89,14.68,83.96
2025-12-15,-5.87,3.86,3.86,0.0,-8.16,-3.25,12.2,76.97
2025-12-16,-6.51,14.63,14.63,0.0,-7.84,-4.04,17.02,88.64
2025-12-17,-6.01,0.0,0.0,0.0,-7.83,-2.53,10.02,80.72
2025-12-18,-6.42,0.0,0.0,0.0,-8.99,-2.43,11.51,70.22
2025-12-19,-5.76,0.0,0.0,0.0,-8.28,-0.79,9.85,63.92
2025-12-20,-6.05,0.0,0.0,0.0,-8.97,-1.25,9.64,67.64
2025-12-21,-4.37,0.0,0.0,0.0,-7.89,-0.22,9.49,60.4
2025-12-22,-2.73,0.0,0.0,0.0,-5.11,1.58,9.44,64.78
2025-12-23,-3.45,0.0,0.0,0.0,-6.16,0.09,9.98,67.53
2025-12-24,-3.2,5.64,5.64,0.0,-4.94,-0.85,11.98,76.17
2025-12-25,-4.41,7.77,7.77,0.0,-5.49,-2.53,8.69,90.04
2025-12-26,-5.92,12.34,12.34,0.0,-6.74,-4.71,7.66,89.43
2025-12-27,-8.8,31.27,31.27,0.0,-10.75,-7.19,13.19,91.83
2025-12-28,-8.87,3.45,3.45,0.0,-11.53,-4.88,10.89,72.22
2025-12-29,-7.67,5.59,5.59,0.0,-10.3,-5.27,18.84,67.35
2025-12-30,-8.72,11.65,11.65,0.0,-10.98,-5.17,16.44,66.22
2025-12-31,-6.15,7.06,7.06,0.0,-8.85,-2.64,20.81,67.32
2026-01-01,-9.81,39.66,39.66,0.0,-11.98,-7.19,12.9,87.2
2024-08-28,2.01,1.51,0.0,1.51,-2.02,5.47,13.19,85.23
2024-08-29,2.15,1.07,0.0,1.07,-1.23,5.77,12.69,86.33
2024-08-31,1.1,1.57,1.57,0.0,-2.39,4.69,14.57,85.67
2024-09-01,1.95,5.13,5.13,0.0,-1.99,5.56,13.32,86.11
2024-09-02,2.36,0.0,0.0,0.0,-0.87,6.42,12.99,86.33
2024-09-03,1.93,0.0,0.0,0.0,-1.15,5.57,12.86,86.77
2024-08-30,1.56,0.0,0.0,0.0,-1.15,5.14,13.5,87.42
2024-12-12,-1.75,0.0,0.0,0.0,-4.22,2.07,13.87,88.08
2024-12-13,-2.08,0.0,0.0,0.0,-4.65,1.19,18.84,86.55
