time,Hıdırnebi yaylası - Trabzon_temp,Hıdırnebi yaylası - Trabzon_prcp,Hıdırnebi yaylası - Trabzon_snow,Hıdırnebi yaylası - Trabzon_rain,Hıdırnebi yaylası - Trabzon_tmin,Hıdırnebi yaylası - Trabzon_tmax,Hıdırnebi yaylası - Trabzon_wspd,Hıdırnebi yaylası - Trabzon_rhum
2024-01-01,2.05,0.0,0.0,0.0,-1.4,5.75,8.39,66.76
2024-01-02,3.49,1.45,0.0,1.45,-0.17,6.56,7.85,63.37
2024-01-03,2.67,8.49,0.0,8.49,0.99,4.4,10.52,82.84
2024-01-04,4.11,4.34,0.0,4.34,1.43,8.07,11.06,78.87
2024-01-05,3.04,15.56,0.0,15.56,0.84,5.09,14.56,78.12
2024-01-06,1.67,2.3,2.3,0.0,-1.15,4.44,13.27,66.62
2024-01-07,3.3,0.0,0.0,0.0,-1.19,6.68,10.51,53.37
2024-01-08,7.97,1.52,0.0,1.52,2.85,11.7,18.91,55.66
2024-01-09,3.21,16.34,0.0,16.34,-0.07,5.42,10.4,87.91
2024-01-10,0.27,4.77,4.77,0.0,-1.72,1.85,17.84,87.02
2024-01-11,-1.49,0.09,0.09,0.0,-3.46,-0.13,9.61,80.96
2024-01-12,-1.75,3.12,3.12,0.0,-3.47,0.15,8.24,80.7
2024-01-13,-5.46,16.55,16.55,0.0,-8.83,-2.08,14.79,84.98
2024-01-14,-5.8,0.99,0.99,0.0,-8.78,-2.79,8.78,73.2
2024-01-15,-1.59,0.0,0.0,0.0,-7.53,3.69,10.81,57.37
2024-01-16,6.37,1.31,0.0,1.31,2.15,9.13,20.24,49.59
2024-01-17,0.88,7.95,7.95,0.0,-0.58,3.2,11.65,84.77
2024-01-18,0.64,0.0,0.0,0.0,-2.65,3.79,9.8,77.4
2024-01-19,6.18,0.23,0.0,0.23,0.76,9.44,20.13,51.34
2024-01-20,5.97,0.41,0.0,0.41,3.48,9.23,13.77,61.68
2024-01-21,0.99,9.71,9.71,0.0,-2.89,8.08,24.34,84.76
2024-01-22,-3.62,4.64,4.64,0.0,-4.89,-2.48,14.7,77.36
2024-01-23,-5.12,0.58,0.58,0.0,-7.45,-3.0,7.19,81.21
2024-01-24,-3.94,1.75,1.75,0.0,-6.65,-1.59,10.81,76.13
2024-01-25,-4.24,0.0,0.0,0.0,-7.72,-0.5,9.6,64.87
2024-01-26,-2.34,1.55,1.55,0.0,-5.18,0.67,7.4,70.05
2024-01-27,-3.22,12.82,12.82,0.0,-4.68,-1.55,16.96,81.6
2024-01-28,-4.25,0.11,0.11,0.0,-7.3,-1.12,8.22,71.34
2024-01-29,-4.17,2.48,2.48,0.0,-6.48,-1.47,12.71,68.82
2024-01-30,-3.34,0.1,0.1,0.0,-5.44,-0.76,9.53,65.75
2024-01-31,-2.98,0.05,0.05,0.0,-6.21,0.72,10.24,59.46
2024-02-01,-2.47,0.0,0.0,0.0,-5.47,-0.2,8.18,64.56
2024-02-02,-1.89,0.0,0.0,0.0,-5.36,1.31,7.16,65.31
2024-02-03,-1.39,1.55,1.55,0.0,-3.54,0.28,9.11,75.07
2024-02-04,-0.01,0.0,0.0,0.0,-3.42,2.9,8.37,70.12
2024-02-05,1.47,0.25,0.25,0.0,-1.22,4.85,10.5,63.91
2024-02-06,2.87,7.37,0.0,7.37,0.64,5.31,16.58,72.65
2024-02-07,4.78,1.09,0.0,1.09,-0.21,9.52,9.7,58.72
2024-02-08,6.3,0.0,0.0,0.0,2.41,9.98,14.17,57.0
2024-02-09,5.73,0.0,0.0,0.0,2.0,9.96,9.47,65.66
2024-02-10,7.28,0.0,0.0,0.0,2.15,10.7,15.03,51.43
2024-02-11,7.54,0.0,0.0,0.0,3.16,10.82,16.22,49.49
2024-02-12,7.81,0.0,0.0,0.0,2.65,11.89,13.21,46.74
2024-02-13,9.31,0.0,0.0,0.0,4.06,12.3,15.11,43.58
2024-02-14,6.43,0.93,0.0,0.93,1.31,10.74,12.78,66.26
2024-02-15,2.11,1.99,0.0,1.99,0.1,3.58,7.67,88.65
2024-02-16,2.36,0.55,0.0,0.55,-0.32,4.19,6.89,88.14
2024-02-17,1.44,5.32,5.32,0.0,0.9,2.18,11.44,90.16
2024-02-18,0.74,2.04,2.04,0.0,-0.32,1.9,13.97,83.67
2024-02-19,0.11,1.05,1.05,0.0,-1.54,1.95,7.16,81.92
2024-02-20,-0.04,0.41,0.41,0.0,-2.28,1.64,6.02,85.05
2024-02-21,0.66,0.05,0.05,0.0,-3.05,4.19,7.97,78.38
2024-02-22,0.32,9.5,9.5,0.0,-2.68,3.24,8.75,81.24
2024-02-23,0.33,1.62,1.62,0.0,-2.7,3.51,8.86,77.39
2024-02-24,1.18,0.0,0.0,0.0,-3.55,5.4,6.7,67.65
2024-02-25,1.22,0.0,0.0,0.0,-3.5,5.2,7.26,66.37
2024-02-26,2.05,0.0,0.0,0.0,-3.6,7.48,15.34,49.52
2024-02-27,3.23,0.0,0.0,0.0,-2.5,7.27,12.24,40.2
2024-02-28,0.87,0.0,0.0,0.0,-4.31,4.68,7.74,64.16
2024-02-29,1.01,0.0,0.0,0.0,-4.74,5.34,8.48,66.73
2024-03-01,1.5,0.0,0.0,0.0,-3.83,5.16,7.09,66.23
2024-03-02,3.03,0.0,0.0,0.0,-1.27,6.26,8.45,66.6
2024-03-03,3.1,0.23,0.0,0.23,0.13,5.27,8.74,80.04
2024-03-04,2.44,0.13,0.0,0.13,0.28,4.51,5.73,84.96
2024-03-05,3.36,0.0,0.0,0.0,-0.95,5.75,9.36,78.07
2024-03-06,4.19,4.67,0.0,4.67,0.61,8.86,11.99,71.2
2024-03-07,1.19,5.93,5.93,0.0,-0.07,2.42,11.55,83.77
2024-03-08,1.23,0.3,0.3,0.0,-1.53,2.85,8.12,80.89
2024-03-09,0.33,7.82,7.82,0.0,-2.36,2.32,9.14,80.88
2024-03-10,-0.66,1.44,1.44,0.0,-3.33,1.43,7.02,78.49
2024-03-11,1.1,0.0,0.0,0.0,-3.07,4.8,9.16,66.74
2024-03-12,2.93,0.0,0.0,0.0,-2.76,7.2,9.54,61.23
2024-03-13,7.52,0.0,0.0,0.0,1.71,13.48,14.78,55.77
2024-03-14,3.94,2.22,0.0,2.22,1.11,6.73,11.96,75.06
2024-03-15,2.49,8.58,0.0,8.58,0.19,4.88,8.34,86.63
2024-03-16,2.19,6.12,0.0,6.12,0.41,4.32,8.88,89.14
2024-03-17,2.08,3.87,0.0,3.87,-0.47,4.0,8.11,84.86
2024-03-18,2.52,3.72,0.0,3.72,-0.09,4.57,9.64,86.05
2024-03-19,0.9,7.44,7.44,0.0,-0.69,1.94,13.49,87.33
2024-03-20,1.88,0.18,0.18,0.0,-0.85,4.27,6.0,79.69
2024-03-21,1.16,5.14,5.14,0.0,-1.28,2.96,9.26,85.57
2024-03-22,-1.62,11.42,11.42,0.0,-2.29,-0.38,8.46,86.74
2024-03-23,-0.31,2.57,2.57,0.0,-3.82,2.09,9.78,75.83
2024-03-24,0.51,0.0,0.0,0.0,-2.98,3.03,10.76,73.67
2024-03-25,3.67,0.0,0.0,0.0,-2.62,7.35,13.12,59.45
2024-03-26,1.91,12.7,12.7,0.0,-0.8,8.07,20.11,65.78
2024-03-27,0.36,0.0,0.0,0.0,-3.96,4.3,10.97,64.5
2024-03-28,3.78,0.0,0.0,0.0,0.3,7.29,9.67,74.16
2024-03-29,6.33,1.93,0.0,1.93,2.95,10.35,10.96,70.68
2024-03-30,6.86,0.0,0.0,0.0,2.98,11.33,10.76,65.92
2024-03-31,5.79,0.0,0.0,0.0,1.78,9.69,8.26,68.49
2024-04-01,7.16,0.0,0.0,0.0,3.13,10.98,6.89,64.45
2024-04-02,8.73,0.0,0.0,0.0,3.24,13.21,7.66,53.36
2024-04-03,9.82,0.0,0.0,0.0,4.53,15.33,16.33,57.5
2024-04-04,6.73,0.0,0.0,0.0,1.95,10.12,9.59,72.12
2024-04-05,3.99,9.04,0.0,9.04,1.9,6.56,11.09,81.64
2024-04-06,3.21,0.0,0.0,0.0,0.61,6.27,7.58,78.82
2024-04-07,2.88,0.72,0.0,0.72,0.41,6.31,6.16,80.34
2024-04-08,3.74,0.65,0.0,0.65,0.86,6.5,8.18,82.64
2024-04-09,4.64,0.03,0.0,0.03,1.81,7.63,8.18,81.44
2024-04-10,4.64,3.22,0.0,3.22,2.74,7.38,8.48,84.12
2024-04-11,5.17,0.19,0.0,0.19,3.58,7.28,7.86,84.66
2024-04-12,5.83,0.0,0.0,0.0,3.09,8.65,8.36,84.2
2024-04-13,5.52,0.37,0.0,0.37,3.67,7.66,7.35,88.72
2024-04-14,4.8,2.58,0.0,2.58,2.8,6.43,8.94,87.99
2024-04-15,5.14,0.0,0.0,0.0,1.48,8.67,8.23,78.31
2024-04-16,7.86,0.0,0.0,0.0,1.62,13.83,8.26,58.09
2024-04-17,12.54,0.0,0.0,0.0,6.18,19.41,9.63,46.28
2024-04-18,15.85,0.53,0.0,0.53,9.57,21.47,17.25,38.93
2024-04-19,8.67,0.5,0.0,0.5,5.51,15.51,11.56,74.01
2024-04-20,7.96,0.0,0.0,0.0,5.12,11.57,12.0,76.39
2024-04-21,10.41,0.0,0.0,0.0,6.71,15.17,11.17,66.21
2024-04-22,9.08,0.0,0.0,0.0,4.23,12.26,11.57,75.75
2024-04-23,9.34,0.0,0.0,0.0,3.98,12.19,9.55,73.81
2024-04-24,12.56,0.0,0.0,0.0,6.5,17.97,9.3,63.35
2024-04-25,16.31,0.0,0.0,0.0,9.47,20.79,9.84,51.79
2024-04-26,13.48,4.54,0.0,4.54,9.34,19.84,12.17,60.13
2024-04-27,10.1,0.51,0.0,0.51,6.82,12.99,10.0,82.83
2024-04-28,10.14,1.54,0.0,1.54,6.32,13.6,8.31,81.44
2024-04-29,10.78,0.11,0.0,0.11,6.59,15.13,8.7,78.19
2024-04-30,9.53,0.64,0.0,0.64,6.6,12.94,6.98,81.81
2024-05-01,8.7,1.59,0.0,1.59,6.8,11.7,8.11,84.33
2024-05-02,7.42,7.08,0.0,7.08,5.91,9.22,7.22,88.96
2024-05-03,7.21,7.85,0.0,7.85,5.92,8.52,8.73,87.73
2024-05-04,7.45,13.46,0.0,13.46,5.35,10.88,8.75,85.22
2024-05-05,5.18,13.02,0.0,13.02,2.81,7.73,15.74,83.34
2024-05-06,4.06,5.63,0.0,5.63,2.35,5.78,11.05,77.1
2024-05-07,4.85,1.8,0.0,1.8,2.92,7.76,9.54,78.74
2024-05-08,7.86,0.0,0.0,0.0,2.79,10.6,9.59,68.86
2024-05-09,8.99,0.7,0.0,0.7,2.74,12.08,8.6,71.33
2024-05-10,9.64,0.12,0.0,0.12,6.04,11.61,9.39,77.85
2024-05-11,8.8,1.4,0.0,1.4,6.36,13.94,16.06,79.37
2024-05-12,7.12,12.91,0.0,12.91,5.34,8.66,13.7,78.18
2024-05-13,6.26,0.94,0.0,0.94,4.68,8.42,10.44,72.49
2024-05-14,4.74,2.4,0.0,2.4,2.13,6.87,14.57,75.56
2024-05-15,6.51,0.0,0.0,0.0,1.41,9.73,9.55,72.97
2024-05-16,5.9,4.65,0.0,4.65,2.81,9.01,8.63,82.06
2024-05-17,6.72,0.0,0.0,0.0,1.09,9.78,7.64,75.38
2024-05-18,8.26,0.0,0.0,0.0,2.13,11.08,10.04,71.75
2024-05-19,8.37,0.74,0.0,0.74,5.09,10.59,8.06,75.87
2024-05-20,9.07,0.0,0.0,0.0,3.83,12.47,8.33,73.03
2024-05-21,9.66,0.0,0.0,0.0,3.97,13.14,7.23,71.83
2024-05-22,10.97,0.0,0.0,0.0,4.76,13.93,8.63,67.96
2024-05-23,11.22,0.0,0.0,0.0,6.31,14.45,7.73,75.51
2024-05-24,10.52,1.37,0.0,1.37,7.72,13.48,9.59,84.21
2024-05-25,9.52,3.79,0.0,3.79,8.18,12.82,7.47,84.96
2024-05-26,9.89,7.74,0.0,7.74,7.49,12.52,7.46,83.82
2024-05-27,9.98,3.15,0.0,3.15,6.88,13.51,7.91,79.79
2024-05-28,11.03,1.61,0.0,1.61,7.79,14.35,11.07,82.33
2024-05-29,11.46,0.26,0.0,0.26,8.58,14.05,8.58,79.67
2024-05-30,11.74,0.29,0.0,0.29,9.33,15.08,9.38,81.41
2024-05-31,11.8,5.07,0.0,5.07,9.19,14.98,8.53,83.69
2024-06-01,12.08,3.8,0.0,3.8,8.96,16.28,8.84,74.48
2024-06-02,12.48,0.0,0.0,0.0,7.35,16.36,8.16,67.37
2024-06-03,13.16,0.0,0.0,0.0,8.06,17.52,8.28,67.65
2024-06-04,14.17,0.0,0.0,0.0,8.9,18.16,8.29,68.99
2024-06-05,15.59,0.0,0.0,0.0,10.9,19.47,7.57,66.36
2024-06-06,15.51,0.0,0.0,0.0,11.76,18.98,8.5,68.11
2024-06-07,14.81,0.06,0.0,0.06,11.47,17.43,8.36,75.29
2024-06-08,14.48,1.63,0.0,1.63,11.8,17.41,7.13,78.8
2024-06-09,13.42,10.25,0.0,10.25,11.12,15.6,8.38,80.43
2024-06-10,14.82,1.91,0.0,1.91,11.07,17.51,8.19,75.0
2024-06-11,16.26,0.0,0.0,0.0,9.97,19.05,9.17,67.04
2024-06-12,17.3,0.0,0.0,0.0,10.09,20.45,9.25,65.6
2024-06-13,18.39,0.0,0.0,0.0,12.15,21.66,7.29,62.95
2024-06-14,18.83,0.0,0.0,0.0,12.73,21.51,10.36,66.6
2024-06-15,17.03,0.76,0.0,0.76,14.07,21.14,14.71,66.37
2024-06-16,15.24,2.15,0.0,2.15,12.92,17.61,7.82,73.31
2024-06-17,15.82,0.33,0.0,0.33,12.91,19.04,7.11,75.44
2024-06-18,15.58,2.65,0.0,2.65,12.51,18.68,8.78,78.79
2024-06-19,15.95,0.1,0.0,0.1,12.32,19.09,6.87,77.54
2024-06-20,16.5,0.95,0.0,0.95,13.01,19.91,7.58,74.47
2024-06-21,17.24,2.45,0.0,2.45,13.62,19.93,11.66,73.97
2024-06-22,16.11,1.4,0.0,1.4,13.33,19.01,10.86,70.55
2024-06-23,17.27,0.0,0.0,0.0,11.98,20.41,8.93,65.84
2024-06-24,18.43,0.0,0.0,0.0,12.46,21.6,8.93,63.86
2024-06-25,17.73,0.29,0.0,0.29,13.42,20.54,10.25,68.73
2024-06-26,13.73,10.62,0.0,10.62,11.42,17.18,15.6,77.4
2024-06-27,15.03,0.13,0.0,0.13,9.92,17.87,13.67,59.81
2024-06-28,15.96,0.0,0.0,0.0,11.18,19.44,9.78,60.63
2024-06-29,15.74,0.0,0.0,0.0,10.91,18.32,10.45,65.58
2024-06-30,16.63,0.21,0.0,0.21,12.88,19.51,9.83,67.33
2024-07-01,14.92,20.5,0.0,20.5,12.89,16.67,9.38,77.73
2024-07-02,16.1,6.79,0.0,6.79,13.43,18.63,11.14,72.74
2024-07-03,17.96,0.0,0.0,0.0,12.58,20.8,9.65,69.44
2024-07-04,19.47,0.0,0.0,0.0,12.61,26.97,9.98,68.06
2024-07-05,19.11,1.88,0.0,1.88,14.53,22.19,12.03,71.13
2024-07-06,15.97,5.39,0.0,5.39,13.63,18.56,12.48,81.3
2024-07-07,17.09,1.52,0.0,1.52,12.66,19.36,11.88,78.22
2024-07-08,17.23,1.39,0.0,1.39,14.77,20.85,7.19,79.99
2024-07-09,17.94,12.14,0.0,12.14,14.89,21.33,6.84,79.97
2024-07-10,17.57,1.0,0.0,1.0,15.09,21.17,6.21,77.08
2024-07-11,19.56,3.29,0.0,3.29,14.69,22.87,7.6,74.07
2024-07-12,19.22,0.58,0.0,0.58,15.61,21.38,8.36,78.37
2024-07-13,19.0,1.91,0.0,1.91,14.16,21.58,10.4,81.06
2024-07-14,18.06,4.01,0.0,4.01,15.88,20.6,9.5,79.65
2024-07-15,18.54,1.66,0.0,1.66,15.29,22.46,9.09,74.43
2024-07-16,18.8,6.21,0.0,6.21,15.56,21.83,7.92,76.07
2024-07-17,18.65,4.04,0.0,4.04,16.08,21.59,6.42,78.39
2024-07-18,19.06,4.08,0.0,4.08,16.08,21.58,8.43,80.23
2024-07-19,17.97,8.94,0.0,8.94,13.35,20.89,13.15,75.91
2024-07-20,17.41,7.94,0.0,7.94,14.87,19.9,13.38,78.06
2024-07-21,19.17,0.94,0.0,0.94,14.37,21.69,8.79,73.97
2024-07-22,17.86,0.0,0.0,0.0,13.55,21.71,6.54,72.05
2024-07-23,18.56,0.0,0.0,0.0,15.04,21.94,8.19,67.44
2024-07-24,17.74,8.13,0.0,8.13,14.76,21.0,12.13,71.47
2024-07-25,17.59,0.88,0.0,0.88,14.49,21.26,10.39,68.39
2024-07-26,17.47,0.41,0.0,0.41,14.14,20.89,8.39,71.22
2024-07-27,15.89,8.23,0.0,8.23,13.39,18.65,15.18,74.81
2024-07-28,16.47,5.79,0.0,5.79,11.33,20.66,17.76,69.58
2024-07-29,17.15,0.16,0.0,0.16,13.53,20.47,13.09,63.08
2024-07-30,17.03,0.93,0.0,0.93,13.88,20.26,13.75,71.16
2024-07-31,15.36,6.04,0.0,6.04,12.42,17.81,16.1,70.75
2024-08-01,15.42,0.07,0.0,0.07,11.44,18.96,10.38,67.14
2024-08-02,15.94,0.0,0.0,0.0,12.48,19.52,7.21,71.31
2024-08-03,16.34,0.0,0.0,0.0,12.0,20.48,8.23,69.06
2024-08-04,17.39,0.0,0.0,0.0,12.68,21.46,8.84,63.64
2024-08-05,17.99,0.16,0.0,0.16,14.7,21.15,7.47,66.4
2024-08-06,17.44,0.3,0.0,0.3,14.25,20.52,8.71,73.11
2024-08-07,17.72,0.81,0.0,0.81,14.04,21.22,9.5,71.03
2024-08-08,17.3,0.42,0.0,0.42,13.27,21.08,7.68,73.3
2024-08-09,17.39,0.0,0.0,0.0,13.0,21.59,8.04,69.8
2024-08-10,17.07,0.0,0.0,0.0,13.45,20.69,9.45,70.66
2024-08-11,17.35,2.41,0.0,2.41,14.28,20.76,14.64,63.63
2024-08-12,17.29,1.4,0.0,1.4,14.86,20.08,13.98,66.99
2024-08-13,18.45,0.0,0.0,0.0,13.55,21.98,9.76,65.92
2024-08-14,18.4,0.0,0.0,0.0,13.55,21.27,9.69,64.72
2024-08-15,18.22,0.15,0.0,0.15,13.38,21.52,9.84,63.23
2024-08-16,17.42,0.23,0.0,0.23,13.74,20.08,11.83,64.01
2024-08-17,17.24,0.0,0.0,0.0,12.24,21.0,11.5,60.61
2024-08-18,18.8,0.0,0.0,0.0,12.87,22.93,8.56,61.97
2024-08-19,19.49,0.0,0.0,0.0,13.86,23.09,7.04,66.51
2024-08-20,20.25,0.0,0.0,0.0,14.85,23.28,7.34,68.92
2024-08-21,20.62,0.0,0.0,0.0,14.68,24.17,8.44,68.75
2024-08-22,20.85,0.07,0.0,0.07,16.06,24.91,9.91,68.82
2024-08-23,20.08,1.03,0.0,1.03,17.64,22.45,11.85,73.96
2024-08-24,18.2,7.71,0.0,7.71,15.69,20.51,13.68,76.73
2024-08-25,17.02,7.89,0.0,7.89,14.78,20.1,9.34,75.82
2024-08-26,18.49,4.85,0.0,4.85,14.68,21.82,9.39,72.65
2024-08-27,18.86,0.0,0.0,0.0,13.93,22.68,8.61,70.53
2024-08-28,19.15,0.0,0.0,0.0,15.25,23.74,7.08,71.78
2024-08-29,18.89,0.0,0.0,0.0,14.65,22.59,8.93,76.53
2024-08-30,17.5,0.0,0.0,0.0,15.44,20.79,9.84,76.62
2024-08-31,17.87,0.08,0.0,0.08,13.93,21.65,7.9,73.21
2024-09-01,18.87,0.0,0.0,0.0,14.68,22.51,8.82,76.21
2024-09-02,19.15,0.13,0.0,0.13,15.64,22.24,8.46,76.3
2024-09-03,18.41,0.0,0.0,0.0,13.66,21.58,10.25,79.3
2024-09-04,17.15,0.0,0.0,0.0,14.53,19.85,11.52,79.39
2024-09-05,17.24,7.71,0.0,7.71,13.96,19.96,10.11,76.98
2024-09-06,16.89,12.42,0.0,12.42,12.81,19.85,11.01,78.65
2024-09-07,16.04,2.07,0.0,2.07,13.15,19.84,9.92,73.98
2024-09-08,15.43,2.32,0.0,2.32,12.45,18.96,9.02,75.15
2024-09-09,16.47,0.59,0.0,0.59,13.07,19.77,9.94,71.02
2024-09-10,17.2,0.0,0.0,0.0,13.3,20.62,9.38,71.49
2024-09-11,17.71,0.0,0.0,0.0,13.9,21.62,7.28,70.81
2024-09-12,17.64,0.06,0.0,0.06,14.08,21.65,9.5,68.99
2024-09-13,17.02,0.72,0.0,0.72,14.12,20.44,8.63,76.64
2024-09-14,16.61,0.06,0.0,0.06,13.14,20.44,6.72,76.21
2024-09-15,16.55,0.0,0.0,0.0,12.27,20.76,8.3,72.79
2024-09-16,16.15,12.7,0.0,12.7,13.58,19.7,16.13,69.71
2024-09-17,14.27,11.26,0.0,11.26,11.87,16.93,11.11,76.41
2024-09-18,14.12,0.95,0.0,0.95,11.05,17.16,9.0,71.34
2024-09-19,13.11,9.93,0.0,9.93,10.34,16.7,10.88,75.8
2024-09-20,12.71,11.91,0.0,11.91,10.2,16.18,13.6,76.08
2024-09-21,12.58,8.89,0.0,8.89,9.36,16.47,11.12,72.83
2024-09-22,12.16,7.17,0.0,7.17,10.07,15.58,8.23,80.24
2024-09-23,12.38,12.51,0.0,12.51,10.0,14.96,10.5,75.91
2024-09-24,12.72,1.91,0.0,1.91,10.16,15.81,11.76,73.0
2024-09-25,12.94,0.99,0.0,0.99,9.86,16.63,8.45,70.98
2024-09-26,12.73,0.0,0.0,0.0,9.2,16.78,9.0,74.07
2024-09-27,13.01,0.0,0.0,0.0,9.73,16.27,8.51,72.0
2024-09-28,13.54,0.0,0.0,0.0,9.36,17.97,9.1,67.86
2024-09-29,13.99,0.0,0.0,0.0,10.09,18.01,8.43,70.32
2024-09-30,14.47,0.33,0.0,0.33,10.99,17.88,9.19,71.65
2024-10-01,10.82,23.11,0.0,23.11,8.41,14.22,14.72,81.21
2024-10-02,9.94,2.64,0.0,2.64,7.42,12.22,9.61,72.02
2024-10-03,11.45,0.0,0.0,0.0,8.41,15.34,9.07,68.24
2024-10-04,11.3,0.0,0.0,0.0,7.11,15.25,9.11,72.83
2024-10-05,12.91,0.0,0.0,0.0,7.06,17.76,7.9,64.76
2024-10-06,13.68,0.0,0.0,0.0,6.64,18.13,7.77,62.52
2024-10-07,15.42,0.1,0.0,0.1,9.31,19.92,11.76,59.01
2024-10-08,13.56,4.62,0.0,4.62,10.75,16.04,7.18,78.34
2024-10-09,13.34,0.0,0.0,0.0,8.2,17.55,9.52,73.42
2024-10-10,13.89,0.23,0.0,0.23,8.38,17.64,11.18,65.26
2024-10-11,14.29,0.47,0.0,0.47,11.04,17.27,6.79,75.26
2024-10-12,13.97,0.0,0.0,0.0,9.31,17.4,8.9,76.61
2024-10-13,12.24,14.82,0.0,14.82,9.82,16.14,11.56,79.8
2024-10-14,10.54,3.87,0.0,3.87,8.97,12.47,9.92,82.16
2024-10-15,9.92,2.24,0.0,2.24,7.44,12.52,6.66,81.49
2024-10-16,10.53,0.0,0.0,0.0,7.01,14.74,7.92,75.15
2024-10-17,7.15,10.68,0.0,10.68,4.39,9.65,21.73,76.18
2024-10-18,4.39,1.21,0.0,1.21,1.47,7.35,22.25,68.86
2024-10-19,4.19,0.46,0.0,0.46,0.94,7.59,18.27,64.75
2024-10-20,3.64,7.17,0.0,7.17,0.73,6.53,18.3,70.99
2024-10-21,2.31,34.29,0.0,34.29,0.8,4.22,15.62,81.44
2024-10-22,3.93,6.67,0.0,6.67,0.72,7.18,16.15,78.18
2024-10-23,6.05,0.62,0.0,0.62,2.61,9.33,9.58,71.69
2024-10-24,6.16,0.58,0.0,0.58,3.72,8.42,10.84,73.01
2024-10-25,6.89,0.84,0.0,0.84,3.7,9.84,11.86,73.1
2024-10-26,5.28,7.84,0.0,7.84,3.29,7.77,14.01,79.27
2024-10-27,5.92,0.38,0.0,0.38,2.25,9.35,9.52,70.4
2024-10-28,5.81,0.0,0.0,0.0,0.56,9.91,8.71,65.15
2024-10-29,6.06,0.0,0.0,0.0,0.7,10.25,9.46,64.63
2024-10-30,6.21,0.0,0.0,0.0,2.98,9.58,10.44,63.89
2024-10-31,6.31,0.06,0.0,0.06,2.51,10.16,8.7,67.47
2024-11-01,6.65,0.0,0.0,0.0,2.81,10.36,8.61,67.46
2024-11-02,7.11,0.0,0.0,0.0,2.22,10.92,8.93,69.29
2024-11-03,5.52,6.9,0.0,6.9,1.94,9.26,14.28,71.07
2024-11-04,2.03,0.17,0.0,0.17,0.1,4.55,7.8,71.67
2024-11-05,1.7,22.94,22.94,0.0,-0.78,4.45,16.87,73.25
2024-11-06,1.76,0.22,0.22,0.0,-1.33,4.72,9.62,68.24
2024-11-07,3.23,0.0,0.0,0.0,-0.25,6.9,12.72,58.48
2024-11-08,3.44,0.0,0.0,0.0,0.07,7.35,9.77,66.24
2024-11-09,3.3,0.0,0.0,0.0,0.57,7.09,9.6,63.78
2024-11-10,3.64,0.0,0.0,0.0,0.22,7.85,9.5,64.73
2024-11-11,4.77,0.0,0.0,0.0,1.2,7.92,8.43,70.91
2024-11-12,5.14,0.0,0.0,0.0,2.56,8.49,8.31,70.45
2024-11-13,4.18,0.0,0.0,0.0,1.17,8.11,7.51,71.67
2024-11-14,4.46,0.0,0.0,0.0,1.02,8.58,7.93,68.35
2024-11-15,5.08,0.02,0.0,0.02,1.67,8.93,10.14,67.88
2024-11-16,4.0,14.6,0.0,14.6,1.91,6.69,11.88,83.57
2024-11-17,3.08,0.02,0.0,0.02,-0.06,6.2,12.04,73.68
2024-11-18,4.91,3.74,0.0,3.74,2.05,7.76,7.48,80.77
2024-11-19,4.73,16.8,0.0,16.8,2.42,6.49,8.65,87.34
2024-11-20,4.24,0.0,0.0,0.0,1.43,8.98,9.71,78.51
2024-11-21,8.85,0.1,0.0,0.1,5.33,12.87,15.86,50.85
2024-11-22,7.79,1.08,0.0,1.08,5.3,13.12,14.08,80.35
2024-11-23,11.32,0.2,0.0,0.2,5.43,15.4,18.32,57.5
2024-11-24,0.14,41.24,41.24,0.0,-3.5,4.99,25.24,85.0
2024-11-25,-2.76,13.73,13.73,0.0,-4.97,-0.89,16.68,74.63
2024-11-26,-2.55,2.47,2.47,0.0,-5.92,0.63,11.35,67.59
2024-11-27,-1.45,1.87,1.87,0.0,-4.17,1.08,15.83,68.89
2024-11-28,-0.67,0.2,0.2,0.0,-4.2,2.86,12.14,63.23
2024-11-29,-0.44,0.0,0.0,0.0,-3.61,2.56,6.43,72.96
2024-11-30,-1.31,0.0,0.0,0.0,-4.75,3.36,7.68,63.11
2024-12-01,-1.16,0.0,0.0,0.0,-3.85,2.96,8.41,65.07
2024-12-02,-1.14,0.0,0.0,0.0,-4.49,2.68,6.91,67.4
2024-12-03,-2.01,0.0,0.0,0.0,-5.71,2.29,8.51,64.0
2024-12-04,-0.64,0.0,0.0,0.0,-4.84,3.6,6.96,58.85
2024-12-05,1.11,0.11,0.11,0.0,-1.88,4.73,6.21,73.46
2024-12-06,1.0,0.27,0.27,0.0,-1.86,4.35,7.84,77.35
2024-12-07,1.19,0.0,0.0,0.0,-2.12,5.01,6.97,70.38
2024-12-08,3.59,0.02,0.0,0.02,0.4,8.46,7.02,67.81
2024-12-09,5.52,0.11,0.0,0.11,2.59,8.63,11.29,58.0
2024-12-10,3.98,0.0,0.0,0.0,1.37,7.67,6.87,60.81
2024-12-11,2.14,0.0,0.0,0.0,-0.19,5.07,9.22,71.19
2024-12-12,-0.86,0.0,0.0,0.0,-3.85,1.66,13.96,78.67
2024-12-13,-3.22,0.0,0.0,0.0,-7.16,-1.05,20.85,77.39
2024-12-14,-6.22,7.05,7.05,0.0,-9.37,-3.36,17.08,68.54
2024-12-15,-3.96,0.03,0.03,0.0,-9.18,0.86,7.9,57.1
2024-12-16,-1.0,4.01,4.01,0.0,-2.34,0.71,9.79,73.75
2024-12-17,-0.22,0.0,0.0,0.0,-2.6,3.56,6.03,68.56
2024-12-18,1.34,2.58,2.58,0.0,-1.32,3.96,10.32,73.73
2024-12-19,0.94,0.66,0.66,0.0,-2.51,3.34,7.83,75.6
2024-12-20,-0.22,0.0,0.0,0.0,-3.7,4.41,4.96,69.53
2024-12-21,0.85,0.0,0.0,0.0,-2.62,5.11,6.56,60.8
2024-12-22,3.05,2.79,0.0,2.79,-0.01,7.49,8.83,64.54
2024-12-23,2.83,0.33,0.0,0.33,0.93,5.39,6.66,73.7
2024-12-24,4.84,2.03,0.0,2.03,1.73,10.06,7.7,69.24
2024-12-25,6.85,0.0,0.0,0.0,2.71,10.36,11.79,51.19
2024-12-26,5.53,0.1,0.0,0.1,2.2,8.7,13.06,50.31
2024-12-27,1.51,3.35,3.35,0.0,-0.61,4.01,11.31,83.4
2024-12-28,0.35,9.27,9.27,0.0,-0.91,1.01,14.42,87.02
2024-12-29,-0.68,1.41,1.41,0.0,-2.49,1.18,9.74,84.94
2024-12-30,-0.91,0.75,0.75,0.0,-3.09,2.54,3.42,81.25
2024-12-31,-0.88,5.11,5.11,0.0,-2.14,0.57,11.21,84.1
2025-01-01,-1.77,0.0,0.0,0.0,-4.59,1.68,5.84,75.85
2025-01-02,-1.72,0.0,0.0,0.0,-4.71,2.41,6.8,69.93
2025-01-03,-0.67,0.0,0.0,0.0,-3.7,4.23,5.45,55.6
2025-01-04,1.57,0.0,0.0,0.0,-3.64,7.63,11.59,45.31
2025-01-05,-1.48,13.3,13.3,0.0,-4.07,3.42,10.27,84.39
2025-01-06,-1.65,0.23,0.23,0.0,-3.77,0.72,7.65,81.42
2025-01-07,-0.75,0.0,0.0,0.0,-4.24,3.28,5.31,69.03
2025-01-08,1.67,0.0,0.0,0.0,-1.98,6.09,4.28,58.77
2025-01-09,1.66,0.0,0.0,0.0,-1.17,5.96,3.95,61.41
2025-01-10,1.13,0.0,0.0,0.0,-1.82,5.5,4.85,62.42
2025-01-11,1.59,0.0,0.0,0.0,-1.65,5.43,4.68,59.71
2025-01-12,1.81,0.0,0.0,0.0,-1.13,5.6,5.98,65.39
2025-01-13,3.42,0.39,0.0,0.39,-0.34,9.58,11.02,71.78
2025-01-14,0.09,7.69,7.69,0.0,-1.51,2.86,8.03,90.56
2025-01-15,0.38,0.35,0.35,0.0,-1.6,2.55,6.48,85.25
2025-01-16,0.6,5.56,5.56,0.0,-0.3,1.71,9.52,87.34
2025-01-17,-0.96,2.64,2.64,0.0,-2.37,-0.12,10.64,82.93
2025-01-18,-1.55,3.46,3.46,0.0,-3.3,-0.3,6.69,76.12
2025-01-19,-0.51,12.98,12.98,0.0,-2.74,1.02,14.57,83.53
2025-01-20,-2.44,5.64,5.64,0.0,-5.17,-0.75,11.97,81.66
2025-01-21,-2.81,0.0,0.0,0.0,-6.4,0.92,7.78,68.56
2025-01-22,-1.23,0.0,0.0,0.0,-4.83,2.73,5.24,65.74
2025-01-23,1.79,0.1,0.1,0.0,-1.35,4.46,5.18,61.0
2025-01-24,1.03,0.73,0.73,0.0,-1.34,3.23,5.7,73.11
2025-01-25,1.74,0.41,0.41,0.0,-1.22,4.94,8.59,61.81
2025-01-26,1.26,4.23,4.23,0.0,-0.4,3.09,5.34,79.33
2025-01-27,-0.5,0.2,0.2,0.0,-3.59,2.8,5.6,74.94
2025-01-28,-0.7,0.0,0.0,0.0,-4.1,3.13,5.35,62.44
2025-01-29,0.84,0.0,0.0,0.0,-2.53,4.96,4.52,45.35
2025-01-30,0.81,0.0,0.0,0.0,-2.4,5.13,3.95,46.73
2025-01-31,-0.08,0.0,0.0,0.0,-2.91,3.94,5.03,61.95
2025-02-01,0.22,0.0,0.0,0.0,-3.3,4.73,4.27,60.67
2025-02-02,-0.08,0.06,0.06,0.0,-3.71,4.4,4.07,67.49
2025-02-03,-0.6,0.0,0.0,0.0,-3.62,3.09,6.17,74.84
2025-02-04,-1.54,6.57,6.57,0.0,-5.72,2.06,13.14,79.48
2025-02-05,-4.85,20.36,20.36,0.0,-6.27,-3.46,8.72,87.22
2025-02-06,-4.32,8.68,8.68,0.0,-6.86,-2.57,14.19,77.42
2025-02-07,-3.13,0.0,0.0,0.0,-5.2,-0.79,6.86,72.09
2025-02-08,-2.79,1.96,1.96,0.0,-4.65,-0.21,10.94,78.17
2025-02-09,-2.68,1.2,1.2,0.0,-4.88,1.07,9.47,77.57
2025-02-10,-3.3,0.72,0.72,0.0,-6.16,0.23,8.72,70.89
2025-02-11,-3.78,0.41,0.41,0.0,-6.48,-0.15,6.58,71.97
2025-02-12,-1.98,0.37,0.37,0.0,-5.46,0.69,6.16,69.16
2025-02-13,-1.38,6.54,6.54,0.0,-3.26,1.04,8.57,77.4
2025-02-14,-2.23,1.96,1.96,0.0,-5.62,0.04,11.45,73.44
2025-02-15,-1.32,0.0,0.0,0.0,-6.04,3.68,8.12,63.71
2025-02-16,1.15,0.15,0.15,0.0,-1.5,4.72,11.43,67.08
2025-02-17,0.59,0.0,0.0,0.0,-2.55,3.1,7.44,78.15
2025-02-18,-1.33,4.0,4.0,0.0,-3.58,1.92,13.44,89.14
2025-02-19,-5.19,17.51,17.51,0.0,-7.49,-3.39,13.83,87.91
2025-02-20,-7.0,14.83,14.83,0.0,-9.52,-5.02,13.06,81.48
2025-02-21,-8.93,1.28,1.28,0.0,-11.34,-5.7,15.72,71.43
2025-02-22,-8.5,0.0,0.0,0.0,-11.46,-5.15,15.69,57.28
2025-02-23,-9.45,2.18,2.18,0.0,-12.29,-7.15,21.07,68.29
2025-02-24,-8.62,3.42,3.42,0.0,-12.11,-4.81,15.61,65.04
2025-02-25,-5.7,1.66,1.66,0.0,-10.28,-1.87,10.32,60.55
2025-02-26,-5.13,0.47,0.47,0.0,-7.54,-2.12,9.05,73.84
2025-02-27,-4.25,0.93,0.93,0.0,-7.8,-0.35,8.67,74.14
2025-02-28,-4.64,0.1,0.1,0.0,-9.4,-0.71,6.25,70.64
2025-03-01,-2.5,0.29,0.29,0.0,-6.21,-0.28,5.48,78.14
2025-03-02,-2.5,0.0,0.0,0.0,-7.0,1.54,7.91,65.02
2025-03-03,-2.11,8.26,8.26,0.0,-4.09,-1.05,9.22,81.66
2025-03-04,-1.97,0.86,0.86,0.0,-4.68,0.72,4.67,77.98
2025-03-05,-0.7,0.0,0.0,0.0,-3.92,3.33,5.03,71.39
2025-03-06,-0.66,0.0,0.0,0.0,-4.82,3.94,4.7,70.13
2025-03-07,0.53,0.0,0.0,0.0,-3.55,5.06,5.28,70.72
2025-03-08,0.35,0.0,0.0,0.0,-3.76,4.75,3.74,74.01
2025-03-09,1.36,0.0,0.0,0.0,-2.54,5.46,6.11,75.02
2025-03-10,1.66,0.0,0.0,0.0,-1.85,5.22,4.57,80.94
2025-03-11,1.76,0.0,0.0,0.0,-1.91,6.62,9.31,79.65
2025-03-12,9.37,0.0,0.0,0.0,0.5,18.06,13.81,49.11
2025-03-13,10.95,0.0,0.0,0.0,5.33,16.12,15.08,40.59
2025-03-14,12.53,0.0,0.0,0.0,7.15,17.27,15.79,37.1
2025-03-15,9.16,0.0,0.0,0.0,4.21,15.49,6.0,55.16
2025-03-16,13.66,0.0,0.0,0.0,5.58,21.17,10.27,44.07
2025-03-17,12.92,0.0,0.0,0.0,5.23,19.88,15.52,46.98
2025-03-18,4.38,1.16,0.0,1.16,-0.04,13.19,12.79,75.54
2025-03-19,-3.45,8.94,8.94,0.0,-5.82,0.12,14.9,80.78
2025-03-20,-4.97,1.21,1.21,0.0,-7.11,-2.65,11.18,77.27
2025-03-21,-2.36,0.46,0.46,0.0,-5.27,0.22,9.56,72.6
2025-03-22,-1.48,6.83,6.83,0.0,-3.11,0.63,8.17,83.09
2025-03-23,-1.25,0.06,0.06,0.0,-4.41,2.17,6.57,72.57
2025-03-24,0.18,0.0,0.0,0.0,-4.71,4.22,5.43,65.63
2025-03-25,3.82,1.07,0.0,1.07,-0.15,7.16,4.52,73.27
2025-03-26,6.15,0.2,0.0,0.2,3.14,10.89,4.27,74.1
2025-03-27,6.85,0.0,0.0,0.0,3.86,11.3,5.12,69.24
2025-03-28,9.33,0.0,0.0,0.0,3.13,14.63,6.41,61.98
2025-03-29,14.99,0.77,0.0,0.77,6.96,22.36,18.45,43.48
2025-03-30,5.93,3.39,0.0,3.39,3.41,11.35,14.77,81.45
2025-03-31,4.32,9.9,0.0,9.9,2.57,7.58,10.42,87.1
2025-04-01,6.42,0.08,0.0,0.08,0.05,12.3,9.89,71.97
2025-04-02,8.95,4.91,0.0,4.91,5.22,12.86,12.36,60.52
2025-04-03,4.06,9.46,0.0,9.46,2.19,9.87,9.13,87.13
2025-04-04,4.35,3.87,0.0,3.87,2.42,7.61,9.28,83.01
2025-04-05,3.6,11.63,0.0,11.63,2.09,5.62,8.92,86.85
2025-04-06,5.36,1.48,0.0,1.48,2.54,8.11,12.15,82.12
2025-04-07,7.08,0.48,0.0,0.48,3.22,11.28,11.96,72.3
2025-04-08,2.49,4.81,0.0,4.81,-0.17,6.58,16.72,80.53
2025-04-09,0.22,23.18,23.18,0.0,-2.77,4.91,13.02,87.96
2025-04-10,-2.53,10.4,10.4,0.0,-5.14,-0.68,11.32,82.74
2025-04-11,-1.5,8.45,8.45,0.0,-6.08,4.68,17.47,71.5
2025-04-12,-2.12,4.83,4.83,0.0,-6.14,1.54,12.81,71.23
2025-04-13,-0.56,1.88,1.88,0.0,-4.48,2.64,8.74,72.01
2025-04-14,-0.84,17.62,17.62,0.0,-2.43,0.6,9.22,82.82
2025-04-15,-0.15,8.93,8.93,0.0,-2.11,1.63,11.08,85.09
2025-04-16,1.72,0.02,0.02,0.0,0.16,4.02,7.86,88.33
2025-04-17,2.14,0.0,0.0,0.0,-1.88,5.36,6.64,83.46
2025-04-18,3.33,0.05,0.0,0.05,0.89,6.95,7.43,78.74
2025-04-19,3.44,1.85,0.0,1.85,0.49,11.13,10.24,84.12
2025-04-20,3.87,1.93,0.0,1.93,1.53,6.52,12.12,88.18
2025-04-21,4.41,0.8,0.0,0.8,2.07,7.61,9.57,86.61
2025-04-22,4.46,0.55,0.0,0.55,1.25,7.63,7.45,85.99
2025-04-23,3.88,3.26,0.0,3.26,2.29,6.29,6.59,91.28
2025-04-24,4.61,1.13,0.0,1.13,2.36,7.12,7.57,86.76
2025-04-25,5.44,2.68,0.0,2.68,3.18,9.88,12.45,86.49
2025-04-26,5.47,8.53,0.0,8.53,2.63,9.15,9.71,86.02
2025-04-27,5.66,5.25,0.0,5.25,3.87,8.6,7.92,85.88
2025-04-28,3.49,1.72,0.0,1.72,1.5,5.63,12.94,73.84
2025-04-29,3.37,0.0,0.0,0.0,0.98,8.35,6.65,71.74
2025-04-30,4.34,5.55,0.0,5.55,1.11,8.31,6.5,75.97
2025-05-01,5.65,1.05,0.0,1.05,2.98,10.52,10.34,77.84
2025-05-02,4.96,4.73,0.0,4.73,3.25,9.21,11.78,89.39
2025-05-03,5.47,4.04,0.0,4.04,3.03,9.39,9.57,83.56
2025-05-04,5.79,0.33,0.0,0.33,3.44,9.6,7.96,77.95
2025-05-05,6.37,0.0,0.0,0.0,2.33,10.49,7.94,77.19
2025-05-06,7.34,0.0,0.0,0.0,2.74,11.33,8.44,75.67
2025-05-07,9.14,0.37,0.0,0.37,4.23,14.07,8.08,71.44
2025-05-08,11.0,0.46,0.0,0.46,7.54,16.1,8.16,71.06
2025-05-09,12.51,1.2,0.0,1.2,6.74,18.67,10.34,64.64
2025-05-10,10.98,4.9,0.0,4.9,6.39,18.7,12.93,73.74
2025-05-11,7.16,9.88,0.0,9.88,5.25,11.42,11.55,86.24
2025-05-12,6.03,12.44,0.0,12.44,3.84,8.87,9.99,88.53
2025-05-13,4.12,16.2,0.0,16.2,2.68,5.63,11.62,91.42
2025-05-14,5.1,1.84,0.0,1.84,2.82,8.58,7.64,79.64
2025-05-15,4.55,7.46,0.0,7.46,1.95,7.29,8.28,80.65
2025-05-16,7.1,0.0,0.0,0.0,0.9,11.8,10.65,67.84
2025-05-17,12.77,0.0,0.0,0.0,6.97,18.65,12.66,58.77
2025-05-18,9.78,5.84,0.0,5.84,6.79,14.58,10.96,74.07
2025-05-19,7.6,1.95,0.0,1.95,4.28,10.74,11.77,80.12
2025-05-20,8.2,0.23,0.0,0.23,3.07,13.56,12.94,69.87
2025-05-21,8.3,0.0,0.0,0.0,4.75,11.24,9.13,74.62
2025-05-22,8.83,0.0,0.0,0.0,4.09,13.32,8.36,69.91
2025-05-23,10.76,0.18,0.0,0.18,6.35,14.8,6.64,67.91
2025-05-24,11.79,0.0,0.0,0.0,7.05,16.34,6.81,62.49
2025-05-25,12.06,0.0,0.0,0.0,7.24,16.05,8.79,67.73
2025-05-26,13.73,0.0,0.0,0.0,9.24,18.42,7.67,63.28
2025-05-27,11.93,3.96,0.0,3.96,8.36,15.91,13.36,74.31
2025-05-28,9.89,1.82,0.0,1.82,7.35,13.45,9.81,79.46
2025-05-29,9.67,4.79,0.0,4.79,7.23,13.73,6.34,79.57
2025-05-30,8.73,3.32,0.0,3.32,6.55,11.37,7.93,83.9
2025-05-31,10.5,2.16,0.0,2.16,6.45,14.09,9.73,77.34
2025-06-01,11.16,2.55,0.0,2.55,8.2,15.4,9.69,80.39
2025-06-02,9.92,1.35,0.0,1.35,7.57,12.76,9.7,83.31
2025-06-03,9.57,18.33,0.0,18.33,7.67,12.02,11.07,85.08
2025-06-04,10.72,1.89,0.0,1.89,7.78,13.44,8.94,80.33
2025-06-05,11.7,0.0,0.0,0.0,7.04,15.5,7.7,70.57
2025-06-06,11.73,0.03,0.0,0.03,7.72,15.86,6.92,74.96
2025-06-07,11.92,0.0,0.0,0.0,7.18,15.94,8.28,72.03
2025-06-08,13.36,0.0,0.0,0.0,8.36,17.84,6.7,69.81
2025-06-09,14.07,0.0,0.0,0.0,10.83,17.42,7.28,73.73
2025-06-10,13.51,0.0,0.0,0.0,9.41,16.73,8.87,75.19
2025-06-11,14.57,0.0,0.0,0.0,10.47,18.18,6.27,73.01
2025-06-12,15.58,0.0,0.0,0.0,12.64,19.19,7.28,72.0
2025-06-13,15.15,2.05,0.0,2.05,12.31,18.46,11.06,77.11
2025-06-14,12.36,1.78,0.0,1.78,9.92,15.07,13.24,74.98
2025-06-15,11.62,0.97,0.0,0.97,9.02,15.07,11.85,69.15
2025-06-16,11.62,0.35,0.0,0.35,8.12,15.45,16.89,65.82
2025-06-17,11.64,0.81,0.0,0.81,8.01,15.01,12.63,66.32
2025-06-18,12.82,0.0,0.0,0.0,7.92,17.1,9.85,65.74
2025-06-19,13.68,0.0,0.0,0.0,9.6,17.64,8.52,66.71
2025-06-20,13.83,0.0,0.0,0.0,8.83,18.61,8.8,68.09
2025-06-21,13.67,0.9,0.0,0.9,9.14,17.72,12.34,69.2
2025-06-22,11.83,3.59,0.0,3.59,9.46,14.73,11.44,69.82
2025-06-23,12.3,0.12,0.0,0.12,8.81,15.83,10.45,66.73
2025-06-24,13.78,0.0,0.0,0.0,9.36,18.4,10.95,54.05
2025-06-25,14.21,0.0,0.0,0.0,8.45,18.81,10.48,57.47
2025-06-26,14.5,0.0,0.0,0.0,9.08,19.18,8.4,60.09
2025-06-27,15.49,0.0,0.0,0.0,11.37,19.56,8.41,61.3
2025-06-28,15.2,0.52,0.0,0.52,10.85,19.22,9.91,67.77
2025-06-29,13.05,8.13,0.0,8.13,9.58,16.41,14.15,73.23
2025-06-30,11.42,7.26,0.0,7.26,7.78,14.64,12.99,70.23
2025-07-01,13.79,0.25,0.0,0.25,9.84,18.08,10.52,67.07
2025-07-02,13.11,1.04,0.0,1.04,10.3,15.68,12.51,63.81
2025-07-03,11.92,0.88,0.0,0.88,8.89,15.51,13.2,66.72
2025-07-04,10.98,10.89,0.0,10.89,8.93,13.39,13.05,71.91
2025-07-05,12.62,3.6,0.0,3.6,9.91,15.39,13.1,75.91
2025-07-06,14.64,0.76,0.0,0.76,11.04,17.96,8.54,71.58
2025-07-07,15.19,0.0,0.0,0.0,10.36,19.77,7.87,75.06
2025-07-08,16.64,0.0,0.0,0.0,12.02,20.94,7.43,72.77
2025-07-09,17.02,0.0,0.0,0.0,12.86,21.14,7.88,72.02
2025-07-10,17.46,0.0,0.0,0.0,13.26,21.96,7.99,72.27
2025-07-11,17.83,0.06,0.0,0.06,14.19,21.38,7.8,72.68
2025-07-12,18.53,0.41,0.0,0.41,14.96,21.99,7.27,69.46
2025-07-13,18.6,1.4,0.0,1.4,15.25,22.05,8.75,71.33
2025-07-14,18.36,7.75,0.0,7.75,15.81,21.84,9.1,74.89
2025-07-15,18.12,1.47,0.0,1.47,15.82,21.13,7.72,72.13
2025-07-16,17.64,8.08,0.0,8.08,15.65,20.93,9.82,74.32
2025-07-17,17.91,0.0,0.0,0.0,14.54,21.24,8.74,70.07
2025-07-18,18.01,0.0,0.0,0.0,13.46,22.22,9.29,69.51
2025-07-19,18.45,1.81,0.0,1.81,14.69,21.93,8.58,70.59
2025-07-20,17.83,1.26,0.0,1.26,15.71,21.35,13.4,75.56
2025-07-21,17.7,1.36,0.0,1.36,15.73,20.09,8.37,74.65
2025-07-22,18.41,1.57,0.0,1.57,14.79,23.34,8.52,78.22
2025-07-23,18.42,0.0,0.0,0.0,14.51,22.46,8.04,74.97
2025-07-24,18.32,0.0,0.0,0.0,14.81,22.16,8.35,73.9
2025-07-25,18.17,0.13,0.0,0.13,15.34,21.26,10.44,71.0
2025-07-26,18.66,0.0,0.0,0.0,15.71,21.94,10.3,67.18
2025-07-27,19.15,0.0,0.0,0.0,14.04,23.35,8.42,67.6
2025-07-28,20.63,0.0,0.0,0.0,17.23,24.1,9.8,66.43
2025-07-29,21.62,0.0,0.0,0.0,18.56,25.43,8.25,64.75
2025-07-30,21.5,0.35,0.0,0.35,18.54,25.44,9.18,67.95
2025-07-31,20.05,4.13,0.0,4.13,17.28,23.91,10.99,73.62
2025-08-01,19.23,5.57,0.0,5.57,17.35,22.26,11.28,77.63
2025-08-02,19.06,3.87,0.0,3.87,17.15,21.8,14.07,78.05
2025-08-03,18.86,3.45,0.0,3.45,15.84,22.42,11.01,74.45
2025-08-04,17.67,6.19,0.0,6.19,16.0,20.3,8.22,83.87
2025-08-05,18.66,6.28,0.0,6.28,15.99,22.05,9.96,80.81
2025-08-06,18.85,0.12,0.0,0.12,16.61,21.8,7.51,77.48
2025-08-07,19.19,0.82,0.0,0.82,16.81,22.22,9.57,76.05
2025-08-08,19.08,2.96,0.0,2.96,16.6,21.51,12.03,74.25
2025-08-09,19.02,1.57,0.0,1.57,16.12,22.05,14.11,75.57
2025-08-10,18.21,0.17,0.0,0.17,15.08,21.67,11.95,68.17
2025-08-11,17.04,0.0,0.0,0.0,12.64,21.32,12.78,58.75
2025-08-12,17.1,0.0,0.0,0.0,13.94,20.78,11.29,61.01
2025-08-13,16.92,0.0,0.0,0.0,13.19,20.99,10.45,61.98
2025-08-14,17.14,0.0,0.0,0.0,13.21,21.3,9.4,60.93
2025-08-15,16.83,0.41,0.0,0.41,13.37,20.23,9.86,60.2
2025-08-16,16.51,0.12,0.0,0.12,13.65,19.68,10.15,64.68
2025-08-17,16.98,0.0,0.0,0.0,11.98,22.18,8.79,62.73
2025-08-18,18.18,0.0,0.0,0.0,14.09,22.8,8.19,62.75
2025-08-19,18.34,3.32,0.0,3.32,15.04,22.13,9.63,63.99
2025-08-20,17.35,1.05,0.0,1.05,14.58,20.57,11.25,75.32
2025-08-21,17.26,0.23,0.0,0.23,14.12,20.58,11.08,68.91
2025-08-22,17.34,0.0,0.0,0.0,13.57,21.77,10.66,68.54
2025-08-23,18.3,0.0,0.0,0.0,12.93,23.01,9.62,59.88
2025-08-24,17.74,7.55,0.0,7.55,14.23,21.87,11.57,66.4
2025-08-25,14.84,9.86,0.0,9.86,12.34,18.26,16.12,77.89
2025-08-26,13.99,0.98,0.0,0.98,11.55,17.28,13.1,73.07
2025-08-27,14.5,0.15,0.0,0.15,12.18,17.31,10.51,69.41
2025-08-28,15.96,0.0,0.0,0.0,13.01,19.73,8.16,69.49
2025-08-29,16.9,0.17,0.0,0.17,13.55,21.46,6.57,70.68
2025-08-30,17.71,0.0,0.0,0.0,13.2,22.53,6.82,67.63
2025-08-31,17.9,0.03,0.0,0.03,14.02,22.05,7.8,68.21
2025-09-01,17.79,0.0,0.0,0.0,13.39,22.19,7.97,70.06
2025-09-02,17.47,2.35,0.0,2.35,14.49,21.05,9.76,75.03
2025-09-03,14.53,18.39,0.0,18.39,12.49,17.4,10.43,86.22
2025-09-04,15.55,2.52,0.0,2.52,12.42,18.91,8.9,77.71
2025-09-05,16.39,0.13,0.0,0.13,12.59,20.15,7.44,77.05
2025-09-06,17.37,1.07,0.0,1.07,14.51,20.37,7.17,74.75
2025-09-07,14.71,21.17,0.0,21.17,12.28,16.9,12.69,84.14
2025-09-08,14.5,0.24,0.0,0.24,12.1,17.58,10.65,75.89
2025-09-09,14.55,4.39,0.0,4.39,12.49,17.57,10.27,75.23
2025-09-10,14.19,0.82,0.0,0.82,11.5,18.19,9.85,68.25
2025-09-11,13.71,0.96,0.0,0.96,11.47,16.93,10.96,68.3
2025-09-12,13.68,0.0,0.0,0.0,10.2,17.71,10.98,64.64
2025-09-13,13.99,0.29,0.0,0.29,10.83,17.8,12.89,68.22
2025-09-14,13.23,0.0,0.0,0.0,10.62,16.54,9.77,67.83
2025-09-15,13.75,0.0,0.0,0.0,9.51,18.3,9.57,63.02
2025-09-16,13.87,0.56,0.0,0.56,10.84,17.43,13.34,64.11
2025-09-17,14.0,0.0,0.0,0.0,10.41,17.96,8.33,68.04
2025-09-18,12.24,6.3,0.0,6.3,8.09,17.93,16.35,69.25
2025-09-19,9.51,10.3,0.0,10.3,7.49,11.88,19.22,70.69
2025-09-20,10.18,16.33,0.0,16.33,8.46,13.16,21.72,78.52
2025-09-21,9.46,3.72,0.0,3.72,6.02,12.84,18.51,71.36
2025-09-22,10.18,0.0,0.0,0.0,6.1,14.67,11.34,65.81
2025-09-23,11.05,0.0,0.0,0.0,6.78,15.44,7.61,70.4
2025-09-24,12.18,0.0,0.0,0.0,8.06,16.48,6.64,72.18
2025-09-25,12.23,1.63,0.0,1.63,9.77,15.95,8.02,69.18
2025-09-26,11.17,0.31,0.0,0.31,8.57,15.12,15.78,73.62
2025-09-27,8.74,1.17,0.0,1.17,6.12,11.89,15.18,73.67
2025-09-28,9.87,0.17,0.0,0.17,5.91,13.8,10.11,69.85
2025-09-29,11.95,0.51,0.0,0.51,7.86,15.49,11.49,67.69
2025-09-30,9.64,24.2,0.0,24.2,7.67,12.11,8.94,85.01
2025-10-01,8.99,3.62,0.0,3.62,7.14,12.06,6.55,81.46
2025-10-02,9.25,5.49,0.0,5.49,6.93,12.48,7.46,79.72
2025-10-03,10.4,0.0,0.0,0.0,6.28,14.21,10.0,73.4
2025-10-04,13.49,0.0,0.0,0.0,8.73,19.09,9.44,59.84
2025-10-05,11.97,0.0,0.0,0.0,9.75,15.3,10.9,74.25
2025-10-06,11.55,0.0,0.0,0.0,8.09,15.7,6.28,76.95
2025-10-07,11.36,0.0,0.0,0.0,7.62,15.1,10.55,72.99
2025-10-08,13.32,0.15,0.0,0.15,8.65,19.56,9.83,64.11
2025-10-09,10.84,15.7,0.0,15.7,7.45,14.14,10.7,76.28
2025-10-10,9.26,5.15,0.0,5.15,6.28,12.63,9.34,68.34
2025-10-11,8.46,0.87,0.0,0.87,5.88,12.43,11.22,68.3
2025-10-12,6.08,10.34,0.0,10.34,3.62,9.59,16.88,76.13
2025-10-13,6.36,0.66,0.0,0.66,3.74,10.08,11.67,68.63
2025-10-14,7.07,0.0,0.0,0.0,2.78,11.11,10.11,62.47
2025-10-15,8.02,0.0,0.0,0.0,4.65,12.36,7.35,70.23
2025-10-16,7.04,2.4,0.0,2.4,4.45,10.51,8.41,80.57
2025-10-17,7.44,1.01,0.0,1.01,4.82,11.28,9.53,79.29
2025-10-18,8.51,0.0,0.0,0.0,5.4,12.44,8.4,72.76
2025-10-19,9.18,1.49,0.0,1.49,6.28,12.55,7.98,74.68
2025-10-20,5.95,17.21,0.0,17.21,3.54,9.13,13.04,83.91
2025-10-21,6.06,0.41,0.0,0.41,2.87,9.56,9.16,73.57
2025-10-22,7.41,0.03,0.0,0.03,2.91,11.52,9.19,67.14
2025-10-23,10.0,0.06,0.0,0.06,7.58,13.55,7.57,68.5
2025-10-24,10.62,0.51,0.0,0.51,7.52,16.33,9.85,71.03
2025-10-25,11.87,0.62,0.0,0.62,7.46,16.46,15.33,66.09
2025-10-26,8.37,8.23,0.0,8.23,6.69,10.72,9.81,82.46
2025-10-27,10.47,0.0,0.0,0.0,5.85,19.06,11.03,67.84
2025-10-28,11.77,0.77,0.0,0.77,8.06,18.47,17.31,68.14
2025-10-29,6.52,22.24,0.0,22.24,3.98,9.46,15.98,83.26
2025-10-30,5.56,0.0,0.0,0.0,2.22,9.65,8.74,61.8
2025-10-31,6.49,0.0,0.0,0.0,1.38,11.52,6.73,57.11
2025-11-01,7.26,0.0,0.0,0.0,4.13,11.33,7.87,59.97
2025-11-02,6.49,0.0,0.0,0.0,3.84,10.55,8.96,66.61
2025-11-03,6.71,0.0,0.0,0.0,3.68,10.51,8.37,61.04
2025-11-04,7.42,0.25,0.0,0.25,3.49,11.52,6.07,64.68
2025-11-05,7.4,0.0,0.0,0.0,5.22,11.09,5.66,76.39
2025-11-06,7.52,0.0,0.0,0.0,5.1,11.08,7.23,73.27
2025-11-07,7.7,0.0,0.0,0.0,5.0,11.48,8.21,74.86
2025-11-08,8.83,0.0,0.0,0.0,6.13,11.83,9.99,74.01
2025-11-09,8.0,0.0,0.0,0.0,5.08,11.52,7.65,71.34
2025-11-10,6.89,0.0,0.0,0.0,3.5,10.54,8.66,73.6
2025-11-11,8.99,0.0,0.0,0.0,4.95,14.36,9.4,62.06
2025-11-12,9.62,1.67,0.0,1.67,6.78,14.76,12.82,66.22
2025-11-13,6.0,9.16,0.0,9.16,3.56,9.24,11.76,81.85
2025-11-14,4.43,21.39,0.0,21.39,3.22,6.53,10.11,84.69
2025-11-15,4.82,9.12,0.0,9.12,3.1,6.36,7.52,82.92
2025-11-16,4.98,1.12,0.0,1.12,2.51,7.12,7.74,84.04
2025-11-17,5.15,0.0,0.0,0.0,2.53,9.15,7.66,73.12
2025-11-18,6.32,0.0,0.0,0.0,3.21,11.35,7.57,59.43
2025-11-19,6.64,0.0,0.0,0.0,3.46,11.1,8.09,53.06
2025-11-20,6.87,0.0,0.0,0.0,4.15,12.13,7.07,42.69
2025-11-21,6.34,0.0,0.0,0.0,2.9,10.84,7.65,44.85
2025-11-22,8.51,0.0,0.0,0.0,3.47,15.61,8.09,40.19
2025-11-23,10.13,0.0,0.0,0.0,7.39,16.12,8.17,34.12
2025-11-24,8.39,0.0,0.0,0.0,5.3,12.91,10.3,48.31
2025-11-25,6.37,0.0,0.0,0.0,3.96,9.66,7.63,65.44
2025-11-26,5.85,0.0,0.0,0.0,2.81,9.14,6.43,66.56
2025-11-27,5.89,0.0,0.0,0.0,3.34,10.19,6.0,64.11
2025-11-28,5.4,0.0,0.0,0.0,2.52,10.01,6.12,59.9
2025-11-29,5.4,0.0,0.0,0.0,2.7,9.61,7.59,54.21
2025-11-30,6.53,0.09,0.0,0.09,3.41,10.18,8.65,60.02
2025-12-01,5.25,4.24,0.0,4.24,2.72,8.37,9.31,74.68
2025-12-02,3.06,2.1,0.0,2.1,0.72,6.12,7.4,76.91
2025-12-03,2.65,0.0,0.0,0.0,-0.0,6.31,8.89,69.73
2025-12-04,2.44,0.0,0.0,0.0,-0.27,5.9,8.49,66.54
2025-12-05,2.68,0.0,0.0,0.0,-0.33,6.9,8.5,58.46
2025-12-06,5.72,0.25,0.0,0.25,2.19,9.67,7.67,64.72
2025-12-07,6.2,1.19,0.0,1.19,4.62,9.43,8.89,75.61
2025-12-08,5.79,0.0,0.0,0.0,3.48,8.81,8.15,73.47
2025-12-09,4.64,6.87,0.0,6.87,2.6,6.86,7.51,84.58
2025-12-10,3.15,13.32,0.0,13.32,1.86,4.78,8.95,89.59
2025-12-11,1.8,12.31,12.31,0.0,0.52,2.77,7.94,88.26
2025-12-12,1.62,1.47,1.47,0.0,0.03,3.56,7.22,79.78
2025-12-13,1.48,9.59,9.59,0.0,-0.64,3.21,15.01,76.89
2025-12-14,-0.3,5.14,5.14,0.0,-2.0,1.79,10.04,78.76
2025-12-15,-0.1,2.72,2.72,0.0,-2.11,2.13,10.44,75.17
2025-12-16,-1.27,9.83,9.83,0.0,-2.66,0.75,12.82,81.57
2025-12-17,-1.15,0.11,0.11,0.0,-3.15,2.31,8.52,69.41
2025-12-18,-0.16,0.0,0.0,0.0,-3.46,4.05,8.72,61.94
2025-12-19,0.32,0.0,0.0,0.0,-2.67,4.83,6.65,64.15
2025-12-20,0.31,0.0,0.0,0.0,-2.08,4.16,7.98,64.87
2025-12-21,1.2,0.0,0.0,0.0,-2.48,4.27,6.76,63.19
2025-12-22,2.78,0.0,0.0,0.0,0.6,5.57,6.19,71.27
2025-12-23,1.95,0.0,0.0,0.0,-0.36,4.48,7.39,78.32
2025-12-24,2.32,2.5,0.0,2.5,0.68,4.23,11.26,78.73
2025-12-25,0.99,5.73,5.73,0.0,-0.25,2.5,7.81,86.22
2025-12-26,-0.61,9.06,9.06,0.0,-2.41,0.78,7.94,87.65
2025-12-27,-3.21,15.24,15.24,0.0,-4.93,-1.25,13.21,81.26
2025-12-28,-3.7,0.23,0.23,0.0,-6.14,-1.07,13.7,57.01
2025-12-29,-2.83,2.55,2.55,0.0,-5.9,-0.23,17.35,52.91
2025-12-30,-2.61,0.57,0.57,0.0,-6.09,1.19,16.97,49.77
2025-12-31,-0.78,3.93,3.93,0.0,-3.96,2.46,22.35,59.04
2026-01-01,-5.53,25.8,25.8,0.0,-7.75,-2.04,16.74,86.22
