time,Kuzalan şelalesi Tabiat Parkı - Giresun_temp,Kuzalan şelalesi Tabiat Parkı - Giresun_prcp,Kuzalan şelalesi Tabiat Parkı - Giresun_snow,Kuzalan şelalesi Tabiat Parkı - Giresun_rain,Kuzalan şelalesi Tabiat Parkı - Giresun_tmin,Kuzalan şelalesi Tabiat Parkı - Giresun_tmax,Kuzalan şelalesi Tabiat Parkı - Giresun_wspd,Kuzalan şelalesi Tabiat Parkı - Giresun_rhum
2024-01-01,5.29,0.0,0.0,0.0,1.13,9.35,10.45,65.35
2024-01-02,7.43,1.22,0.0,1.22,4.01,10.67,14.1,62.52
2024-01-03,6.34,8.91,0.0,8.91,4.7,7.86,12.03,84.82
2024-01-04,7.78,3.35,0.0,3.35,5.92,10.33,13.75,80.53
2024-01-05,6.39,14.58,0.0,14.58,3.57,8.55,17.09,83.61
2024-01-06,4.75,1.95,0.0,1.95,1.89,8.48,15.41,68.31
2024-01-07,8.29,0.0,0.0,0.0,3.55,12.01,19.34,48.64
2024-01-08,11.03,5.78,0.0,5.78,6.18,14.08,27.5,58.02
2024-01-09,6.86,15.72,0.0,15.72,3.86,8.64,12.53,88.41
2024-01-10,3.48,6.23,0.0,6.23,1.28,5.29,18.52,88.0
2024-01-11,1.92,0.14,0.14,0.0,0.28,3.21,8.93,79.54
2024-01-12,1.45,2.84,2.84,0.0,-0.65,3.73,11.99,80.76
2024-01-13,-1.68,12.45,12.45,0.0,-4.22,0.69,17.95,84.0
2024-01-14,-2.21,0.28,0.28,0.0,-5.53,0.94,12.46,68.17
2024-01-15,2.24,0.0,0.0,0.0,-3.57,7.16,15.83,57.81
2024-01-16,8.69,2.08,0.0,2.08,5.46,11.69,22.57,58.6
2024-01-17,4.37,9.9,0.0,9.9,2.35,6.48,12.17,85.79
2024-01-18,5.2,0.0,0.0,0.0,1.21,9.24,14.15,72.35
2024-01-19,9.23,0.19,0.0,0.19,5.19,12.15,23.26,56.51
2024-01-20,9.5,0.22,0.0,0.22,6.81,12.88,18.25,63.88
2024-01-21,3.77,15.78,0.0,15.78,-0.3,8.84,25.24,89.66
2024-01-22,-0.35,6.52,6.52,0.0,-1.47,0.98,16.49,80.39
2024-01-23,-1.57,0.17,0.17,0.0,-4.72,0.81,8.62,78.6
2024-01-24,-0.39,0.5,0.5,0.0,-3.29,1.93,8.48,73.87
2024-01-25,-1.03,0.0,0.0,0.0,-4.79,2.81,10.52,63.94
2024-01-26,1.19,1.02,1.02,0.0,-1.77,4.53,8.32,70.71
2024-01-27,0.46,12.94,12.94,0.0,-1.34,2.42,23.13,84.75
2024-01-28,-1.09,0.43,0.43,0.0,-4.57,2.48,9.42,74.68
2024-01-29,-0.1,8.58,8.58,0.0,-2.19,3.04,15.37,76.12
2024-01-30,-0.22,0.37,0.37,0.0,-3.11,2.4,9.05,73.39
2024-01-31,0.9,0.19,0.19,0.0,-2.3,4.9,8.31,67.61
2024-02-01,0.69,0.0,0.0,0.0,-2.58,2.8,7.94,70.76
2024-02-02,1.34,0.0,0.0,0.0,-2.15,4.45,7.56,70.26
2024-02-03,1.78,1.99,1.99,0.0,-0.91,3.32,11.62,77.32
2024-02-04,2.83,0.0,0.0,0.0,-0.85,5.8,10.2,71.74
2024-02-05,5.26,0.13,0.0,0.13,1.75,8.64,13.65,65.09
2024-02-06,6.11,7.82,0.0,7.82,3.37,8.37,20.31,75.17
2024-02-07,8.14,0.92,0.0,0.92,3.21,13.83,16.67,63.49
2024-02-08,9.83,0.0,0.0,0.0,6.89,12.82,18.22,60.12
2024-02-09,9.86,0.0,0.0,0.0,5.81,13.62,16.43,65.59
2024-02-10,9.51,0.0,0.0,0.0,4.99,13.69,19.1,58.69
2024-02-11,9.97,0.0,0.0,0.0,5.95,14.08,18.67,57.86
2024-02-12,10.89,0.0,0.0,0.0,6.43,15.23,17.98,51.34
2024-02-13,11.75,0.0,0.0,0.0,7.64,14.24,16.73,50.16
2024-02-14,8.74,0.61,0.0,0.61,4.55,12.09,14.06,74.96
2024-02-15,5.69,4.05,0.0,4.05,3.71,7.23,8.02,89.34
2024-02-16,6.0,1.08,0.0,1.08,3.73,7.85,6.83,87.62
2024-02-17,4.7,6.28,0.0,6.28,4.0,5.48,13.5,91.91
2024-02-18,3.71,1.63,0.0,1.63,2.88,4.65,16.46,86.63
2024-02-19,3.27,0.3,0.0,0.3,1.92,4.7,8.2,84.84
2024-02-20,3.35,0.12,0.0,0.12,0.72,5.34,7.14,83.74
2024-02-21,4.69,0.19,0.0,0.19,1.69,7.88,11.14,80.56
2024-02-22,3.28,8.63,0.0,8.63,0.12,5.75,11.53,82.65
2024-02-23,3.75,1.37,0.0,1.37,0.1,7.38,9.31,78.12
2024-02-24,4.7,0.0,0.0,0.0,-0.13,9.04,9.3,65.76
2024-02-25,4.52,0.0,0.0,0.0,-0.19,8.81,8.74,64.83
2024-02-26,5.17,0.0,0.0,0.0,-0.42,10.31,16.39,56.2
2024-02-27,6.74,0.0,0.0,0.0,1.04,10.8,13.35,48.39
2024-02-28,4.29,0.0,0.0,0.0,-0.78,8.61,8.21,61.5
2024-02-29,4.72,0.0,0.0,0.0,-1.2,9.7,8.51,61.23
2024-03-01,5.27,0.0,0.0,0.0,-0.33,9.44,8.65,62.09
2024-03-02,7.04,0.0,0.0,0.0,1.84,10.82,11.57,62.75
2024-03-03,6.5,0.07,0.0,0.07,3.48,9.02,8.59,78.88
2024-03-04,5.94,0.1,0.0,0.1,3.69,8.09,7.3,86.73
2024-03-05,6.69,0.0,0.0,0.0,1.41,10.0,10.9,76.59
2024-03-06,8.03,6.27,0.0,6.27,4.38,12.13,17.4,73.77
2024-03-07,4.96,3.9,0.0,3.9,3.67,6.41,17.84,83.5
2024-03-08,4.67,0.31,0.0,0.31,1.5,6.77,10.05,81.7
2024-03-09,3.49,9.4,0.0,9.4,0.97,5.63,11.47,82.99
2024-03-10,2.7,0.75,0.0,0.75,-0.05,4.78,7.43,81.15
2024-03-11,4.24,0.0,0.0,0.0,-0.84,8.57,10.0,68.08
2024-03-12,6.68,0.0,0.0,0.0,0.47,10.91,11.71,65.23
2024-03-13,11.24,0.0,0.0,0.0,6.15,16.29,17.6,55.5
2024-03-14,7.44,1.75,0.0,1.75,4.38,10.14,13.84,74.88
2024-03-15,5.86,5.63,0.0,5.63,3.79,7.86,8.44,88.77
2024-03-16,5.8,4.37,0.0,4.37,4.25,7.75,9.46,89.91
2024-03-17,5.72,2.17,0.0,2.17,3.26,7.6,9.51,85.99
2024-03-18,5.44,3.04,0.0,3.04,2.22,7.7,9.4,87.32
2024-03-19,4.37,7.91,0.0,7.91,3.17,5.18,11.96,89.53
2024-03-20,5.41,0.12,0.0,0.12,2.5,7.69,6.81,77.32
2024-03-21,3.98,7.2,0.0,7.2,1.32,5.98,12.23,86.6
2024-03-22,1.87,13.08,13.08,0.0,0.65,3.38,14.34,88.08
2024-03-23,2.4,2.92,0.0,2.92,-1.77,5.44,10.42,77.96
2024-03-24,3.65,0.0,0.0,0.0,-0.61,7.11,13.14,75.34
2024-03-25,7.14,0.0,0.0,0.0,0.66,11.43,16.42,61.98
2024-03-26,5.53,12.84,0.0,12.84,2.46,10.15,19.56,70.52
2024-03-27,3.64,0.0,0.0,0.0,-1.52,7.92,13.21,68.3
2024-03-28,8.69,0.0,0.0,0.0,4.47,12.85,12.14,75.91
2024-03-29,9.84,1.91,0.0,1.91,6.94,13.43,15.88,73.49
2024-03-30,10.08,0.0,0.0,0.0,6.42,14.14,11.15,70.14
2024-03-31,10.46,0.0,0.0,0.0,5.43,15.0,9.3,66.74
2024-04-01,11.45,0.0,0.0,0.0,6.87,15.87,7.68,67.59
2024-04-02,12.83,0.0,0.0,0.0,7.09,17.98,9.47,60.87
2024-04-03,13.25,0.0,0.0,0.0,8.07,20.17,20.7,58.72
2024-04-04,10.26,0.0,0.0,0.0,5.08,13.61,11.7,71.91
2024-04-05,7.35,3.99,0.0,3.99,4.99,9.93,11.83,83.63
2024-04-06,6.39,0.0,0.0,0.0,3.28,9.56,8.28,78.52
2024-04-07,6.04,0.55,0.0,0.55,3.25,9.31,7.36,79.81
2024-04-08,7.57,1.03,0.0,1.03,4.32,10.54,8.9,80.9
2024-04-09,8.34,0.02,0.0,0.02,5.68,11.26,7.88,82.15
2024-04-10,8.21,6.42,0.0,6.42,6.0,11.1,8.65,86.35
2024-04-11,8.89,0.37,0.0,0.37,7.28,10.98,10.15,86.48
2024-04-12,9.22,0.0,0.0,0.0,7.08,11.66,7.01,87.37
2024-04-13,8.98,0.36,0.0,0.36,6.81,11.31,7.31,89.08
2024-04-14,8.51,2.15,0.0,2.15,6.45,10.35,10.49,89.44
2024-04-15,9.17,0.0,0.0,0.0,4.84,13.24,9.93,74.37
2024-04-16,12.31,0.0,0.0,0.0,5.16,18.7,10.34,59.49
2024-04-17,17.14,0.0,0.0,0.0,10.74,23.72,13.92,52.84
2024-04-18,18.65,1.02,0.0,1.02,13.19,24.35,21.27,48.01
2024-04-19,11.82,0.6,0.0,0.6,9.05,16.44,13.55,78.33
2024-04-20,12.43,0.0,0.0,0.0,8.36,17.18,12.05,75.29
2024-04-21,13.34,0.0,0.0,0.0,10.1,17.29,11.48,69.23
2024-04-22,12.22,0.0,0.0,0.0,6.67,16.57,10.37,77.68
2024-04-23,13.18,0.0,0.0,0.0,7.35,16.5,10.03,74.27
2024-04-24,17.76,0.0,0.0,0.0,10.64,23.34,11.99,62.12
2024-04-25,21.13,0.0,0.0,0.0,14.36,25.94,14.8,51.96
2024-04-26,16.96,5.28,0.0,5.28,11.94,24.08,16.39,64.78
2024-04-27,13.19,0.43,0.0,0.43,10.16,15.41,9.82,86.86
2024-04-28,13.14,1.3,0.0,1.3,9.56,16.28,8.32,85.34
2024-04-29,13.55,0.43,0.0,0.43,9.97,16.75,9.36,82.13
2024-04-30,12.61,0.58,0.0,0.58,10.03,15.93,7.37,83.57
2024-05-01,12.17,1.21,0.0,1.21,10.24,14.89,7.83,84.56
2024-05-02,10.85,9.35,0.0,9.35,9.58,12.44,9.36,90.73
2024-05-03,10.69,5.85,0.0,5.85,9.54,11.95,8.52,89.22
2024-05-04,10.98,15.0,0.0,15.0,8.82,14.24,10.71,85.65
2024-05-05,8.65,18.16,0.0,18.16,6.41,10.61,22.79,84.1
2024-05-06,7.64,4.07,0.0,4.07,6.01,9.79,19.32,77.74
2024-05-07,8.48,3.96,0.0,3.96,6.74,10.93,12.63,80.08
2024-05-08,11.16,0.0,0.0,0.0,5.17,14.58,10.2,69.99
2024-05-09,12.33,1.23,0.0,1.23,6.06,15.79,9.7,74.14
2024-05-10,12.62,0.03,0.0,0.03,9.06,14.68,9.66,80.42
2024-05-11,11.6,0.4,0.0,0.4,8.48,15.73,15.75,84.14
2024-05-12,10.74,7.35,0.0,7.35,8.42,12.69,18.0,77.19
2024-05-13,9.68,3.14,0.0,3.14,7.38,11.92,11.78,75.15
2024-05-14,7.95,4.57,0.0,4.57,5.59,9.73,17.62,80.47
2024-05-15,9.54,0.0,0.0,0.0,3.82,13.22,10.45,75.87
2024-05-16,9.21,2.33,0.0,2.33,6.02,11.88,8.35,83.17
2024-05-17,10.0,0.0,0.0,0.0,4.4,12.69,7.82,76.27
2024-05-18,11.09,0.0,0.0,0.0,4.73,14.17,11.58,76.12
2024-05-19,11.48,2.39,0.0,2.39,8.39,13.66,7.97,79.42
2024-05-20,12.17,0.0,0.0,0.0,7.04,14.84,8.19,77.04
2024-05-21,12.28,0.0,0.0,0.0,7.25,15.35,6.95,77.15
2024-05-22,13.72,0.0,0.0,0.0,7.4,16.72,8.37,72.91
2024-05-23,14.34,0.0,0.0,0.0,9.74,18.09,7.06,79.76
2024-05-24,13.64,1.16,0.0,1.16,10.85,16.37,10.36,85.94
2024-05-25,12.98,5.82,0.0,5.82,11.76,15.92,10.16,86.73
2024-05-26,13.7,11.28,0.0,11.28,10.96,16.87,9.27,84.81
2024-05-27,12.89,9.6,0.0,9.6,9.51,15.95,8.49,83.69
2024-05-28,14.11,3.93,0.0,3.93,11.1,16.7,11.19,83.85
2024-05-29,14.69,0.09,0.0,0.09,11.83,17.43,10.88,81.95
2024-05-30,14.64,1.12,0.0,1.12,11.36,18.31,9.82,85.02
2024-05-31,15.21,4.17,0.0,4.17,12.34,18.23,8.19,85.66
2024-06-01,15.8,1.35,0.0,1.35,12.44,19.04,9.51,76.01
2024-06-02,16.03,0.0,0.0,0.0,10.64,20.0,8.49,69.71
2024-06-03,16.79,0.0,0.0,0.0,12.06,20.84,7.86,67.65
2024-06-04,17.6,0.0,0.0,0.0,12.43,21.48,7.58,69.75
2024-06-05,19.43,0.0,0.0,0.0,14.12,23.82,7.29,66.27
2024-06-06,18.87,0.0,0.0,0.0,15.22,22.08,9.03,70.49
2024-06-07,17.92,0.02,0.0,0.02,14.5,20.46,7.88,77.97
2024-06-08,17.52,1.04,0.0,1.04,14.59,20.04,7.12,82.54
2024-06-09,17.07,7.24,0.0,7.24,14.52,19.79,11.51,80.69
2024-06-10,18.13,1.55,0.0,1.55,14.22,20.73,9.12,76.29
2024-06-11,19.3,0.0,0.0,0.0,12.25,22.82,10.3,65.88
2024-06-12,21.0,0.0,0.0,0.0,13.32,25.03,8.98,61.75
2024-06-13,21.64,0.0,0.0,0.0,16.33,24.65,8.08,64.87
2024-06-14,22.39,0.0,0.0,0.0,16.1,25.89,9.71,70.35
2024-06-15,20.55,0.56,0.0,0.56,18.0,23.99,17.23,66.12
2024-06-16,18.58,1.14,0.0,1.14,16.35,20.82,8.47,76.97
2024-06-17,18.83,0.44,0.0,0.44,15.48,21.83,9.16,78.73
2024-06-18,18.95,3.01,0.0,3.01,16.74,21.5,9.31,81.4
2024-06-19,19.21,0.23,0.0,0.23,16.13,21.98,6.5,78.89
2024-06-20,19.77,0.31,0.0,0.31,16.32,23.51,7.02,76.15
2024-06-21,20.27,2.13,0.0,2.13,17.06,23.25,11.46,78.16
2024-06-22,19.0,1.43,0.0,1.43,16.18,21.67,10.69,74.33
2024-06-23,19.92,0.0,0.0,0.0,15.35,22.73,8.92,69.71
2024-06-24,20.74,0.0,0.0,0.0,15.0,24.13,9.8,69.47
2024-06-25,20.4,0.08,0.0,0.08,15.97,23.19,10.86,74.7
2024-06-26,17.05,12.65,0.0,12.65,15.0,19.89,19.09,81.85
2024-06-27,18.14,0.11,0.0,0.11,13.52,20.71,12.63,65.98
2024-06-28,19.57,0.0,0.0,0.0,14.45,23.5,9.85,65.36
2024-06-29,18.55,0.0,0.0,0.0,13.13,21.49,11.29,69.04
2024-06-30,19.25,0.17,0.0,0.17,14.69,22.31,11.52,71.97
2024-07-01,18.01,21.9,0.0,21.9,15.94,20.77,11.71,83.09
2024-07-02,19.54,3.65,0.0,3.65,16.41,22.67,14.65,77.95
2024-07-03,20.72,0.0,0.0,0.0,14.97,23.79,10.35,72.73
2024-07-04,22.14,0.0,0.0,0.0,15.81,27.3,11.0,71.07
2024-07-05,21.68,5.47,0.0,5.47,17.64,24.43,16.51,76.39
2024-07-06,19.15,11.74,0.0,11.74,17.34,21.6,18.6,85.11
2024-07-07,20.64,3.3,0.0,3.3,16.9,23.04,15.43,82.38
2024-07-08,20.67,1.37,0.0,1.37,18.05,24.37,8.05,81.44
2024-07-09,20.88,12.16,0.0,12.16,18.26,23.67,7.06,84.16
2024-07-10,20.52,0.68,0.0,0.68,18.0,23.72,6.76,82.36
2024-07-11,22.16,2.78,0.0,2.78,17.87,24.64,8.36,79.51
2024-07-12,22.09,0.17,0.0,0.17,18.71,24.24,7.67,80.71
2024-07-13,22.36,0.71,0.0,0.71,18.18,25.23,8.77,82.17
2024-07-14,21.04,4.59,0.0,4.59,18.98,23.72,12.15,82.78
2024-07-15,21.64,1.34,0.0,1.34,18.06,25.31,13.83,77.27
2024-07-16,21.8,5.09,0.0,5.09,18.79,24.44,9.45,79.61
2024-07-17,21.81,2.42,0.0,2.42,18.8,25.05,6.97,80.42
2024-07-18,21.91,3.34,0.0,3.34,19.21,24.24,8.38,84.23
2024-07-19,21.97,8.1,0.0,8.1,18.11,25.37,18.84,77.7
2024-07-20,21.29,11.9,0.0,11.9,18.45,24.06,14.56,80.46
2024-07-21,22.07,0.5,0.0,0.5,17.4,24.71,10.12,79.45
2024-07-22,20.66,0.0,0.0,0.0,16.22,24.38,7.02,73.32
2024-07-23,22.39,0.0,0.0,0.0,18.71,26.03,8.19,70.73
2024-07-24,21.45,16.54,0.0,16.54,17.22,25.24,12.67,78.17
2024-07-25,21.42,2.32,0.0,2.32,18.04,25.31,9.52,75.43
2024-07-26,21.5,0.12,0.0,0.12,18.18,25.36,8.28,75.38
2024-07-27,19.19,10.11,0.0,10.11,16.33,23.12,18.48,80.98
2024-07-28,20.73,7.89,0.0,7.89,16.15,24.76,21.66,76.77
2024-07-29,20.96,0.62,0.0,0.62,16.75,24.72,14.28,70.34
2024-07-30,20.78,0.26,0.0,0.26,17.83,24.62,14.22,74.2
2024-07-31,18.68,6.25,0.0,6.25,16.46,21.2,18.32,74.51
2024-08-01,18.16,0.25,0.0,0.25,14.33,21.51,9.96,74.22
2024-08-02,18.84,0.0,0.0,0.0,14.52,22.37,8.0,74.97
2024-08-03,18.97,0.0,0.0,0.0,14.05,23.14,9.5,72.76
2024-08-04,19.98,0.0,0.0,0.0,14.91,24.18,8.22,67.53
2024-08-05,20.7,0.1,0.0,0.1,17.24,23.91,7.72,70.17
2024-08-06,20.04,0.31,0.0,0.31,16.4,22.84,9.16,76.78
2024-08-07,20.45,0.63,0.0,0.63,16.99,23.68,8.59,75.04
2024-08-08,20.39,1.38,0.0,1.38,17.21,23.66,8.81,77.11
2024-08-09,20.0,0.0,0.0,0.0,15.56,24.05,8.44,73.54
2024-08-10,19.92,0.0,0.0,0.0,15.47,23.85,10.09,71.19
2024-08-11,20.09,5.85,0.0,5.85,16.55,23.87,18.67,70.79
2024-08-12,20.19,0.8,0.0,0.8,17.35,23.24,14.0,73.45
2024-08-13,21.02,0.0,0.0,0.0,15.7,24.61,10.59,68.84
2024-08-14,20.99,0.0,0.0,0.0,15.76,24.48,9.71,66.37
2024-08-15,20.84,0.56,0.0,0.56,15.75,24.18,10.67,67.23
2024-08-16,20.22,0.87,0.0,0.87,16.06,23.19,11.09,66.44
2024-08-17,20.05,0.0,0.0,0.0,14.2,24.35,11.79,61.17
2024-08-18,21.56,0.0,0.0,0.0,15.39,25.68,9.87,63.58
2024-08-19,22.53,0.0,0.0,0.0,17.06,26.05,7.63,68.32
2024-08-20,22.87,0.0,0.0,0.0,17.96,25.81,8.19,72.45
2024-08-21,23.25,0.0,0.0,0.0,17.54,26.94,9.56,70.68
2024-08-22,23.33,0.25,0.0,0.25,19.16,26.81,11.07,73.0
2024-08-23,22.89,2.48,0.0,2.48,20.4,25.81,15.5,78.31
2024-08-24,20.94,12.17,0.0,12.17,19.06,22.59,19.95,82.09
2024-08-25,20.09,8.38,0.0,8.38,18.0,22.76,12.45,79.4
2024-08-26,22.18,6.32,0.0,6.32,18.43,26.21,11.44,77.07
2024-08-27,21.39,0.0,0.0,0.0,17.68,26.03,8.76,74.62
2024-09-01,22.23,0.0,0.0,0.0,18.06,25.82,9.51,79.47
2024-09-04,20.0,0.0,0.0,0.0,17.71,23.22,11.01,84.0
2024-09-05,19.66,10.0,0.0,10.0,16.86,22.41,10.4,83.6
2024-09-06,19.82,6.39,0.0,6.39,16.74,22.36,10.68,81.78
2024-09-07,19.15,1.3,0.0,1.3,16.18,22.3,7.58,78.02
2024-09-08,19.04,2.33,0.0,2.33,15.72,21.94,8.05,78.35
2024-09-09,19.58,0.4,0.0,0.4,15.87,22.73,9.85,76.48
2024-09-10,20.37,0.0,0.0,0.0,16.32,24.22,11.45,74.76
2024-09-11,20.95,0.0,0.0,0.0,16.9,25.21,8.13,71.27
2024-09-12,20.63,0.02,0.0,0.02,17.33,24.34,11.12,71.04
2024-09-13,20.17,0.49,0.0,0.49,17.11,23.49,10.46,78.63
2024-09-14,19.78,0.02,0.0,0.02,15.83,23.49,7.75,77.94
2024-09-15,19.4,0.0,0.0,0.0,14.88,23.67,9.8,75.4
2024-09-16,18.99,7.0,0.0,7.0,16.54,22.05,22.08,72.8
2024-09-17,18.2,6.01,0.0,6.01,15.41,21.32,11.73,79.42
2024-09-18,17.38,0.44,0.0,0.44,14.09,20.26,8.14,74.68
2024-09-19,15.92,7.28,0.0,7.28,13.61,18.8,10.99,82.12
2024-09-20,15.81,10.5,0.0,10.5,13.36,18.81,17.62,80.76
2024-09-21,15.7,10.02,0.0,10.02,12.51,19.65,15.84,77.54
2024-09-22,15.11,12.41,0.0,12.41,12.72,18.33,9.13,82.94
2024-09-23,15.73,5.58,0.0,5.58,13.28,18.87,12.44,75.12
2024-09-24,16.43,3.33,0.0,3.33,13.81,20.17,17.35,74.29
2024-09-25,15.86,0.28,0.0,0.28,12.22,19.38,8.88,75.02
2024-09-26,15.72,0.0,0.0,0.0,11.65,19.51,9.22,77.61
2024-09-27,15.69,0.0,0.0,0.0,11.62,19.3,8.52,74.58
2024-09-28,16.41,0.0,0.0,0.0,11.74,21.08,10.37,70.28
2024-09-29,17.1,0.0,0.0,0.0,13.04,21.27,9.14,71.99
2024-09-30,17.59,1.24,0.0,1.24,13.7,21.49,10.13,70.36
2024-10-01,14.19,22.49,0.0,22.49,12.11,17.08,14.82,82.94
2024-10-02,13.42,1.39,0.0,1.39,10.74,15.75,8.36,75.58
2024-10-03,14.58,0.0,0.0,0.0,10.63,18.41,10.39,73.38
2024-10-04,14.58,0.0,0.0,0.0,10.27,18.92,8.99,73.67
2024-10-05,16.27,0.0,0.0,0.0,10.34,21.38,8.75,66.54
2024-10-06,17.39,0.0,0.0,0.0,10.51,22.28,9.73,62.89
2024-10-07,18.69,0.37,0.0,0.37,13.37,24.44,15.31,60.75
2024-10-08,16.8,5.04,0.0,5.04,14.54,19.15,8.59,82.29
2024-10-09,16.51,0.0,0.0,0.0,11.12,21.16,10.95,75.73
2024-10-10,17.3,0.07,0.0,0.07,12.56,20.85,14.23,65.82
2024-10-11,17.34,0.13,0.0,0.13,14.07,20.48,7.36,78.26
2024-10-12,17.12,0.0,0.0,0.0,12.38,21.17,8.98,76.48
2024-10-13,15.53,10.94,0.0,10.94,13.37,19.05,14.78,81.1
2024-10-14,13.96,3.22,0.0,3.22,12.79,15.62,8.0,85.2
2024-10-15,13.44,1.96,0.0,1.96,11.68,15.52,6.23,84.15
2024-10-16,14.14,0.0,0.0,0.0,9.75,18.57,9.16,78.35
2024-10-17,10.54,10.5,0.0,10.5,7.62,13.04,29.31,78.91
2024-10-18,7.89,2.36,0.0,2.36,5.07,10.49,31.53,69.38
2024-10-19,7.36,1.74,0.0,1.74,3.8,11.26,21.64,69.81
2024-10-20,7.17,6.51,0.0,6.51,4.24,9.85,26.65,74.87
2024-10-21,6.31,39.59,0.0,39.59,4.88,7.61,29.12,84.13
2024-10-22,7.15,19.54,0.0,19.54,4.8,9.23,21.77,83.5
2024-10-23,9.16,0.29,0.0,0.29,5.46,11.98,9.11,76.92
2024-10-24,8.95,0.17,0.0,0.17,6.28,11.25,9.39,79.17
2024-10-25,9.75,0.93,0.0,0.93,6.51,12.51,11.73,78.76
2024-10-26,8.51,8.5,0.0,8.5,6.39,11.12,17.16,84.09
2024-10-27,8.99,1.43,0.0,1.43,5.16,12.33,9.07,76.14
2024-10-28,8.8,0.0,0.0,0.0,3.48,13.33,7.72,65.77
2024-10-29,8.8,0.0,0.0,0.0,3.94,12.95,10.03,69.36
2024-10-30,8.97,0.0,0.0,0.0,5.21,12.8,9.86,69.72
2024-10-31,9.04,0.02,0.0,0.02,5.18,13.11,8.91,72.88
2024-11-01,9.31,0.0,0.0,0.0,5.49,13.57,9.17,73.03
2024-11-02,10.22,0.0,0.0,0.0,4.57,15.31,9.17,68.09
2024-11-03,8.64,9.6,0.0,9.6,5.47,12.69,16.07,73.32
2024-11-04,5.51,0.22,0.0,0.22,3.49,8.35,8.22,73.34
2024-11-05,5.19,20.29,0.0,20.29,3.0,7.9,19.1,77.09
2024-11-06,5.31,0.64,0.0,0.64,2.63,8.15,8.46,74.67
2024-11-07,5.91,0.0,0.0,0.0,2.16,9.8,12.23,66.32
2024-11-08,6.34,0.0,0.0,0.0,2.41,10.47,10.26,71.38
2024-11-09,5.96,0.0,0.0,0.0,2.52,10.34,10.34,69.12
2024-11-10,6.4,0.0,0.0,0.0,2.35,10.75,10.58,68.12
2024-11-11,7.79,0.0,0.0,0.0,4.51,10.96,9.52,73.3
2024-11-12,8.39,0.0,0.0,0.0,5.48,11.35,9.69,76.17
2024-11-13,7.14,0.0,0.0,0.0,3.18,11.75,8.6,73.95
2024-11-14,7.29,0.0,0.0,0.0,3.55,11.77,9.45,70.85
2024-11-15,7.93,0.06,0.0,0.06,3.96,12.5,9.73,67.55
2024-11-16,7.29,16.8,0.0,16.8,5.78,9.34,13.51,85.89
2024-11-17,6.45,0.06,0.0,0.06,2.64,9.63,12.35,77.78
2024-11-18,8.64,3.82,0.0,3.82,6.1,11.98,9.91,84.37
2024-11-19,8.13,7.96,0.0,7.96,4.88,10.42,9.84,88.1
2024-11-20,7.85,0.0,0.0,0.0,4.07,12.35,12.23,75.85
2024-11-21,12.62,0.09,0.0,0.09,8.84,16.52,22.15,52.07
2024-11-22,11.04,1.22,0.0,1.22,8.78,15.52,15.46,80.95
2024-11-23,14.88,0.75,0.0,0.75,9.14,18.97,23.42,58.11
2024-11-24,3.17,45.26,0.0,45.26,0.27,8.6,31.33,90.02
2024-11-25,1.01,11.34,11.34,0.0,-1.45,2.8,29.91,76.17
2024-11-26,0.47,6.76,6.76,0.0,-2.6,2.87,15.43,77.2
2024-11-27,1.39,0.87,0.87,0.0,-2.34,4.81,19.65,72.82
2024-11-28,2.28,0.2,0.0,0.2,-2.08,6.41,13.7,66.63
2024-11-29,2.58,0.0,0.0,0.0,-0.75,6.48,9.1,72.83
2024-11-30,1.62,0.0,0.0,0.0,-2.35,6.6,8.93,66.18
2024-12-01,1.23,0.0,0.0,0.0,-2.73,6.32,8.05,69.9
2024-12-02,1.3,0.0,0.0,0.0,-2.65,6.34,8.31,69.27
2024-12-03,0.68,0.0,0.0,0.0,-3.12,5.63,10.33,64.0
2024-12-04,2.96,0.0,0.0,0.0,-1.08,7.42,10.16,61.96
2024-12-05,4.47,0.43,0.0,0.43,1.36,8.39,8.26,70.82
2024-12-06,3.98,0.19,0.0,0.19,1.32,7.64,10.26,79.24
2024-12-07,5.37,0.0,0.0,0.0,1.87,9.69,11.36,68.08
2024-12-08,7.27,0.06,0.0,0.06,4.32,11.5,10.88,67.06
2024-12-09,8.57,0.43,0.0,0.43,5.71,12.51,15.56,63.7
2024-12-14,-2.48,6.07,6.07,0.0,-5.69,0.42,22.07,69.28
2024-12-15,0.26,0.02,0.02,0.0,-5.94,5.56,12.04,57.74
2024-12-16,2.34,6.5,0.0,6.5,0.96,4.39,13.31,78.81
2024-12-17,3.17,0.0,0.0,0.0,-0.21,8.06,10.23,67.85
2024-12-18,5.14,1.24,0.0,1.24,2.06,8.85,15.4,74.62
2024-12-19,4.29,0.24,0.0,0.24,0.62,7.29,10.5,81.33
2024-12-20,3.68,0.0,0.0,0.0,0.17,8.5,9.57,67.85
2024-12-21,4.97,0.0,0.0,0.0,1.09,9.96,12.22,58.92
2024-12-22,7.05,1.36,0.0,1.36,4.05,11.05,13.63,67.87
2024-12-23,5.94,0.28,0.0,0.28,3.27,8.94,8.91,77.49
2024-12-24,8.2,3.96,0.0,3.96,4.4,12.52,12.02,70.04
2024-12-25,9.24,0.0,0.0,0.0,6.06,12.8,15.46,58.33
2024-12-26,8.0,0.09,0.0,0.09,5.61,11.57,12.39,58.38
2024-12-27,4.64,9.42,0.0,9.42,2.68,6.82,13.46,85.27
2024-12-28,3.77,10.24,0.0,10.24,2.75,4.48,25.44,88.0
2024-12-29,3.19,1.26,0.0,1.26,1.22,5.06,10.81,82.54
2024-12-30,2.88,2.86,0.0,2.86,1.28,5.6,6.81,82.5
2024-12-31,2.6,5.07,0.0,5.07,1.56,3.73,11.21,86.03
2025-01-01,2.46,0.0,0.0,0.0,-0.08,6.35,7.64,72.65
2025-01-02,3.04,0.0,0.0,0.0,0.66,6.5,9.94,65.1
2025-01-03,4.0,0.0,0.0,0.0,1.02,8.18,11.29,55.02
2025-01-04,6.79,0.0,0.0,0.0,1.73,12.39,17.52,49.65
2025-01-05,1.87,17.83,17.83,0.0,-0.09,6.54,15.6,86.42
2025-01-06,2.38,0.07,0.0,0.07,0.18,4.61,10.08,80.54
2025-01-07,4.23,0.0,0.0,0.0,0.91,8.01,9.52,64.84
2025-01-08,6.19,0.0,0.0,0.0,3.28,10.27,8.9,62.37
2025-01-09,6.33,0.0,0.0,0.0,3.37,9.62,7.59,63.13
2025-01-10,5.42,0.0,0.0,0.0,2.78,9.27,9.62,62.83
2025-01-11,5.72,0.0,0.0,0.0,2.89,8.97,10.35,59.61
2025-01-12,5.73,0.0,0.0,0.0,3.34,9.22,10.78,65.52
2025-01-13,6.9,1.26,0.0,1.26,2.81,12.97,15.34,72.64
2025-01-14,3.34,9.54,0.0,9.54,1.79,5.48,9.89,90.45
2025-01-15,4.04,0.1,0.0,0.1,2.11,5.78,7.86,85.21
2025-01-16,3.93,8.41,0.0,8.41,2.92,5.12,11.74,90.68
2025-01-17,2.85,3.05,0.0,3.05,1.4,3.87,14.71,85.7
2025-01-18,2.81,1.66,0.0,1.66,0.86,4.08,12.52,77.74
2025-01-19,3.46,10.03,0.0,10.03,0.62,4.93,19.59,85.72
2025-01-20,1.67,7.0,7.0,0.0,-1.03,3.16,17.32,85.92
2025-01-21,1.7,0.0,0.0,0.0,-1.47,5.21,10.01,65.87
2025-01-22,3.42,0.0,0.0,0.0,0.17,6.99,9.95,63.35
2025-01-23,6.16,0.09,0.0,0.09,3.32,8.41,8.08,66.02
2025-01-24,4.8,0.32,0.0,0.32,2.49,7.25,7.8,76.18
2025-01-25,5.77,0.12,0.0,0.12,3.07,8.52,13.54,66.08
2025-01-26,4.78,4.6,0.0,4.6,2.91,6.8,7.52,83.97
2025-01-27,3.42,0.17,0.0,0.17,0.53,6.53,8.75,71.24
2025-01-28,4.07,0.0,0.0,0.0,1.38,7.49,10.31,57.53
2025-01-29,5.57,0.0,0.0,0.0,2.92,9.05,10.25,49.83
2025-01-30,5.53,0.0,0.0,0.0,2.74,9.36,7.95,49.51
2025-01-31,4.16,0.0,0.0,0.0,1.71,7.64,8.17,62.58
2025-02-01,4.56,0.0,0.0,0.0,1.9,8.78,7.71,62.34
2025-02-02,4.04,0.02,0.0,0.02,1.03,8.09,7.37,72.74
2025-02-03,3.72,0.0,0.0,0.0,0.98,7.31,7.93,69.21
2025-02-04,1.8,9.96,9.96,0.0,-1.36,5.86,17.47,82.3
2025-02-05,-1.21,17.84,17.84,0.0,-2.77,0.32,7.85,90.09
2025-02-06,-0.96,9.87,9.87,0.0,-3.53,0.56,19.82,81.56
2025-02-07,0.73,0.0,0.0,0.0,-1.59,2.86,9.98,77.9
2025-02-08,0.85,4.98,4.98,0.0,-0.97,3.0,16.48,84.93
2025-02-09,1.06,2.7,2.7,0.0,-0.69,4.38,15.03,82.33
2025-02-10,0.43,1.7,1.7,0.0,-2.01,3.91,11.63,76.72
2025-02-11,0.29,1.55,1.55,0.0,-2.32,3.39,7.86,77.45
2025-02-12,1.99,0.39,0.39,0.0,-0.94,4.34,7.8,73.49
2025-02-13,1.62,9.26,9.26,0.0,-0.08,3.97,11.77,83.14
2025-02-14,1.6,1.79,1.79,0.0,-1.6,4.35,14.48,77.42
2025-02-15,3.66,0.0,0.0,0.0,-1.25,7.92,13.54,64.91
2025-02-16,4.62,0.56,0.0,0.56,2.07,7.93,11.83,73.05
2025-02-17,4.02,0.0,0.0,0.0,1.5,6.45,8.93,80.06
2025-02-18,1.44,7.4,7.4,0.0,-1.07,4.51,14.99,88.62
2025-02-19,-2.04,18.66,18.66,0.0,-4.13,-0.25,13.68,89.7
2025-02-20,-3.21,17.53,17.53,0.0,-6.05,-1.54,13.95,83.01
2025-02-21,-5.47,3.64,3.64,0.0,-7.61,-2.08,20.13,72.98
2025-02-22,-4.66,0.0,0.0,0.0,-7.9,-1.51,23.1,60.65
2025-02-23,-5.75,3.15,3.15,0.0,-8.22,-3.36,29.59,67.78
2025-02-24,-4.11,3.24,3.24,0.0,-7.93,-1.11,24.6,64.57
2025-02-25,-0.91,0.92,0.92,0.0,-4.74,2.55,18.96,58.7
2025-02-26,-0.51,0.13,0.13,0.0,-3.12,2.99,10.17,70.8
2025-02-27,0.05,0.26,0.26,0.0,-3.1,3.83,11.38,76.2
2025-02-28,-1.81,0.09,0.09,0.0,-7.04,2.0,7.58,72.63
2025-03-01,1.68,0.08,0.08,0.0,-1.58,4.23,8.94,78.91
2025-03-02,1.54,0.0,0.0,0.0,-2.31,5.57,10.18,66.61
2025-03-03,1.56,10.03,10.03,0.0,-0.41,2.95,12.53,85.92
2025-03-04,1.87,0.5,0.5,0.0,-0.05,4.4,7.08,80.73
2025-03-05,3.15,0.0,0.0,0.0,0.21,7.0,7.09,76.0
2025-03-06,3.53,0.0,0.0,0.0,-0.12,7.74,7.84,67.18
2025-03-07,4.34,0.0,0.0,0.0,0.58,8.64,7.62,71.08
2025-03-08,4.13,0.0,0.0,0.0,0.74,8.25,5.51,74.46
2025-03-09,5.1,0.0,0.0,0.0,1.44,9.02,8.06,74.17
2025-03-10,5.26,0.0,0.0,0.0,2.3,9.2,6.68,80.43
2025-03-11,5.86,0.0,0.0,0.0,2.03,11.55,10.32,70.16
2025-03-12,13.86,0.0,0.0,0.0,5.88,21.67,17.25,52.18
2025-03-13,14.81,0.0,0.0,0.0,11.32,19.09,17.72,48.91
2025-03-14,15.34,0.0,0.0,0.0,9.81,19.69,14.83,47.92
2025-03-15,14.3,0.0,0.0,0.0,9.11,21.49,13.08,56.07
2025-03-16,18.92,0.0,0.0,0.0,12.83,24.71,15.31,55.96
2025-03-17,15.43,0.0,0.0,0.0,7.81,22.31,17.82,59.81
2025-03-18,7.26,2.91,0.0,2.91,3.05,12.51,18.07,70.92
2025-03-19,-0.47,7.55,7.55,0.0,-2.59,2.85,19.68,75.43
2025-03-20,-1.2,1.03,1.03,0.0,-3.53,1.11,19.65,77.47
2025-03-21,1.49,0.38,0.38,0.0,-0.79,3.61,20.21,79.18
2025-03-22,2.56,7.13,0.0,7.13,1.02,4.41,20.84,85.17
2025-03-23,3.0,0.02,0.0,0.02,-0.16,6.47,10.19,72.31
2025-03-24,4.33,0.0,0.0,0.0,-0.2,8.18,9.08,62.75
2025-03-25,9.34,0.44,0.0,0.44,4.61,13.19,9.78,67.91
2025-03-26,10.43,0.17,0.0,0.17,7.65,14.95,7.44,73.45
2025-03-27,11.14,0.0,0.0,0.0,7.88,15.68,7.79,68.07
2025-03-28,13.08,0.0,0.0,0.0,7.32,18.28,10.88,66.02
2025-03-29,16.27,0.28,0.0,0.28,8.68,26.27,23.72,50.71
2025-03-30,9.26,4.09,0.0,4.09,7.11,12.26,13.53,85.88
2025-03-31,7.81,6.15,0.0,6.15,6.2,10.91,11.09,89.64
2025-04-01,10.58,0.06,0.0,0.06,4.57,18.25,12.63,68.56
2025-04-02,11.96,1.46,0.0,1.46,8.43,15.31,14.8,67.88
2025-04-03,7.46,16.39,0.0,16.39,5.88,11.25,11.51,90.49
2025-04-04,7.76,2.93,0.0,2.93,6.07,10.68,9.53,86.04
2025-04-05,7.02,7.92,0.0,7.92,5.65,8.83,9.7,88.13
2025-04-06,9.46,3.66,0.0,3.66,6.22,12.79,13.28,79.33
2025-04-07,10.44,0.44,0.0,0.44,6.94,16.8,13.4,77.4
2025-04-08,5.15,5.56,0.0,5.56,2.98,8.98,20.12,83.33
2025-04-09,3.19,21.57,0.0,21.57,0.01,8.49,13.48,88.43
2025-04-10,1.22,17.72,17.72,0.0,-1.65,4.13,11.91,84.08
2025-04-11,1.74,11.59,11.59,0.0,-2.87,8.34,21.84,74.01
2025-04-12,2.38,3.17,0.0,3.17,-2.4,5.93,14.89,68.92
2025-04-13,3.75,1.32,0.0,1.32,-0.0,7.11,11.99,70.56
2025-04-14,2.61,17.24,0.0,17.24,1.16,3.96,11.59,87.69
2025-04-15,3.91,9.82,0.0,9.82,2.01,5.63,20.43,87.17
2025-04-16,6.16,0.06,0.0,0.06,4.27,8.59,10.72,89.24
2025-04-17,5.63,0.0,0.0,0.0,2.63,8.47,6.76,84.01
2025-04-18,6.79,0.04,0.0,0.04,4.43,9.9,7.45,81.97
2025-04-19,6.84,2.53,0.0,2.53,4.13,11.77,10.2,82.62
2025-04-20,7.35,4.87,0.0,4.87,5.26,9.58,10.49,87.79
2025-04-21,8.15,0.41,0.0,0.41,5.45,11.73,9.44,86.48
2025-04-22,7.86,0.37,0.0,0.37,4.85,10.78,7.46,85.46
2025-04-23,7.51,3.08,0.0,3.08,6.06,9.83,7.0,91.53
2025-04-24,8.17,0.71,0.0,0.71,6.01,10.97,8.97,88.54
2025-04-25,8.86,3.77,0.0,3.77,6.98,12.25,13.1,88.47
2025-04-26,9.28,4.85,0.0,4.85,6.59,12.95,10.66,87.61
2025-04-27,9.33,2.64,0.0,2.64,6.58,12.4,10.08,87.99
2025-04-28,6.97,3.25,0.0,3.25,4.91,9.37,12.01,78.4
2025-04-29,6.39,0.0,0.0,0.0,4.57,9.8,6.16,73.08
2025-04-30,7.98,1.74,0.0,1.74,4.68,11.54,7.4,78.87
2025-05-01,9.11,3.17,0.0,3.17,6.54,13.16,10.79,84.3
2025-05-02,8.07,4.34,0.0,4.34,6.73,10.0,13.39,91.42
2025-05-03,9.29,3.25,0.0,3.25,6.89,13.21,14.21,83.45
2025-05-04,9.06,1.24,0.0,1.24,6.54,12.8,8.94,79.87
2025-05-05,9.5,0.0,0.0,0.0,5.78,13.23,7.21,80.52
2025-05-06,10.22,0.0,0.0,0.0,5.77,14.14,8.25,76.65
2025-05-07,13.52,0.79,0.0,0.79,7.57,19.05,9.83,76.02
2025-05-08,14.88,0.38,0.0,0.38,11.09,19.73,11.13,74.76
2025-05-09,16.81,0.88,0.0,0.88,10.59,23.22,12.07,70.5
2025-05-10,13.01,5.55,0.0,5.55,9.12,18.45,13.46,80.85
2025-05-11,10.44,13.75,0.0,13.75,8.67,14.3,11.28,86.96
2025-05-12,9.48,12.59,0.0,12.59,7.33,12.37,9.65,88.74
2025-05-13,7.97,18.43,0.0,18.43,6.53,9.54,14.07,91.83
2025-05-14,9.08,1.29,0.0,1.29,6.9,12.26,10.86,81.63
2025-05-15,8.42,11.65,0.0,11.65,5.72,11.9,9.86,83.78
2025-05-16,11.66,0.0,0.0,0.0,5.5,16.47,13.21,69.28
2025-05-17,16.69,0.0,0.0,0.0,11.5,23.92,17.08,64.27
2025-05-18,12.8,3.66,0.0,3.66,9.61,17.45,11.75,78.22
2025-05-19,11.52,1.07,0.0,1.07,8.43,14.9,11.08,84.93
2025-05-20,12.19,0.07,0.0,0.07,7.55,17.21,13.22,72.13
2025-05-21,11.89,0.0,0.0,0.0,8.55,15.18,11.24,78.21
2025-05-22,12.71,0.0,0.0,0.0,7.93,17.0,8.41,74.89
2025-05-23,14.36,0.15,0.0,0.15,10.1,18.44,6.96,72.89
2025-05-24,15.41,0.0,0.0,0.0,10.85,20.12,7.36,67.05
2025-05-25,16.06,0.0,0.0,0.0,11.45,19.82,8.38,72.41
2025-05-26,17.46,0.0,0.0,0.0,13.49,21.37,9.16,70.45
2025-05-27,14.72,4.48,0.0,4.48,11.82,18.88,19.79,81.16
2025-05-28,13.97,0.96,0.0,0.96,11.43,17.64,9.92,83.73
2025-05-29,13.78,1.65,0.0,1.65,11.07,17.51,6.89,79.31
2025-05-30,12.66,3.54,0.0,3.54,10.42,15.92,9.0,83.26
2025-05-31,14.3,2.31,0.0,2.31,10.34,18.09,12.08,79.99
2025-06-01,14.62,5.39,0.0,5.39,11.69,18.96,9.68,84.31
2025-06-02,13.64,2.05,0.0,2.05,11.31,17.07,12.19,85.68
2025-06-03,13.6,26.02,0.0,26.02,11.86,15.76,16.3,88.47
2025-06-04,15.27,1.08,0.0,1.08,11.72,18.52,9.65,81.24
2025-06-05,15.56,0.0,0.0,0.0,10.95,20.03,8.82,72.89
2025-06-06,15.44,0.02,0.0,0.02,11.43,19.57,6.74,78.02
2025-06-07,15.67,0.0,0.0,0.0,11.02,20.1,8.52,72.32
2025-06-08,16.45,0.0,0.0,0.0,11.88,20.73,7.22,74.15
2025-06-09,17.62,0.0,0.0,0.0,13.94,21.5,7.26,78.41
2025-06-10,17.45,0.0,0.0,0.0,13.21,20.94,8.07,75.94
2025-06-11,18.44,0.0,0.0,0.0,14.32,22.36,7.08,77.33
2025-06-12,19.27,0.0,0.0,0.0,15.69,22.92,7.09,76.48
2025-06-13,18.46,0.65,0.0,0.65,15.73,21.55,12.56,82.07
2025-06-14,15.73,3.75,0.0,3.75,13.57,17.91,15.11,79.02
2025-06-15,15.54,0.65,0.0,0.65,12.2,19.2,12.52,73.64
2025-06-16,15.64,0.1,0.0,0.1,12.0,19.62,16.75,70.69
2025-06-17,15.09,0.8,0.0,0.8,11.15,19.49,11.88,73.7
2025-06-18,16.85,0.0,0.0,0.0,11.99,21.1,9.87,69.66
2025-06-19,17.48,0.0,0.0,0.0,13.46,21.62,9.19,69.8
2025-06-20,17.61,0.0,0.0,0.0,12.76,22.44,9.35,70.78
2025-06-21,17.41,0.54,0.0,0.54,12.94,21.59,11.67,71.08
2025-06-22,15.11,1.93,0.0,1.93,12.92,17.79,11.25,73.4
2025-06-23,16.3,0.03,0.0,0.03,12.41,20.18,9.77,68.22
2025-06-24,17.5,0.0,0.0,0.0,12.84,22.37,9.84,60.34
2025-06-25,18.08,0.0,0.0,0.0,12.42,23.16,11.27,61.05
2025-06-26,18.48,0.0,0.0,0.0,13.51,23.11,8.38,60.2
2025-06-27,19.55,0.0,0.0,0.0,15.63,23.95,9.31,65.11
2025-06-28,18.66,0.15,0.0,0.15,15.26,22.44,10.77,73.27
2025-06-29,16.38,10.97,0.0,10.97,12.87,20.72,19.55,77.23
2025-06-30,15.36,10.05,0.0,10.05,10.86,19.12,16.43,79.4
2025-07-01,17.75,0.76,0.0,0.76,13.5,22.77,12.13,71.9
2025-07-02,16.55,1.27,0.0,1.27,13.74,19.42,13.91,71.27
2025-07-03,15.45,1.92,0.0,1.92,11.61,19.52,14.26,73.39
2025-07-04,15.13,11.28,0.0,11.28,12.99,17.87,16.06,80.01
2025-07-05,16.77,5.54,0.0,5.54,12.78,19.8,17.81,82.72
2025-07-06,18.66,0.21,0.0,0.21,15.25,22.06,8.75,73.75
2025-07-07,19.03,0.0,0.0,0.0,14.74,23.34,8.54,76.17
2025-07-08,20.31,0.0,0.0,0.0,15.83,24.57,7.54,75.68
2025-07-09,20.49,0.0,0.0,0.0,16.45,24.38,7.33,74.9
2025-07-10,21.23,0.0,0.0,0.0,16.98,26.13,8.14,71.38
2025-07-11,21.48,0.02,0.0,0.02,17.74,25.13,9.12,73.51
2025-07-12,22.27,0.12,0.0,0.12,18.44,25.9,8.73,71.9
2025-07-13,22.16,0.4,0.0,0.4,18.97,25.72,8.61,75.43
2025-07-14,22.38,2.2,0.0,2.2,19.31,26.27,8.41,74.41
2025-07-15,22.11,0.59,0.0,0.59,19.23,25.73,10.45,75.49
2025-07-16,21.29,3.13,0.0,3.13,18.93,24.18,12.57,80.41
2025-07-17,21.59,0.0,0.0,0.0,18.03,25.46,9.65,71.03
2025-07-18,22.04,0.0,0.0,0.0,17.11,26.85,10.03,67.45
2025-07-19,22.45,0.84,0.0,0.84,17.79,26.39,9.9,73.21
2025-07-20,20.84,3.59,0.0,3.59,18.36,24.61,14.71,79.18
2025-07-21,21.16,0.75,0.0,0.75,18.71,23.48,10.13,77.78
2025-07-22,22.55,0.45,0.0,0.45,19.11,27.31,9.58,78.65
2025-07-23,22.31,0.0,0.0,0.0,18.3,26.37,9.2,76.58
2025-07-24,22.1,0.0,0.0,0.0,18.51,26.16,8.52,75.84
2025-07-25,22.09,0.5,0.0,0.5,18.51,26.04,11.1,71.0
2025-07-26,22.48,0.0,0.0,0.0,19.04,26.17,11.71,67.48
2025-07-27,22.83,0.0,0.0,0.0,18.42,26.98,9.95,71.35
2025-07-28,24.21,0.0,0.0,0.0,20.38,28.23,10.94,69.19
2025-07-29,25.53,0.0,0.0,0.0,22.35,29.26,8.53,66.0
2025-07-30,25.13,0.1,0.0,0.1,22.38,28.86,11.71,73.06
2025-07-31,23.08,4.62,0.0,4.62,20.14,26.69,12.48,77.21
2025-08-01,22.49,5.37,0.0,5.37,20.82,25.49,13.38,82.36
2025-08-02,22.29,8.32,0.0,8.32,20.11,25.32,21.2,81.9
2025-08-03,22.09,2.76,0.0,2.76,19.0,25.33,13.13,80.17
2025-08-04,21.36,8.33,0.0,8.33,19.34,23.88,9.63,87.42
2025-08-05,22.45,8.8,0.0,8.8,20.05,25.93,10.05,83.25
2025-08-06,22.92,0.03,0.0,0.03,19.98,26.23,9.93,79.01
2025-08-07,23.19,0.23,0.0,0.23,20.16,26.73,10.9,79.9
2025-08-08,23.06,1.54,0.0,1.54,20.88,25.81,19.54,78.09
2025-08-09,22.7,3.48,0.0,3.48,20.2,25.6,19.38,77.89
2025-08-10,22.08,0.05,0.0,0.05,18.36,26.21,11.17,72.35
2025-08-11,21.01,0.0,0.0,0.0,16.61,25.56,12.58,62.51
2025-08-12,21.04,0.0,0.0,0.0,17.33,25.0,10.94,64.73
2025-08-13,21.02,0.0,0.0,0.0,17.07,25.5,10.73,64.73
2025-08-14,20.96,0.0,0.0,0.0,17.57,25.33,9.57,66.89
2025-08-15,20.72,0.12,0.0,0.12,17.05,24.76,10.06,62.08
2025-08-16,20.63,0.03,0.0,0.03,17.25,24.39,10.3,63.61
2025-08-17,20.83,0.0,0.0,0.0,15.95,26.22,11.11,62.93
2025-08-18,21.96,0.0,0.0,0.0,17.79,26.61,8.61,64.68
2025-08-19,21.74,0.94,0.0,0.94,18.95,25.04,10.93,71.06
2025-08-20,21.31,0.3,0.0,0.3,18.69,24.29,15.89,76.39
2025-08-21,20.99,0.07,0.0,0.07,17.59,24.77,12.26,71.99
2025-08-22,21.23,0.0,0.0,0.0,17.19,25.88,12.85,69.89
2025-08-23,22.42,0.0,0.0,0.0,17.59,27.71,12.32,54.39
2025-08-24,20.72,11.45,0.0,11.45,16.71,25.43,11.93,72.75
2025-08-25,18.23,16.64,0.0,16.64,15.86,21.63,16.4,82.43
2025-08-26,17.11,2.69,0.0,2.69,14.79,19.83,13.18,76.61
2025-08-27,17.94,0.16,0.0,0.16,15.92,20.42,12.3,72.42
2025-08-28,19.63,0.0,0.0,0.0,17.01,23.26,10.49,72.15
2025-08-29,20.43,0.05,0.0,0.05,17.38,24.82,7.6,74.09
2025-08-30,20.47,0.0,0.0,0.0,16.39,24.88,7.61,71.67
2025-08-31,20.47,0.02,0.0,0.02,16.72,24.71,7.7,71.84
2025-09-01,20.45,0.0,0.0,0.0,15.75,24.88,8.64,71.78
2025-09-02,20.29,2.56,0.0,2.56,17.99,23.14,10.54,79.04
2025-09-03,18.43,18.72,0.0,18.72,16.39,21.27,10.07,86.65
2025-09-04,19.55,2.13,0.0,2.13,16.44,23.01,9.68,80.8
2025-09-05,20.2,0.08,0.0,0.08,16.72,23.77,7.42,80.9
2025-09-06,20.84,2.16,0.0,2.16,18.01,24.1,7.24,80.41
2025-09-07,18.25,21.28,0.0,21.28,15.9,20.38,14.46,84.91
2025-09-08,18.21,0.28,0.0,0.28,16.04,20.89,12.86,79.13
2025-09-09,18.58,3.47,0.0,3.47,15.99,21.52,14.32,80.52
2025-09-10,18.02,0.23,0.0,0.23,14.98,22.35,9.23,72.09
2025-09-11,17.47,0.29,0.0,0.29,14.84,21.03,9.64,75.84
2025-09-12,17.46,0.0,0.0,0.0,13.97,21.71,9.12,72.94
2025-09-13,17.69,0.08,0.0,0.08,14.82,21.6,14.89,74.96
2025-09-14,16.83,0.0,0.0,0.0,13.81,20.83,12.64,69.96
2025-09-15,17.09,0.0,0.0,0.0,12.87,21.47,9.16,69.77
2025-09-16,17.15,1.31,0.0,1.31,14.35,20.68,13.19,70.36
2025-09-17,17.37,0.0,0.0,0.0,13.78,21.66,10.38,74.48
2025-09-18,15.87,8.18,0.0,8.18,12.18,20.71,18.87,74.98
2025-09-19,13.57,14.24,0.0,14.24,11.44,15.91,29.27,73.34
2025-09-20,13.7,23.2,0.0,23.2,11.68,16.25,29.45,84.59
2025-09-21,13.77,3.65,0.0,3.65,10.65,16.68,19.59,75.68
2025-09-22,13.92,0.0,0.0,0.0,9.81,18.36,11.72,71.98
2025-09-23,15.01,0.0,0.0,0.0,10.95,19.35,9.6,74.17
2025-09-24,15.87,0.0,0.0,0.0,12.06,20.15,7.0,73.08
2025-09-25,15.97,0.46,0.0,0.46,13.12,19.56,9.39,75.1
2025-09-26,14.19,0.55,0.0,0.55,11.21,18.32,17.08,79.65
2025-09-27,12.42,0.56,0.0,0.56,10.06,15.55,17.89,75.34
2025-09-28,13.35,0.05,0.0,0.05,9.01,17.32,12.74,72.42
2025-09-29,15.5,1.12,0.0,1.12,12.2,18.57,12.56,71.55
2025-09-30,13.01,28.06,0.0,28.06,11.57,15.32,9.8,88.04
2025-10-01,12.39,6.37,0.0,6.37,10.7,15.17,7.0,84.44
2025-10-02,12.7,6.1,0.0,6.1,10.27,16.09,7.16,82.66
2025-10-03,14.48,0.0,0.0,0.0,10.27,18.63,11.73,75.88
2025-10-04,17.91,0.0,0.0,0.0,13.53,24.12,15.02,58.69
2025-10-05,15.81,0.0,0.0,0.0,13.41,19.08,13.08,76.11
2025-10-06,15.13,0.0,0.0,0.0,12.18,19.24,8.1,80.16
2025-10-07,15.23,0.0,0.0,0.0,11.92,19.3,11.66,72.46
2025-10-08,17.18,0.56,0.0,0.56,12.94,22.17,12.07,65.2
2025-10-09,14.13,18.33,0.0,18.33,11.34,17.63,13.35,81.55
2025-10-10,13.28,1.94,0.0,1.94,9.96,16.73,9.1,74.12
2025-10-11,12.6,0.25,0.0,0.25,9.72,16.5,12.58,72.11
2025-10-12,9.33,9.52,0.0,9.52,7.2,12.58,20.69,79.49
2025-10-13,10.3,0.34,0.0,0.34,7.27,14.12,14.17,71.46
2025-10-14,10.9,0.0,0.0,0.0,7.3,15.12,10.69,66.59
2025-10-15,11.83,0.0,0.0,0.0,8.75,16.25,8.82,71.79
2025-10-16,10.89,1.14,0.0,1.14,8.34,14.23,9.58,81.6
2025-10-17,11.51,0.74,0.0,0.74,8.85,15.41,13.05,79.39
2025-10-18,12.55,0.0,0.0,0.0,9.34,16.5,8.89,73.25
2025-10-19,13.15,0.94,0.0,0.94,10.43,16.32,9.84,76.8
2025-10-20,9.04,16.73,0.0,16.73,7.22,11.91,14.36,86.99
2025-10-21,9.79,0.12,0.0,0.12,6.57,13.71,11.84,78.33
2025-10-22,11.77,0.12,0.0,0.12,7.21,16.01,10.15,66.62
2025-10-23,13.9,0.15,0.0,0.15,11.94,17.13,10.96,71.01
2025-10-24,14.7,0.43,0.0,0.43,12.03,18.9,13.5,69.42
2025-10-25,14.83,0.42,0.0,0.42,10.87,19.15,16.07,70.61
2025-10-26,12.03,12.61,0.0,12.61,10.3,13.95,12.57,86.73
2025-10-27,15.49,0.0,0.0,0.0,9.93,23.73,13.74,67.38
2025-10-28,14.54,0.28,0.0,0.28,11.48,18.64,18.72,73.93
2025-10-29,10.07,21.26,0.0,21.26,7.54,12.58,18.78,85.65
2025-10-30,9.46,0.0,0.0,0.0,6.53,13.36,10.11,68.12
2025-10-31,11.11,0.0,0.0,0.0,6.77,16.5,7.93,59.49
2025-11-01,11.16,0.0,0.0,0.0,8.26,15.8,8.79,64.16
2025-11-02,10.19,0.0,0.0,0.0,7.62,14.46,9.69,72.79
2025-11-03,10.51,0.0,0.0,0.0,7.45,14.04,8.24,61.78
2025-11-04,11.87,0.21,0.0,0.21,8.38,15.82,7.43,61.78
2025-11-05,11.47,0.0,0.0,0.0,9.1,15.3,7.1,73.4
2025-11-06,11.33,0.0,0.0,0.0,8.97,14.95,9.21,74.97
2025-11-07,11.66,0.0,0.0,0.0,9.05,14.9,8.82,70.97
2025-11-08,12.56,0.0,0.0,0.0,10.55,14.87,12.7,68.15
2025-11-09,11.73,0.0,0.0,0.0,9.01,15.13,8.68,68.98
2025-11-10,11.05,0.0,0.0,0.0,8.2,14.61,10.37,67.32
2025-11-11,13.62,0.0,0.0,0.0,9.15,20.12,11.93,58.15
2025-11-12,12.68,1.95,0.0,1.95,10.25,16.15,12.66,69.09
2025-11-13,9.12,18.61,0.0,18.61,7.34,12.02,13.2,86.86
2025-11-14,7.24,36.39,0.0,36.39,5.71,9.37,14.94,86.66
2025-11-15,8.09,22.44,0.0,22.44,6.17,9.78,11.08,87.14
2025-11-16,8.63,4.18,0.0,4.18,6.44,11.49,12.62,84.86
2025-11-17,9.62,0.0,0.0,0.0,7.0,14.23,11.19,68.43
2025-11-18,10.99,0.0,0.0,0.0,7.94,15.11,12.45,59.69
2025-11-19,11.33,0.0,0.0,0.0,8.75,15.61,11.85,54.17
2025-11-20,11.39,0.0,0.0,0.0,8.72,16.63,11.01,47.24
2025-11-21,10.98,0.0,0.0,0.0,7.79,15.23,11.19,46.13
2025-11-22,14.15,0.0,0.0,0.0,9.29,20.77,12.74,45.96
2025-11-23,14.9,0.0,0.0,0.0,11.9,19.67,13.62,41.51
2025-11-24,12.55,0.0,0.0,0.0,9.56,17.27,15.36,52.58
2025-11-25,10.23,0.0,0.0,0.0,8.45,13.32,9.2,69.34
2025-11-26,10.46,0.0,0.0,0.0,7.95,14.66,9.28,62.58
2025-11-27,10.34,0.0,0.0,0.0,8.46,13.49,9.94,63.3
2025-11-28,10.0,0.0,0.0,0.0,7.75,14.05,9.04,57.97
2025-11-29,9.9,0.0,0.0,0.0,7.76,14.2,10.4,55.94
2025-11-30,10.87,0.27,0.0,0.27,8.18,14.2,12.13,64.87
2025-12-01,8.83,4.42,0.0,4.42,6.1,11.88,11.32,78.78
2025-12-02,7.25,0.59,0.0,0.59,4.76,9.91,8.42,78.7
2025-12-03,6.38,0.0,0.0,0.0,4.3,10.02,10.11,72.51
2025-12-04,6.42,0.0,0.0,0.0,4.21,9.62,9.28,62.87
2025-12-05,7.22,0.0,0.0,0.0,4.56,10.86,10.44,59.01
2025-12-06,10.39,0.93,0.0,0.93,7.8,14.16,12.1,64.47
2025-12-07,9.92,2.22,0.0,2.22,8.55,12.13,10.76,78.6
2025-12-08,9.83,0.0,0.0,0.0,8.1,12.55,9.96,71.96
2025-12-09,7.98,11.37,0.0,11.37,6.71,9.92,11.07,88.04
2025-12-10,6.82,15.18,0.0,15.18,5.74,8.14,9.04,91.6
2025-12-11,5.47,16.71,0.0,16.71,4.36,6.33,10.86,90.65
2025-12-12,5.96,2.18,0.0,2.18,4.61,7.96,8.13,81.93
2025-12-13,5.82,9.04,0.0,9.04,3.42,7.65,22.26,75.8
2025-12-14,3.65,5.03,0.0,5.03,2.01,5.49,10.72,81.22
2025-12-15,4.28,5.32,0.0,5.32,2.37,6.3,17.36,78.06
2025-12-16,2.26,15.89,0.0,15.89,0.82,4.84,20.27,87.62
2025-12-17,2.83,0.43,0.0,0.43,0.74,6.27,8.77,73.71
2025-12-18,3.83,0.0,0.0,0.0,0.96,7.6,9.82,64.01
2025-12-19,4.66,0.0,0.0,0.0,2.3,8.66,7.75,63.47
2025-12-20,4.56,0.0,0.0,0.0,2.56,7.93,9.54,67.13
2025-12-21,5.51,0.0,0.0,0.0,2.15,8.37,9.16,65.23
2025-12-22,6.83,0.0,0.0,0.0,4.96,9.22,7.9,67.8
2025-12-23,6.07,0.0,0.0,0.0,3.98,8.34,8.73,74.22
2025-12-24,5.93,2.32,0.0,2.32,4.16,7.82,10.72,81.51
2025-12-25,4.45,8.23,0.0,8.23,3.27,6.11,9.98,89.09
2025-12-26,2.96,8.73,0.0,8.73,1.07,4.5,8.92,88.34
2025-12-27,0.49,11.14,11.14,0.0,-1.46,2.79,18.58,83.65
2025-12-28,0.75,0.09,0.09,0.0,-2.25,3.47,17.03,56.25
2025-12-29,1.65,0.98,0.98,0.0,-0.51,3.96,23.12,52.8
2025-12-30,2.05,0.22,0.0,0.22,-0.9,5.72,24.67,47.6
2025-12-31,2.17,6.33,0.0,6.33,-1.1,5.85,25.4,66.17
2026-01-01,-2.49,28.45,28.45,0.0,-4.31,0.13,18.37,90.38
2024-08-28,7.74,0.0,0.0,0.0,4.24,11.18,16.33,88.4
2024-08-29,7.79,0.0,0.0,0.0,4.33,10.91,16.82,89.55
2024-08-30,6.97,0.0,0.0,0.0,5.01,9.76,17.05,89.39
2024-08-31,7.05,0.06,0.0,0.06,4.08,10.21,16.48,88.23
2024-09-02,7.9,0.11,0.0,0.11,4.94,10.87,16.58,88.73
2024-09-03,7.51,0.0,0.0,0.0,3.99,10.42,17.05,89.39
2024-12-10,5.78,0.0,0.0,0.0,2.44,8.93,15.65,84.6
2024-12-11,5.5,0.0,0.0,0.0,2.28,8.47,16.18,87.57
2024-12-12,4.89,0.0,0.0,0.0,1.52,7.78,17.38,89.72
2024-12-13,4.46,0.0,0.0,0.0,0.86,7.28,19.2,89.39
