time,Şahinkaya Kanyonu - Samsun_temp,Şahinkaya Kanyonu - Samsun_prcp,Şahinkaya Kanyonu - Samsun_snow,Şahinkaya Kanyonu - Samsun_rain,Şahinkaya Kanyonu - Samsun_tmin,Şahinkaya Kanyonu - Samsun_tmax,Şahinkaya Kanyonu - Samsun_wspd,Şahinkaya Kanyonu - Samsun_rhum
2024-01-01,10.45,0.0,0.0,0.0,5.93,15.61,4.05,75.33
2024-01-02,11.02,0.09,0.0,0.09,8.59,14.0,4.85,71.41
2024-01-03,11.29,1.03,0.0,1.03,8.03,13.43,6.47,79.0
2024-01-04,12.97,0.98,0.0,0.98,10.53,16.49,6.4,68.46
2024-01-05,11.19,2.82,0.0,2.82,7.28,15.19,9.04,72.99
2024-01-06,10.26,0.0,0.0,0.0,4.44,15.45,6.46,59.53
2024-01-07,11.97,0.0,0.0,0.0,6.86,17.12,7.41,52.0
2024-01-08,12.84,5.55,0.0,5.55,10.43,17.53,6.32,67.66
2024-01-09,8.97,0.8,0.0,0.8,6.65,12.91,13.25,85.05
2024-01-10,5.3,2.37,0.0,2.37,4.27,7.02,18.43,75.43
2024-01-11,4.62,0.34,0.0,0.34,2.82,6.63,9.09,65.63
2024-01-12,4.08,0.9,0.0,0.9,1.3,7.6,7.43,72.71
2024-01-13,1.11,3.35,3.35,0.0,-1.03,3.31,8.03,73.82
2024-01-14,1.99,3.15,3.15,0.0,-3.25,7.49,5.76,62.81
2024-01-15,6.25,0.13,0.0,0.13,-0.25,13.06,7.82,53.9
2024-01-16,11.65,2.59,0.0,2.59,7.05,15.57,12.01,62.26
2024-01-17,8.2,1.09,0.0,1.09,5.08,10.86,8.88,77.18
2024-01-18,11.31,0.0,0.0,0.0,4.74,16.32,6.89,69.6
2024-01-19,14.92,0.26,0.0,0.26,11.47,18.96,10.62,62.32
2024-01-20,12.56,3.17,0.0,3.17,8.0,18.38,7.98,71.45
2024-01-21,5.98,19.38,0.0,19.38,3.78,9.73,16.43,80.97
2024-01-22,4.04,1.56,0.0,1.56,2.07,6.84,11.41,68.27
2024-01-23,3.07,0.59,0.0,0.59,-0.23,7.04,4.91,68.73
2024-01-24,3.76,0.09,0.0,0.09,0.62,8.17,4.11,70.5
2024-01-25,4.35,0.0,0.0,0.0,-0.19,7.71,5.35,64.37
2024-01-26,6.01,0.26,0.0,0.26,3.38,9.67,5.36,71.52
2024-01-27,4.76,6.15,0.0,6.15,1.7,7.91,6.96,76.95
2024-01-28,4.17,7.7,0.0,7.7,1.3,8.13,4.65,78.22
2024-01-29,3.87,7.2,0.0,7.2,1.81,7.15,7.19,78.63
2024-01-30,4.09,1.95,0.0,1.95,2.28,6.58,10.34,76.86
2024-01-31,5.32,1.71,0.0,1.71,2.29,9.01,11.95,74.45
2024-02-01,4.55,2.24,0.0,2.24,1.79,8.73,4.68,76.61
2024-02-02,4.68,0.0,0.0,0.0,-1.0,9.44,5.02,74.9
2024-02-03,6.48,0.28,0.0,0.28,4.17,9.53,5.27,70.95
2024-02-04,7.33,0.0,0.0,0.0,3.81,10.97,3.63,64.36
2024-02-05,10.13,0.08,0.0,0.08,5.43,14.32,8.27,62.49
2024-02-06,10.98,0.76,0.0,0.76,7.66,15.73,9.33,62.65
2024-02-07,12.46,0.0,0.0,0.0,5.99,21.28,8.72,51.96
2024-02-08,12.38,0.0,0.0,0.0,6.64,18.32,8.73,57.28
2024-02-09,12.79,0.0,0.0,0.0,8.27,19.14,5.98,61.99
2024-02-10,13.96,0.0,0.0,0.0,7.01,20.56,10.75,53.57
2024-02-11,15.04,0.0,0.0,0.0,10.32,21.06,8.88,47.41
2024-02-12,15.68,0.0,0.0,0.0,10.34,22.09,7.43,45.26
2024-02-13,15.03,0.13,0.0,0.13,10.6,20.61,6.51,52.48
2024-02-14,11.37,0.5,0.0,0.5,9.75,15.06,10.28,78.65
2024-02-15,9.82,2.77,0.0,2.77,8.84,11.59,6.14,89.14
2024-02-16,9.7,2.48,0.0,2.48,7.51,12.26,8.63,84.74
2024-02-17,8.48,1.05,0.0,1.05,6.96,9.96,9.19,84.17
2024-02-18,7.45,1.76,0.0,1.76,6.08,9.3,10.72,83.88
2024-02-19,7.23,0.26,0.0,0.26,5.61,8.82,9.78,76.13
2024-02-20,7.7,0.39,0.0,0.39,5.08,11.44,5.15,74.29
2024-02-21,8.38,0.0,0.0,0.0,5.56,12.48,4.95,71.02
2024-02-22,7.33,0.62,0.0,0.62,4.19,9.76,6.09,76.19
2024-02-23,7.92,0.59,0.0,0.59,2.26,14.69,6.05,64.99
2024-02-24,9.17,0.0,0.0,0.0,3.78,15.72,5.51,65.49
2024-02-25,8.8,0.0,0.0,0.0,3.1,14.76,5.05,70.71
2024-02-26,9.34,0.0,0.0,0.0,3.87,15.36,5.13,71.12
2024-02-27,10.18,0.0,0.0,0.0,4.7,15.2,5.8,64.79
2024-02-28,8.93,0.0,0.0,0.0,3.77,15.32,5.19,65.97
2024-02-29,8.66,0.0,0.0,0.0,2.08,15.72,4.68,60.35
2024-03-01,8.84,0.0,0.0,0.0,4.11,13.78,4.72,68.57
2024-03-02,10.38,0.04,0.0,0.04,5.64,15.38,4.68,70.91
2024-03-03,10.92,2.61,0.0,2.61,8.13,14.63,7.21,74.88
2024-03-04,10.1,1.71,0.0,1.71,7.54,12.9,4.04,84.61
2024-03-05,10.59,0.0,0.0,0.0,5.07,16.17,5.69,79.65
2024-03-06,10.79,4.03,0.0,4.03,8.41,13.55,10.17,74.4
2024-03-07,8.08,2.82,0.0,2.82,6.38,9.71,7.34,80.16
2024-03-08,8.62,0.39,0.0,0.39,6.11,12.39,5.28,79.49
2024-03-09,7.14,0.27,0.0,0.27,5.67,8.49,12.08,80.19
2024-03-10,7.29,0.97,0.0,0.97,3.82,10.61,3.9,71.82
2024-03-11,8.66,0.0,0.0,0.0,2.5,14.75,5.03,71.37
2024-03-12,11.04,0.0,0.0,0.0,4.77,18.48,7.43,68.98
2024-03-13,13.0,0.13,0.0,0.13,7.99,17.5,6.71,58.88
2024-03-14,11.25,0.85,0.0,0.85,8.81,14.52,5.88,77.65
2024-03-15,9.2,1.14,0.0,1.14,5.3,13.84,5.46,83.03
2024-03-16,9.05,2.94,0.0,2.94,7.56,11.07,9.04,84.93
2024-03-17,9.76,1.83,0.0,1.83,7.11,13.67,6.47,78.98
2024-03-18,9.6,0.0,0.0,0.0,5.01,15.43,8.05,76.48
2024-03-19,9.38,0.0,0.0,0.0,6.05,13.68,10.54,70.62
2024-03-20,8.4,0.0,0.0,0.0,2.44,13.66,8.01,70.75
2024-03-21,6.39,4.46,0.0,4.46,5.32,7.54,14.1,80.79
2024-03-22,6.28,4.97,0.0,4.97,4.11,9.11,6.71,79.3
2024-03-23,6.47,10.73,0.0,10.73,4.35,8.49,9.85,82.91
2024-03-24,8.39,0.66,0.0,0.66,2.92,14.05,5.42,71.81
2024-03-25,10.67,1.66,0.0,1.66,3.49,19.26,8.43,61.85
2024-03-26,10.18,5.81,0.0,5.81,5.63,14.37,11.73,61.0
2024-03-27,9.42,0.0,0.0,0.0,4.28,13.82,5.99,64.79
2024-03-28,13.59,0.03,0.0,0.03,7.25,20.74,7.72,67.83
2024-03-29,14.98,2.4,0.0,2.4,11.19,21.21,5.43,71.1
2024-03-30,15.38,0.0,0.0,0.0,10.11,21.18,5.39,66.88
2024-03-31,15.94,0.0,0.0,0.0,9.86,22.08,6.43,66.09
2024-04-01,16.54,0.0,0.0,0.0,10.1,23.82,5.02,62.67
2024-04-02,16.75,0.0,0.0,0.0,10.91,24.9,4.55,58.65
2024-04-03,16.13,0.46,0.0,0.46,11.34,23.11,12.69,58.61
2024-04-04,13.66,0.0,0.0,0.0,8.32,19.38,6.6,61.72
2024-04-05,12.65,0.59,0.0,0.59,9.87,16.24,12.69,69.96
2024-04-06,11.5,0.15,0.0,0.15,5.0,17.38,8.62,64.63
2024-04-07,11.12,0.0,0.0,0.0,5.78,15.93,12.19,66.75
2024-04-08,13.21,0.54,0.0,0.54,8.82,18.09,13.22,67.97
2024-04-09,12.96,0.0,0.0,0.0,7.77,18.3,10.2,73.5
2024-04-10,13.6,0.54,0.0,0.54,9.89,18.33,10.06,72.43
2024-04-11,14.06,0.82,0.0,0.82,10.82,17.15,9.05,79.57
2024-04-12,13.93,0.15,0.0,0.15,12.04,16.3,6.75,79.85
2024-04-13,14.64,0.0,0.0,0.0,10.82,19.79,7.89,76.11
2024-04-14,14.78,0.0,0.0,0.0,9.99,19.55,9.79,67.47
2024-04-15,15.78,0.0,0.0,0.0,8.4,22.61,5.83,57.94
2024-04-16,20.65,0.0,0.0,0.0,10.06,30.07,7.88,44.51
2024-04-17,21.16,0.0,0.0,0.0,13.14,30.21,5.89,41.96
2024-04-18,22.73,0.09,0.0,0.09,15.59,32.45,16.07,37.97
2024-04-19,16.28,0.0,0.0,0.0,13.6,20.99,15.58,70.95
2024-04-20,16.37,1.31,0.0,1.31,12.77,23.2,10.94,70.81
2024-04-21,15.18,0.0,0.0,0.0,11.65,20.45,14.25,63.63
2024-04-22,15.56,0.0,0.0,0.0,8.89,22.76,10.01,66.21
2024-04-23,16.73,0.0,0.0,0.0,10.51,23.63,6.19,60.28
2024-04-24,21.22,0.0,0.0,0.0,13.35,27.62,7.51,54.41
2024-04-25,24.11,0.0,0.0,0.0,16.97,31.62,5.01,40.2
2024-04-26,20.02,0.15,0.0,0.15,15.67,26.67,10.84,57.15
2024-04-27,16.88,0.0,0.0,0.0,14.15,20.93,12.68,74.86
2024-04-28,17.86,0.89,0.0,0.89,13.55,23.33,8.67,77.99
2024-04-29,16.46,1.72,0.0,1.72,14.66,19.94,10.48,85.53
2024-04-30,15.89,1.64,0.0,1.64,13.36,20.09,10.51,85.29
2024-05-01,16.01,2.23,0.0,2.23,13.72,20.46,10.26,80.12
2024-05-02,14.18,7.9,0.0,7.9,13.09,15.95,8.48,87.46
2024-05-03,13.96,11.14,0.0,11.14,12.68,15.56,5.58,90.46
2024-05-04,13.93,4.85,0.0,4.85,12.13,16.22,8.53,86.05
2024-05-05,12.9,6.44,0.0,6.44,9.33,16.26,16.54,70.06
2024-05-06,11.55,0.0,0.0,0.0,6.12,16.21,9.86,64.63
2024-05-07,13.47,0.0,0.0,0.0,7.21,19.42,4.8,63.45
2024-05-08,16.32,0.0,0.0,0.0,8.68,22.79,6.3,59.47
2024-05-09,16.79,0.18,0.0,0.18,9.75,22.91,6.57,60.57
2024-05-10,16.94,0.85,0.0,0.85,11.77,22.39,11.87,67.67
2024-05-11,16.24,4.23,0.0,4.23,13.09,21.12,11.93,75.97
2024-05-12,14.83,7.51,0.0,7.51,12.53,18.22,10.59,71.68
2024-05-13,13.71,0.04,0.0,0.04,9.38,19.08,11.36,71.59
2024-05-14,11.77,1.76,0.0,1.76,8.63,15.38,7.55,71.17
2024-05-15,13.07,0.0,0.0,0.0,7.2,18.74,9.02,66.88
2024-05-16,13.45,2.02,0.0,2.02,10.32,17.91,9.07,69.36
2024-05-17,14.26,0.59,0.0,0.59,7.64,19.46,7.2,69.64
2024-05-18,16.62,0.0,0.0,0.0,10.35,22.64,9.13,67.98
2024-05-19,17.17,0.0,0.0,0.0,12.22,22.1,10.15,67.53
2024-05-20,17.79,0.0,0.0,0.0,13.38,23.12,12.66,59.65
2024-05-21,17.8,0.0,0.0,0.0,11.28,24.06,9.11,56.33
2024-05-22,18.62,0.0,0.0,0.0,10.78,25.82,7.63,59.82
2024-05-23,19.81,0.0,0.0,0.0,13.96,25.49,7.46,66.26
2024-05-24,18.03,2.11,0.0,2.11,14.95,20.87,12.07,74.54
2024-05-25,17.65,1.39,0.0,1.39,15.1,21.16,9.64,76.54
2024-05-26,17.8,0.59,0.0,0.59,12.8,23.03,10.78,72.75
2024-05-27,16.85,1.01,0.0,1.01,11.8,20.96,9.02,75.28
2024-05-28,17.81,4.36,0.0,4.36,15.13,22.18,9.31,76.8
2024-05-29,19.05,3.47,0.0,3.47,13.99,24.14,5.69,76.97
2024-05-30,20.26,3.37,0.0,3.37,15.88,25.77,8.3,76.24
2024-05-31,19.97,0.36,0.0,0.36,15.65,24.92,6.71,75.7
2024-06-01,21.43,0.0,0.0,0.0,14.49,27.67,5.48,65.15
2024-06-02,22.81,0.0,0.0,0.0,16.09,28.68,7.09,61.42
2024-06-03,22.92,0.0,0.0,0.0,16.78,28.8,6.4,63.93
2024-06-04,23.21,0.0,0.0,0.0,16.0,29.91,6.55,62.77
2024-06-05,24.07,0.0,0.0,0.0,17.11,30.96,8.08,63.22
2024-06-06,24.21,0.0,0.0,0.0,17.95,29.78,8.05,63.77
2024-06-07,23.92,0.72,0.0,0.72,19.3,28.29,10.72,62.84
2024-06-08,23.27,0.04,0.0,0.04,19.1,27.92,11.17,62.71
2024-06-09,23.29,0.0,0.0,0.0,16.84,28.35,9.8,62.94
2024-06-10,24.45,0.0,0.0,0.0,16.42,30.37,6.74,58.12
2024-06-11,24.74,0.0,0.0,0.0,17.35,31.04,7.8,56.79
2024-06-12,26.28,0.0,0.0,0.0,18.77,32.7,7.73,56.66
2024-06-13,26.11,0.0,0.0,0.0,20.15,31.81,7.31,59.47
2024-06-14,27.42,0.22,0.0,0.22,20.59,34.53,6.75,62.28
2024-06-15,23.93,0.0,0.0,0.0,19.66,29.11,11.4,65.1
2024-06-16,22.76,0.0,0.0,0.0,18.48,27.81,10.92,68.99
2024-06-17,23.77,0.0,0.0,0.0,18.37,28.49,12.05,67.84
2024-06-18,24.51,0.0,0.0,0.0,20.07,29.44,13.19,69.22
2024-06-19,24.22,0.0,0.0,0.0,17.62,29.31,11.66,65.85
2024-06-20,25.12,0.0,0.0,0.0,18.12,30.59,9.82,65.0
2024-06-21,24.09,0.0,0.0,0.0,19.45,28.52,12.78,63.41
2024-06-22,22.74,0.0,0.0,0.0,16.27,27.98,12.72,61.9
2024-06-23,23.68,0.0,0.0,0.0,16.46,29.94,12.17,62.11
2024-06-24,24.65,0.0,0.0,0.0,16.18,32.03,9.21,62.26
2024-06-25,24.47,0.0,0.0,0.0,18.33,29.66,13.85,68.1
2024-06-26,23.32,0.84,0.0,0.84,19.98,27.61,13.28,66.31
2024-06-27,22.87,0.0,0.0,0.0,15.04,29.23,8.77,58.32
2024-06-28,23.66,0.09,0.0,0.09,16.44,29.93,10.92,57.2
2024-06-29,23.86,0.0,0.0,0.0,17.71,28.24,14.12,62.29
2024-06-30,24.57,0.0,0.0,0.0,20.01,28.81,15.49,61.67
2024-07-01,24.68,0.0,0.0,0.0,19.16,29.81,12.82,63.43
2024-07-02,25.45,0.0,0.0,0.0,19.21,30.83,10.15,57.27
2024-07-03,25.78,0.0,0.0,0.0,17.35,32.3,8.14,58.12
2024-07-04,27.0,0.21,0.0,0.21,22.25,33.85,10.14,62.26
2024-07-05,24.55,1.0,0.0,1.0,21.23,29.55,13.87,70.75
2024-07-06,23.45,1.48,0.0,1.48,20.0,27.84,11.22,74.23
2024-07-07,25.02,10.86,0.0,10.86,20.81,29.17,14.25,69.32
2024-07-08,25.65,0.0,0.0,0.0,21.18,31.04,13.1,72.77
2024-07-09,25.98,0.45,0.0,0.45,20.82,31.32,11.46,71.56
2024-07-10,26.18,0.27,0.0,0.27,21.77,31.32,9.51,72.93
2024-07-11,26.11,0.99,0.0,0.99,21.32,31.65,6.6,73.78
2024-07-12,26.75,0.27,0.0,0.27,21.75,31.7,8.39,71.09
2024-07-13,26.88,0.04,0.0,0.04,21.55,31.32,10.1,71.86
2024-07-14,27.09,0.0,0.0,0.0,22.12,31.74,13.71,64.35
2024-07-15,26.41,0.08,0.0,0.08,21.66,32.06,13.17,56.77
2024-07-16,26.65,1.38,0.0,1.38,22.89,31.65,10.42,67.25
2024-07-17,27.38,0.66,0.0,0.66,21.97,32.39,9.68,69.11
2024-07-18,27.76,0.0,0.0,0.0,23.05,33.04,10.91,70.33
2024-07-19,28.5,0.0,0.0,0.0,22.38,33.34,12.73,62.72
2024-07-20,28.2,0.0,0.0,0.0,21.93,32.99,12.7,64.34
2024-07-21,28.17,0.0,0.0,0.0,22.3,33.59,8.21,65.16
2024-07-22,27.78,0.0,0.0,0.0,22.17,33.35,9.08,65.15
2024-07-23,27.04,0.24,0.0,0.24,21.34,33.09,10.6,65.25
2024-07-24,26.57,0.31,0.0,0.31,22.51,31.24,11.91,67.93
2024-07-25,26.26,0.15,0.0,0.15,20.6,31.73,9.78,64.57
2024-07-26,24.75,3.9,0.0,3.9,21.94,29.42,6.39,71.58
2024-07-27,23.79,11.84,0.0,11.84,19.93,27.7,8.78,72.4
2024-07-28,25.63,0.21,0.0,0.21,20.81,30.46,12.79,62.17
2024-07-29,25.17,0.0,0.0,0.0,17.89,31.54,9.59,56.12
2024-07-30,24.92,0.13,0.0,0.13,18.06,30.46,12.8,58.84
2024-07-31,24.25,0.08,0.0,0.08,19.37,29.49,13.57,61.19
2024-08-01,25.08,0.0,0.0,0.0,20.16,30.12,10.62,61.74
2024-08-02,25.2,0.0,0.0,0.0,17.11,32.52,8.77,62.33
2024-08-03,26.15,0.0,0.0,0.0,18.49,33.09,8.79,60.9
2024-08-04,26.52,0.0,0.0,0.0,18.81,34.23,9.99,61.51
2024-08-05,25.8,0.32,0.0,0.32,19.36,32.69,12.3,65.86
2024-08-06,25.27,0.15,0.0,0.15,20.15,31.39,11.6,70.43
2024-08-07,25.81,0.0,0.0,0.0,19.61,31.7,10.94,68.33
2024-08-08,25.86,0.0,0.0,0.0,19.61,32.33,11.27,66.63
2024-08-09,26.83,0.0,0.0,0.0,21.71,32.92,11.06,65.74
2024-08-10,26.77,0.0,0.0,0.0,19.64,32.67,11.05,62.84
2024-08-11,26.39,0.0,0.0,0.0,19.76,31.54,12.38,61.57
2024-08-12,25.46,0.0,0.0,0.0,19.77,31.02,12.14,64.11
2024-08-13,26.73,0.0,0.0,0.0,20.4,33.1,9.82,63.71
2024-08-14,25.74,0.0,0.0,0.0,17.72,32.57,9.94,60.97
2024-08-15,25.76,0.0,0.0,0.0,20.32,30.96,12.2,61.96
2024-08-16,25.04,0.0,0.0,0.0,19.78,29.93,12.77,56.75
2024-08-17,25.08,0.0,0.0,0.0,17.53,30.39,12.13,56.53
2024-08-18,25.84,0.0,0.0,0.0,18.14,32.48,7.63,61.67
2024-08-19,26.89,0.0,0.0,0.0,19.25,34.08,7.31,62.01
2024-08-20,27.99,0.0,0.0,0.0,19.47,34.97,8.41,61.87
2024-08-21,28.28,0.0,0.0,0.0,21.11,36.29,8.63,65.67
2024-08-22,27.83,0.0,0.0,0.0,23.79,33.91,15.43,65.53
2024-08-23,27.1,0.0,0.0,0.0,22.64,31.81,13.8,67.02
2024-08-24,26.18,1.15,0.0,1.15,21.85,30.98,12.64,64.66
2024-08-25,24.09,5.84,0.0,5.84,20.7,28.36,9.21,70.3
2024-08-26,24.14,6.56,0.0,6.56,19.97,30.02,8.19,70.63
2024-08-27,25.28,0.77,0.0,0.77,18.91,31.3,8.27,71.79
2024-08-28,24.67,0.09,0.0,0.09,21.24,29.16,11.73,69.55
2024-08-29,26.0,0.29,0.0,0.29,21.17,31.92,8.37,69.77
2024-08-30,25.55,0.08,0.0,0.08,21.18,30.82,7.47,71.82
2024-08-31,26.11,0.0,0.0,0.0,21.12,31.62,9.57,69.47
2024-09-01,25.96,0.0,0.0,0.0,19.24,31.86,10.15,70.09
2024-09-02,25.02,0.0,0.0,0.0,20.26,31.28,7.0,73.68
2024-09-03,25.08,0.88,0.0,0.88,19.84,30.67,8.89,71.27
2024-09-04,24.94,0.0,0.0,0.0,19.91,30.73,9.88,70.69
2024-09-05,24.22,0.13,0.0,0.13,19.0,30.06,10.49,69.77
2024-09-06,24.56,0.13,0.0,0.13,18.44,30.74,8.83,70.37
2024-09-07,24.46,0.27,0.0,0.27,18.79,30.51,8.62,71.16
2024-09-08,23.86,0.35,0.0,0.35,19.67,30.32,7.88,72.6
2024-09-09,24.38,1.76,0.0,1.76,19.16,30.32,6.06,74.5
2024-09-10,26.29,0.0,0.0,0.0,19.14,33.11,7.1,67.92
2024-09-11,26.45,0.0,0.0,0.0,19.85,33.81,5.69,60.17
2024-09-12,25.71,0.39,0.0,0.39,20.46,32.62,8.55,64.31
2024-09-13,25.23,0.21,0.0,0.21,20.48,30.99,8.22,69.32
2024-09-14,26.11,0.0,0.0,0.0,19.34,33.57,7.55,65.33
2024-09-15,26.26,0.0,0.0,0.0,19.95,32.71,6.91,67.18
2024-09-16,22.31,2.46,0.0,2.46,19.04,26.37,12.15,70.46
2024-09-17,22.19,4.23,0.0,4.23,15.94,28.23,9.72,66.54
2024-09-18,21.9,0.0,0.0,0.0,16.86,27.78,7.04,70.16
2024-09-19,19.87,9.94,0.0,9.94,17.57,23.76,8.12,81.31
2024-09-20,19.79,3.46,0.0,3.46,15.21,24.99,7.46,74.6
2024-09-21,20.35,11.58,0.0,11.58,15.92,25.23,9.27,69.73
2024-09-22,18.04,10.31,0.0,10.31,14.51,22.7,6.14,76.93
2024-09-23,18.03,16.48,0.0,16.48,15.71,20.33,6.63,84.13
2024-09-24,20.37,18.58,0.0,18.58,15.71,25.81,8.18,73.25
2024-09-25,21.25,4.24,0.0,4.24,14.46,26.9,5.94,72.63
2024-09-26,21.41,0.0,0.0,0.0,14.76,28.47,5.36,73.02
2024-09-27,21.72,0.0,0.0,0.0,15.22,28.61,6.87,71.19
2024-09-28,21.5,0.0,0.0,0.0,14.78,29.27,7.52,67.08
2024-09-29,21.16,0.0,0.0,0.0,13.72,29.29,4.52,64.07
2024-09-30,20.22,4.9,0.0,4.9,14.51,28.34,10.42,69.73
2024-10-01,18.53,10.7,0.0,10.7,14.21,24.43,6.38,70.25
2024-10-02,18.44,0.41,0.0,0.41,14.32,23.18,7.2,66.76
2024-10-03,19.76,1.08,0.0,1.08,13.72,25.85,4.17,72.64
2024-10-04,20.5,0.0,0.0,0.0,14.55,27.51,4.23,73.5
2024-10-05,21.14,0.0,0.0,0.0,15.39,28.1,4.85,71.41
2024-10-06,21.93,0.0,0.0,0.0,15.25,29.82,4.04,68.18
2024-10-07,21.39,0.13,0.0,0.13,15.38,27.99,9.33,66.85
2024-10-08,19.87,0.76,0.0,0.76,17.15,23.1,6.88,76.44
2024-10-09,20.71,0.0,0.0,0.0,15.06,27.86,5.35,75.33
2024-10-10,20.48,0.0,0.0,0.0,15.74,26.21,4.72,69.72
2024-10-11,21.06,0.0,0.0,0.0,15.12,27.54,6.3,69.78
2024-10-12,21.13,0.0,0.0,0.0,15.6,28.1,4.6,70.87
2024-10-13,19.36,4.23,0.0,4.23,16.75,24.0,10.97,77.88
2024-10-14,17.65,2.17,0.0,2.17,15.78,20.6,9.61,76.15
2024-10-15,17.93,0.68,0.0,0.68,13.44,23.26,7.31,73.31
2024-10-16,17.03,1.33,0.0,1.33,11.64,22.81,9.81,73.52
2024-10-17,13.33,3.62,0.0,3.62,10.2,17.18,11.47,71.05
2024-10-18,10.71,14.27,0.0,14.27,7.96,14.0,7.62,74.15
2024-10-19,10.76,10.12,0.0,10.12,5.79,16.21,8.04,69.62
2024-10-20,12.23,8.52,0.0,8.52,9.42,15.51,11.03,64.47
2024-10-21,11.44,8.9,0.0,8.9,9.44,13.15,10.2,77.18
2024-10-22,12.73,8.62,0.0,8.62,10.26,16.56,8.7,75.08
2024-10-23,13.74,0.15,0.0,0.15,9.98,18.32,3.21,72.72
2024-10-24,13.11,0.0,0.0,0.0,8.62,18.37,5.44,75.45
2024-10-25,13.52,0.28,0.0,0.28,9.76,18.68,6.12,74.96
2024-10-26,12.49,0.0,0.0,0.0,8.39,16.91,6.14,75.12
2024-10-27,12.92,1.21,0.0,1.21,8.19,19.57,4.46,75.73
2024-10-28,12.7,0.0,0.0,0.0,6.27,19.51,3.74,73.01
2024-10-29,13.21,0.0,0.0,0.0,7.26,20.13,6.03,73.71
2024-10-30,14.41,0.51,0.0,0.51,12.24,18.22,5.04,77.45
2024-10-31,13.62,0.13,0.0,0.13,9.42,18.95,7.25,77.45
2024-11-01,13.28,0.0,0.0,0.0,8.04,19.26,4.64,74.8
2024-11-02,13.33,0.0,0.0,0.0,7.64,20.26,2.8,74.22
2024-11-03,10.01,2.35,0.0,2.35,7.58,14.02,12.16,74.84
2024-11-04,9.53,6.35,0.0,6.35,5.94,14.06,6.69,66.78
2024-11-05,8.15,3.22,0.0,3.22,5.22,10.83,11.54,68.66
2024-11-06,7.96,0.38,0.0,0.38,1.61,14.46,5.6,69.49
2024-11-07,9.27,0.0,0.0,0.0,2.53,16.4,6.98,69.64
2024-11-08,9.62,0.0,0.0,0.0,4.18,17.26,6.17,73.26
2024-11-09,10.31,0.0,0.0,0.0,4.08,17.28,6.08,75.63
2024-11-10,10.46,0.0,0.0,0.0,6.37,15.68,3.97,78.32
2024-11-11,11.46,0.09,0.0,0.09,8.48,15.62,7.05,78.2
2024-11-12,10.38,0.53,0.0,0.53,7.15,15.01,4.16,82.18
2024-11-13,10.35,0.0,0.0,0.0,5.62,15.81,3.12,81.96
2024-11-14,10.55,0.12,0.0,0.12,6.65,14.47,2.71,81.89
2024-11-15,11.81,1.97,0.0,1.97,9.07,15.57,3.19,84.32
2024-11-16,10.41,6.34,0.0,6.34,9.07,12.59,7.64,87.35
2024-11-17,10.21,1.4,0.0,1.4,6.18,14.55,5.21,80.3
2024-11-18,11.71,0.67,0.0,0.67,9.38,14.05,4.97,84.17
2024-11-19,12.05,2.32,0.0,2.32,9.64,14.49,4.53,88.73
2024-11-20,11.71,0.0,0.0,0.0,8.03,16.65,7.24,79.87
2024-11-21,15.97,0.26,0.0,0.26,9.6,20.97,14.92,55.03
2024-11-22,14.31,6.84,0.0,6.84,11.04,18.07,10.63,78.53
2024-11-23,15.47,5.21,0.0,5.21,8.49,22.34,16.06,63.06
2024-11-24,5.12,32.64,0.0,32.64,3.47,7.28,17.19,78.71
2024-11-25,4.42,17.21,0.0,17.21,1.99,6.62,12.41,75.59
2024-11-26,4.71,9.28,0.0,9.28,3.76,5.79,6.86,87.67
2024-11-27,5.58,2.67,0.0,2.67,2.59,9.66,7.29,69.91
2024-11-28,5.25,0.0,0.0,0.0,3.22,6.8,6.06,72.79
2024-11-29,7.14,0.33,0.0,0.33,4.54,11.49,6.01,71.94
2024-11-30,7.52,0.0,0.0,0.0,4.79,12.06,5.94,66.85
2024-12-01,6.48,0.08,0.0,0.08,4.63,9.72,5.93,69.28
2024-12-02,5.31,0.0,0.0,0.0,3.29,8.56,8.11,68.14
2024-12-03,5.24,0.0,0.0,0.0,2.49,9.01,6.18,69.13
2024-12-04,6.27,1.11,0.0,1.11,3.19,9.46,4.66,77.82
2024-12-05,7.94,0.66,0.0,0.66,5.45,11.17,3.6,85.6
2024-12-06,8.89,0.72,0.0,0.72,6.39,12.41,6.37,83.59
2024-12-07,9.92,0.0,0.0,0.0,5.66,14.6,7.41,70.56
2024-12-08,12.06,0.51,0.0,0.51,8.4,18.64,5.78,64.22
2024-12-09,14.64,0.36,0.0,0.36,9.77,20.97,6.42,63.14
2024-12-10,13.15,0.0,0.0,0.0,10.13,18.28,5.81,65.67
2024-12-11,10.72,1.14,0.0,1.14,8.93,15.26,4.98,78.71
2024-12-12,8.81,2.3,0.0,2.3,7.07,12.53,7.96,82.57
2024-12-13,6.05,3.4,0.0,3.4,3.23,9.52,17.22,73.02
2024-12-14,3.37,0.67,0.0,0.67,0.11,7.67,8.78,62.43
2024-12-15,5.75,0.28,0.0,0.28,0.42,9.75,8.04,57.51
2024-12-16,6.68,7.24,0.0,7.24,4.61,9.19,6.05,82.67
2024-12-17,7.79,0.49,0.0,0.49,3.1,12.59,7.65,68.82
2024-12-18,8.1,0.0,0.0,0.0,5.28,12.01,8.62,74.21
2024-12-19,7.19,0.0,0.0,0.0,2.96,13.14,5.77,78.49
2024-12-20,7.41,0.0,0.0,0.0,3.31,12.57,6.65,74.65
2024-12-21,9.11,0.09,0.0,0.09,4.02,14.11,8.84,65.61
2024-12-22,10.18,0.48,0.0,0.48,6.94,13.92,7.89,73.83
2024-12-23,8.13,0.27,0.0,0.27,5.47,10.92,4.96,82.12
2024-12-24,10.74,0.0,0.0,0.0,5.71,16.49,6.87,69.28
2024-12-25,12.46,0.0,0.0,0.0,8.45,17.92,5.74,63.75
2024-12-26,10.22,0.0,0.0,0.0,7.66,15.15,5.66,71.7
2024-12-27,8.07,1.69,0.0,1.69,6.77,9.62,14.52,83.19
2024-12-28,7.06,1.96,0.0,1.96,5.73,8.39,8.7,85.2
2024-12-29,7.0,1.03,0.0,1.03,5.95,8.42,7.78,84.14
2024-12-30,6.46,6.03,0.0,6.03,5.71,8.17,13.21,81.2
2024-12-31,6.16,1.5,0.0,1.5,3.1,9.78,6.2,75.96
2025-01-01,4.63,0.0,0.0,0.0,-0.05,11.08,3.29,75.99
2025-01-02,6.17,0.0,0.0,0.0,1.97,13.66,5.21,67.95
2025-01-03,7.34,0.0,0.0,0.0,2.06,13.66,6.89,61.22
2025-01-04,9.58,0.08,0.0,0.08,4.48,14.74,10.76,60.97
2025-01-05,5.98,5.13,0.0,5.13,4.4,7.47,9.83,84.73
2025-01-06,7.01,0.68,0.0,0.68,2.91,11.78,4.61,79.48
2025-01-07,7.91,0.0,0.0,0.0,3.76,13.62,6.18,67.52
2025-01-08,8.61,0.0,0.0,0.0,3.7,14.6,4.2,67.62
2025-01-09,9.28,0.0,0.0,0.0,5.66,15.49,4.72,70.13
2025-01-10,7.94,0.0,0.0,0.0,3.85,14.12,4.29,75.52
2025-01-11,8.51,0.0,0.0,0.0,3.72,16.04,5.29,69.58
2025-01-12,9.69,0.03,0.0,0.03,7.02,13.55,4.39,78.24
2025-01-13,9.28,4.76,0.0,4.76,6.0,14.61,10.86,81.61
2025-01-14,5.5,12.18,0.0,12.18,4.62,6.16,13.75,83.87
2025-01-15,6.29,2.63,0.0,2.63,4.75,7.82,5.27,84.13
2025-01-16,6.93,2.1,0.0,2.1,5.19,9.05,7.92,89.47
2025-01-17,6.47,1.1,0.0,1.1,3.24,9.15,8.14,76.92
2025-01-18,6.06,0.0,0.0,0.0,3.31,9.5,7.48,79.12
2025-01-19,6.62,0.69,0.0,0.69,2.94,10.52,12.07,76.79
2025-01-20,6.03,1.99,0.0,1.99,2.5,9.54,7.17,72.57
2025-01-21,5.54,0.0,0.0,0.0,0.73,12.45,6.75,70.33
2025-01-22,6.61,0.03,0.0,0.03,1.56,10.14,3.83,71.88
2025-01-23,7.71,6.98,0.0,6.98,5.98,9.4,4.01,84.18
2025-01-24,8.7,1.69,0.0,1.69,6.01,13.1,4.15,78.94
2025-01-25,9.62,0.0,0.0,0.0,6.32,13.81,4.32,74.18
2025-01-26,8.99,0.37,0.0,0.37,5.59,13.26,3.92,84.13
2025-01-27,6.77,0.0,0.0,0.0,3.3,12.3,5.39,83.2
2025-01-28,6.83,0.0,0.0,0.0,3.26,12.55,4.0,79.78
2025-01-29,8.16,0.0,0.0,0.0,3.47,14.95,5.46,68.09
2025-01-30,7.78,0.0,0.0,0.0,2.76,15.26,3.5,67.94
2025-01-31,7.01,0.0,0.0,0.0,2.83,13.74,3.23,73.04
2025-02-01,6.93,0.0,0.0,0.0,2.25,13.29,4.7,71.0
2025-02-02,7.76,0.28,0.0,0.28,4.89,12.13,5.56,77.01
2025-02-03,7.27,0.09,0.0,0.09,2.45,12.9,4.11,79.87
2025-02-04,4.54,4.4,0.0,4.4,2.61,6.5,13.96,81.29
2025-02-05,2.97,3.45,0.0,3.45,1.16,5.61,9.52,78.5
2025-02-06,3.29,4.83,0.0,4.83,0.79,5.8,17.1,71.25
2025-02-07,3.28,4.97,0.0,4.97,0.76,5.85,10.16,82.28
2025-02-08,3.73,3.83,0.0,3.83,0.42,6.83,8.34,77.41
2025-02-09,3.97,1.95,0.0,1.95,2.06,7.21,7.35,79.82
2025-02-10,3.57,1.84,0.0,1.84,1.78,6.18,8.93,80.49
2025-02-11,3.04,4.91,0.0,4.91,1.93,4.16,6.44,85.73
2025-02-12,4.06,3.72,0.0,3.72,2.81,5.53,5.26,91.81
2025-02-13,5.02,5.1,0.0,5.1,3.19,7.32,11.88,81.83
2025-02-14,5.21,0.09,0.0,0.09,0.75,10.44,5.65,69.98
2025-02-15,8.1,0.13,0.0,0.13,4.14,14.02,7.92,61.29
2025-02-16,7.03,0.3,0.0,0.3,4.53,10.73,6.71,78.25
2025-02-17,5.4,3.47,0.0,3.47,1.88,9.36,8.35,87.89
2025-02-18,2.59,11.59,0.0,11.59,0.82,4.94,11.94,86.09
2025-02-19,2.21,2.71,0.0,2.71,0.92,4.09,14.93,71.51
2025-02-20,-0.15,2.44,2.44,0.0,-2.5,2.46,11.49,76.33
2025-02-21,-1.56,3.91,3.91,0.0,-4.95,2.43,7.47,76.03
2025-02-22,-1.68,5.81,5.81,0.0,-4.3,1.84,12.91,72.83
2025-02-23,-2.0,7.89,7.89,0.0,-5.2,1.88,11.4,78.27
2025-02-24,-1.26,1.91,1.91,0.0,-4.19,2.34,9.15,73.33
2025-02-25,1.18,0.99,0.99,0.0,-3.77,7.06,7.83,58.47
2025-02-26,1.84,0.72,0.72,0.0,-2.65,7.09,4.82,69.53
2025-02-27,3.58,0.33,0.0,0.33,-2.32,9.4,4.87,71.14
2025-02-28,5.47,0.18,0.0,0.18,2.9,8.4,5.56,75.51
2025-03-01,4.66,0.0,0.0,0.0,0.28,10.6,3.85,77.9
2025-03-02,5.71,0.0,0.0,0.0,0.01,11.84,3.43,75.41
2025-03-03,5.72,3.84,0.0,3.84,3.51,8.04,11.3,81.06
2025-03-04,5.11,1.08,0.0,1.08,2.63,8.43,10.15,71.97
2025-03-05,4.97,0.0,0.0,0.0,-0.77,11.68,4.74,72.45
2025-03-06,7.1,0.0,0.0,0.0,0.6,15.37,4.82,65.23
2025-03-07,8.39,0.0,0.0,0.0,1.24,16.06,8.07,56.07
2025-03-08,8.34,0.0,0.0,0.0,2.07,15.03,6.95,61.92
2025-03-09,9.22,0.0,0.0,0.0,2.8,16.42,3.81,71.4
2025-03-10,10.49,0.0,0.0,0.0,4.59,17.8,4.8,72.26
2025-03-11,10.86,0.0,0.0,0.0,4.42,18.67,4.16,67.33
2025-03-12,14.6,0.0,0.0,0.0,6.12,22.73,6.51,54.19
2025-03-13,17.25,0.0,0.0,0.0,9.5,27.09,6.94,42.03
2025-03-14,17.01,0.0,0.0,0.0,11.02,24.63,4.75,43.4
2025-03-15,16.37,0.0,0.0,0.0,8.95,25.72,3.54,50.99
2025-03-16,19.92,0.0,0.0,0.0,11.3,30.94,6.17,46.72
2025-03-17,16.8,0.0,0.0,0.0,12.12,23.1,9.49,45.81
2025-03-18,10.49,1.4,0.0,1.4,5.78,15.15,15.09,68.34
2025-03-19,3.8,2.29,0.0,2.29,2.12,5.78,16.52,80.0
2025-03-20,3.5,0.8,0.0,0.8,1.69,5.26,13.28,78.55
2025-03-21,4.78,0.9,0.0,0.9,3.31,5.88,10.99,72.8
2025-03-22,6.05,0.91,0.0,0.91,3.45,9.25,5.72,75.57
2025-03-23,7.46,0.0,0.0,0.0,0.67,14.4,4.53,72.92
2025-03-24,10.86,0.0,0.0,0.0,5.49,16.66,6.73,70.1
2025-03-25,15.13,0.22,0.0,0.22,10.92,20.68,4.34,68.47
2025-03-26,14.79,0.0,0.0,0.0,10.23,19.66,4.13,68.0
2025-03-27,14.58,0.0,0.0,0.0,9.05,20.73,3.25,68.15
2025-03-28,15.35,0.04,0.0,0.04,8.93,21.37,5.73,67.59
2025-03-29,15.75,0.6,0.0,0.6,10.52,21.7,9.38,66.0
2025-03-30,12.26,0.44,0.0,0.44,9.73,14.89,4.9,83.34
2025-03-31,11.32,3.51,0.0,3.51,7.71,15.48,5.54,84.7
2025-04-01,13.27,0.38,0.0,0.38,8.19,18.07,5.57,73.17
2025-04-02,12.8,1.71,0.0,1.71,9.39,17.74,6.85,79.28
2025-04-03,11.35,5.74,0.0,5.74,9.73,14.46,7.57,90.55
2025-04-04,10.96,0.88,0.0,0.88,9.28,13.89,7.72,83.75
2025-04-05,10.47,5.0,0.0,5.0,7.18,14.26,4.58,89.04
2025-04-06,12.42,3.46,0.0,3.46,7.54,18.4,7.2,79.43
2025-04-07,11.98,0.18,0.0,0.18,6.69,17.3,8.3,74.57
2025-04-08,6.21,2.55,0.0,2.55,3.48,9.68,17.19,80.38
2025-04-09,4.05,11.4,0.0,11.4,2.43,6.52,6.62,89.67
2025-04-10,6.74,3.96,0.0,3.96,3.51,10.88,7.36,68.9
2025-04-11,3.1,10.02,0.0,10.02,0.14,8.11,9.89,80.49
2025-04-12,3.26,6.32,0.0,6.32,-2.33,8.14,9.16,68.86
2025-04-13,5.54,3.81,0.0,3.81,1.7,9.91,5.64,77.33
2025-04-14,7.03,4.25,0.0,4.25,3.75,11.22,9.54,80.18
2025-04-15,10.53,0.0,0.0,0.0,5.53,15.35,12.56,69.3
2025-04-16,11.35,0.0,0.0,0.0,8.26,14.94,6.11,75.16
2025-04-17,11.13,0.0,0.0,0.0,6.03,17.35,6.01,78.59
2025-04-18,12.38,0.0,0.0,0.0,7.07,18.78,5.9,77.13
2025-04-19,12.28,2.47,0.0,2.47,7.69,17.94,6.16,80.47
2025-04-20,11.82,3.02,0.0,3.02,8.99,14.29,7.25,83.82
2025-04-21,12.04,1.06,0.0,1.06,6.69,18.05,4.52,80.97
2025-04-22,13.04,0.09,0.0,0.09,8.0,18.15,5.82,82.21
2025-04-23,13.02,0.63,0.0,0.63,10.01,16.94,5.93,85.22
2025-04-24,13.61,2.12,0.0,2.12,10.3,18.54,7.47,82.48
2025-04-25,12.1,8.98,0.0,8.98,10.6,14.18,7.09,90.19
2025-04-26,13.24,3.55,0.0,3.55,8.03,17.85,4.89,84.05
2025-04-27,11.95,0.85,0.0,0.85,7.63,16.63,10.45,83.82
2025-04-28,10.11,0.17,0.0,0.17,5.39,14.24,16.75,64.0
2025-04-29,9.32,0.0,0.0,0.0,3.01,15.29,12.72,69.27
2025-04-30,10.58,0.04,0.0,0.04,4.4,17.22,9.37,76.0
2025-05-01,11.84,0.09,0.0,0.09,8.45,16.9,6.21,85.86
2025-05-02,12.29,2.41,0.0,2.41,9.5,16.05,10.99,88.57
2025-05-03,11.89,6.99,0.0,6.99,8.22,15.64,9.11,78.02
2025-05-04,12.08,0.09,0.0,0.09,4.32,18.86,4.48,68.64
2025-05-05,14.31,0.0,0.0,0.0,7.77,21.05,6.08,69.62
2025-05-06,14.64,0.0,0.0,0.0,7.4,21.52,4.66,67.12
2025-05-07,17.87,2.52,0.0,2.52,11.06,26.12,5.47,72.76
2025-05-08,18.16,1.9,0.0,1.9,13.1,23.03,5.09,74.98
2025-05-09,18.33,0.54,0.0,0.54,12.86,26.92,7.76,69.96
2025-05-10,15.32,5.23,0.0,5.23,11.35,20.87,8.92,85.71
2025-05-11,13.21,2.11,0.0,2.11,11.35,16.93,10.13,88.24
2025-05-12,12.73,0.85,0.0,0.85,10.84,15.56,7.13,86.35
2025-05-13,12.31,0.77,0.0,0.77,9.14,16.22,14.01,77.68
2025-05-14,12.69,0.85,0.0,0.85,6.79,17.76,8.83,71.21
2025-05-15,13.87,0.0,0.0,0.0,8.52,19.34,5.59,70.61
2025-05-16,15.76,0.04,0.0,0.04,8.37,21.94,9.0,70.34
2025-05-17,19.99,0.0,0.0,0.0,13.01,31.5,9.79,59.45
2025-05-18,15.6,2.16,0.0,2.16,11.0,20.07,8.48,79.55
2025-05-19,14.97,3.26,0.0,3.26,7.85,21.03,6.39,72.39
2025-05-20,15.58,0.04,0.0,0.04,8.2,25.24,11.36,70.33
2025-05-21,16.17,0.0,0.0,0.0,9.43,22.4,8.54,63.91
2025-05-22,17.31,0.0,0.0,0.0,9.63,24.33,7.52,64.75
2025-05-23,19.61,0.0,0.0,0.0,11.98,26.96,7.38,62.65
2025-05-24,20.59,0.0,0.0,0.0,12.85,27.66,7.64,60.34
2025-05-25,21.68,0.0,0.0,0.0,14.29,29.62,7.74,57.61
2025-05-26,21.59,0.44,0.0,0.44,15.71,27.22,6.29,66.85
2025-05-27,17.15,0.74,0.0,0.74,14.72,21.69,15.78,78.36
2025-05-28,18.29,0.44,0.0,0.44,14.14,23.19,8.12,65.03
2025-05-29,17.96,0.04,0.0,0.04,11.51,24.68,8.76,64.11
2025-05-30,17.4,0.0,0.0,0.0,12.58,23.18,8.71,69.73
2025-05-31,18.0,0.13,0.0,0.13,11.85,24.27,8.64,70.87
2025-06-01,17.17,0.36,0.0,0.36,13.05,20.97,9.8,79.17
2025-06-02,18.83,0.74,0.0,0.74,14.81,23.71,9.19,73.7
2025-06-03,19.5,0.19,0.0,0.19,13.72,25.79,9.16,67.06
2025-06-04,19.78,0.0,0.0,0.0,12.1,26.78,7.94,60.54
2025-06-05,20.6,0.0,0.0,0.0,12.47,28.04,7.12,55.85
2025-06-06,20.6,0.0,0.0,0.0,13.31,27.93,8.62,62.3
2025-06-07,20.54,0.0,0.0,0.0,12.23,28.44,8.88,61.24
2025-06-08,19.77,0.0,0.0,0.0,11.81,27.55,8.46,59.89
2025-06-09,21.17,0.0,0.0,0.0,12.71,28.81,8.01,60.46
2025-06-10,22.32,0.0,0.0,0.0,14.66,29.05,11.35,63.07
2025-06-11,23.28,0.0,0.0,0.0,17.8,29.34,11.35,71.13
2025-06-12,23.04,0.0,0.0,0.0,16.34,30.12,9.77,71.98
2025-06-13,22.06,0.0,0.0,0.0,17.76,26.62,16.2,69.31
2025-06-14,19.94,0.0,0.0,0.0,16.75,24.05,13.66,61.77
2025-06-15,19.86,0.13,0.0,0.13,14.2,25.68,10.77,63.81
2025-06-16,19.23,1.58,0.0,1.58,13.56,24.54,8.34,63.21
2025-06-17,20.08,2.34,0.0,2.34,12.86,26.37,9.16,63.28
2025-06-18,21.41,0.0,0.0,0.0,13.72,28.41,9.01,63.82
2025-06-19,21.79,0.0,0.0,0.0,14.72,28.19,8.38,61.12
2025-06-20,22.16,0.0,0.0,0.0,13.41,29.93,9.9,56.69
2025-06-21,20.4,1.07,0.0,1.07,15.01,25.75,13.34,60.63
2025-06-22,19.73,0.26,0.0,0.26,13.73,25.39,12.79,61.49
2025-06-23,20.45,0.0,0.0,0.0,12.55,27.47,8.2,59.55
2025-06-24,21.69,0.0,0.0,0.0,13.88,28.68,8.9,55.15
2025-06-25,22.5,0.03,0.0,0.03,13.57,30.3,9.66,52.59
2025-06-26,23.9,0.0,0.0,0.0,14.2,31.75,7.59,45.9
2025-06-27,24.05,0.03,0.0,0.03,17.26,30.19,11.62,54.76
2025-06-28,22.18,0.0,0.0,0.0,14.38,29.76,11.58,57.38
2025-06-29,19.54,2.06,0.0,2.06,14.76,23.89,10.13,64.28
2025-06-30,20.57,23.94,0.0,23.94,15.58,26.75,9.26,71.36
2025-07-01,22.58,1.94,0.0,1.94,16.15,28.73,11.05,67.38
2025-07-02,21.31,0.0,0.0,0.0,15.39,26.37,13.03,60.7
2025-07-03,19.82,2.03,0.0,2.03,14.77,25.95,9.02,66.42
2025-07-04,20.17,22.06,0.0,22.06,15.18,25.0,11.37,71.52
2025-07-05,21.96,0.38,0.0,0.38,15.68,27.79,10.85,67.1
2025-07-06,23.13,0.0,0.0,0.0,15.26,30.05,8.74,60.9
2025-07-07,24.13,0.0,0.0,0.0,16.34,30.61,10.55,62.17
2025-07-08,24.72,0.0,0.0,0.0,17.1,32.58,9.26,64.51
2025-07-09,25.77,0.0,0.0,0.0,18.07,33.39,7.9,63.68
2025-07-10,25.63,0.0,0.0,0.0,18.65,32.77,12.48,64.38
2025-07-11,25.7,0.0,0.0,0.0,20.04,31.93,16.06,69.33
2025-07-12,25.94,0.0,0.0,0.0,21.05,31.74,16.08,70.89
2025-07-13,26.36,0.0,0.0,0.0,21.48,31.81,15.17,63.72
2025-07-14,26.35,0.0,0.0,0.0,19.81,33.37,13.82,60.78
2025-07-15,25.78,0.0,0.0,0.0,19.02,31.88,11.37,65.42
2025-07-16,24.85,0.0,0.0,0.0,18.14,32.3,8.47,57.55
2025-07-17,26.03,0.0,0.0,0.0,17.29,34.48,8.26,50.62
2025-07-18,26.85,1.28,0.0,1.28,19.6,35.86,10.19,59.56
2025-07-19,25.86,0.47,0.0,0.47,20.89,31.2,14.43,68.35
2025-07-20,25.1,0.0,0.0,0.0,19.07,31.32,13.96,63.56
2025-07-21,25.1,0.0,0.0,0.0,18.04,31.86,11.83,66.1
2025-07-22,26.51,0.0,0.0,0.0,19.93,33.32,8.36,68.58
2025-07-23,27.41,0.0,0.0,0.0,21.03,34.32,10.04,66.72
2025-07-24,26.73,0.0,0.0,0.0,19.27,33.62,12.06,61.8
2025-07-25,26.36,0.0,0.0,0.0,20.12,32.13,11.03,64.25
2025-07-26,26.67,0.0,0.0,0.0,20.23,32.54,11.65,64.8
2025-07-27,27.38,0.0,0.0,0.0,19.81,34.19,11.78,63.85
2025-07-28,28.18,0.0,0.0,0.0,20.83,36.56,9.09,62.63
2025-07-29,29.34,0.0,0.0,0.0,21.89,37.76,8.4,64.01
2025-07-30,28.29,0.0,0.0,0.0,22.8,34.77,14.59,65.85
2025-07-31,27.01,0.08,0.0,0.08,23.76,32.17,17.14,70.66
2025-08-01,25.88,0.09,0.0,0.09,23.04,29.52,17.1,70.02
2025-08-02,25.92,4.01,0.0,4.01,23.83,29.89,14.78,66.54
2025-08-03,26.21,0.27,0.0,0.27,22.5,31.83,10.33,68.09
2025-08-04,26.52,0.0,0.0,0.0,21.23,32.4,11.52,68.11
2025-08-05,27.08,0.0,0.0,0.0,21.39,33.48,12.02,67.97
2025-08-06,27.13,0.0,0.0,0.0,20.07,34.23,13.17,61.26
2025-08-07,26.87,0.0,0.0,0.0,18.95,33.6,12.98,59.29
2025-08-08,27.6,0.0,0.0,0.0,23.45,32.76,15.67,65.8
2025-08-09,26.46,0.0,0.0,0.0,20.35,31.89,12.87,67.36
2025-08-10,26.14,0.0,0.0,0.0,19.36,32.51,12.81,60.0
2025-08-11,25.06,0.0,0.0,0.0,17.41,32.51,10.16,52.79
2025-08-12,25.15,0.0,0.0,0.0,17.58,32.08,11.56,57.48
2025-08-13,25.42,0.0,0.0,0.0,19.22,31.74,11.96,59.77
2025-08-14,24.36,0.0,0.0,0.0,17.09,32.02,11.2,59.11
2025-08-15,24.08,0.0,0.0,0.0,17.69,31.48,12.74,62.04
2025-08-16,24.47,0.0,0.0,0.0,18.47,30.56,11.27,60.55
2025-08-17,24.38,0.0,0.0,0.0,16.77,31.62,6.67,58.41
2025-08-18,24.96,0.0,0.0,0.0,17.67,33.66,11.36,62.23
2025-08-19,24.71,0.0,0.0,0.0,19.56,29.81,15.09,67.96
2025-08-20,24.37,0.0,0.0,0.0,18.83,30.27,13.18,64.97
2025-08-21,24.14,0.18,0.0,0.18,18.17,30.09,12.35,64.82
2025-08-22,25.62,0.0,0.0,0.0,18.68,32.21,8.03,64.35
2025-08-23,25.33,0.0,0.0,0.0,18.86,34.16,11.96,61.1
2025-08-24,23.58,0.1,0.0,0.1,19.31,27.61,15.65,69.82
2025-08-25,21.36,2.57,0.0,2.57,18.66,25.14,13.64,70.26
2025-08-26,21.6,0.0,0.0,0.0,17.07,26.7,12.63,62.1
2025-08-27,21.71,0.0,0.0,0.0,14.39,28.26,12.3,62.52
2025-08-28,23.4,0.0,0.0,0.0,17.86,29.16,13.65,63.21
2025-08-29,23.92,0.0,0.0,0.0,17.6,31.1,8.46,68.46
2025-08-30,24.96,0.0,0.0,0.0,18.03,33.01,7.45,68.65
2025-08-31,25.93,0.0,0.0,0.0,18.77,33.84,6.32,64.26
2025-09-01,25.24,0.0,0.0,0.0,19.39,33.07,12.94,65.2
2025-09-02,24.15,0.0,0.0,0.0,18.63,30.35,11.78,67.72
2025-09-03,23.16,2.5,0.0,2.5,18.2,28.68,11.15,66.78
2025-09-04,23.93,1.37,0.0,1.37,19.25,29.42,12.22,71.31
2025-09-05,24.8,0.0,0.0,0.0,20.4,30.8,12.47,68.89
2025-09-06,24.11,0.09,0.0,0.09,17.72,31.6,12.04,69.97
2025-09-07,22.15,1.24,0.0,1.24,18.94,26.67,12.17,73.13
2025-09-08,21.57,3.58,0.0,3.58,19.07,25.43,9.15,68.57
2025-09-09,21.94,1.85,0.0,1.85,17.87,26.72,8.69,71.27
2025-09-10,21.22,35.91,0.0,35.91,15.48,27.93,8.82,68.21
2025-09-11,20.78,3.77,0.0,3.77,16.46,25.96,7.98,75.26
2025-09-12,21.86,0.0,0.0,0.0,15.64,28.5,8.15,72.29
2025-09-13,21.13,0.04,0.0,0.04,16.07,27.1,11.98,70.58
2025-09-14,19.82,0.0,0.0,0.0,14.01,26.69,7.02,62.73
2025-09-15,19.93,0.0,0.0,0.0,12.89,28.19,9.5,67.06
2025-09-16,20.42,0.0,0.0,0.0,15.3,26.38,11.24,67.35
2025-09-17,20.66,0.0,0.0,0.0,13.99,27.58,6.05,64.5
2025-09-18,18.0,1.73,0.0,1.73,13.46,22.5,9.7,74.25
2025-09-19,17.05,5.32,0.0,5.32,12.29,19.98,14.57,70.52
2025-09-20,19.03,1.14,0.0,1.14,16.1,23.07,12.51,64.67
2025-09-21,18.13,0.74,0.0,0.74,12.85,24.58,9.32,68.0
2025-09-22,17.55,0.0,0.0,0.0,10.8,24.88,7.95,67.23
2025-09-23,18.51,0.0,0.0,0.0,11.69,26.31,6.29,65.72
2025-09-24,19.48,0.0,0.0,0.0,12.06,27.52,6.57,65.86
2025-09-25,19.05,0.0,0.0,0.0,12.57,26.23,11.1,70.02
2025-09-26,16.69,0.63,0.0,0.63,13.27,21.14,14.18,73.91
2025-09-27,15.0,0.0,0.0,0.0,9.82,20.14,11.71,60.65
2025-09-28,15.76,0.0,0.0,0.0,8.54,22.78,6.53,63.36
2025-09-29,17.5,8.59,0.0,8.59,15.25,20.7,5.53,78.88
2025-09-30,16.7,8.5,0.0,8.5,14.57,20.59,9.46,85.1
2025-10-01,16.69,1.46,0.0,1.46,12.83,21.69,8.59,76.72
2025-10-02,16.73,0.51,0.0,0.51,12.95,21.63,9.36,75.24
2025-10-03,17.82,0.0,0.0,0.0,10.75,25.92,6.94,72.16
2025-10-04,20.67,0.0,0.0,0.0,14.23,28.45,9.44,64.05
2025-10-05,18.68,0.0,0.0,0.0,13.94,25.1,9.86,72.37
2025-10-06,18.33,0.0,0.0,0.0,12.56,24.61,6.79,73.06
2025-10-07,18.73,0.0,0.0,0.0,13.36,25.24,7.25,71.11
2025-10-08,19.07,10.27,0.0,10.27,14.03,25.43,5.16,69.47
2025-10-09,15.92,6.12,0.0,6.12,12.91,19.33,4.79,79.27
2025-10-10,16.4,0.44,0.0,0.44,12.8,20.43,5.27,66.76
2025-10-11,15.52,2.22,0.0,2.22,9.69,22.03,6.79,68.56
2025-10-12,13.04,8.87,0.0,8.87,10.6,16.67,6.03,79.21
2025-10-13,14.02,1.8,0.0,1.8,9.19,18.25,4.55,72.49
2025-10-14,15.38,0.9,0.0,0.9,11.59,20.28,3.95,72.82
2025-10-15,14.8,2.54,0.0,2.54,11.12,20.88,6.47,76.7
2025-10-16,13.78,6.27,0.0,6.27,10.44,17.6,10.17,80.43
2025-10-17,14.79,0.5,0.0,0.5,10.68,19.52,6.12,77.05
2025-10-18,16.02,0.0,0.0,0.0,9.97,22.77,4.44,72.71
2025-10-19,16.73,7.03,0.0,7.03,13.57,21.74,7.11,78.35
2025-10-20,12.53,9.33,0.0,9.33,9.53,15.77,11.43,79.23
2025-10-21,12.25,0.0,0.0,0.0,7.91,17.52,4.3,79.61
2025-10-22,13.97,0.03,0.0,0.03,9.36,18.83,4.6,77.18
2025-10-23,16.66,1.44,0.0,1.44,12.81,20.74,2.91,83.81
2025-10-24,18.07,1.72,0.0,1.72,14.59,24.28,4.82,76.24
2025-10-25,16.96,10.84,0.0,10.84,13.34,21.69,5.8,79.26
2025-10-26,16.15,5.67,0.0,5.67,13.45,20.33,4.58,83.74
2025-10-27,19.8,0.0,0.0,0.0,13.37,26.95,8.03,63.06
2025-10-28,18.3,2.39,0.0,2.39,13.54,22.63,8.71,69.33
2025-10-29,14.2,14.55,0.0,14.55,10.28,18.25,7.0,80.05
2025-10-30,13.02,0.0,0.0,0.0,8.05,18.45,5.52,75.24
2025-10-31,13.96,0.0,0.0,0.0,8.77,20.64,4.56,71.09
2025-11-01,13.45,0.0,0.0,0.0,8.17,20.28,4.86,71.78
2025-11-02,12.57,0.0,0.0,0.0,7.31,19.53,4.72,76.57
2025-11-03,12.98,0.0,0.0,0.0,7.66,19.82,5.68,76.49
2025-11-04,13.91,0.0,0.0,0.0,10.16,17.34,3.02,79.02
2025-11-05,14.92,0.0,0.0,0.0,10.75,20.11,4.39,79.67
2025-11-06,13.89,0.0,0.0,0.0,11.32,17.61,4.66,88.09
2025-11-07,13.47,0.0,0.0,0.0,9.85,18.78,4.79,89.68
2025-11-08,14.8,0.0,0.0,0.0,10.46,20.8,3.27,84.45
2025-11-09,14.41,0.0,0.0,0.0,9.63,20.6,3.62,81.73
2025-11-10,14.2,0.0,0.0,0.0,9.58,19.66,4.3,82.17
2025-11-11,13.73,0.0,0.0,0.0,9.83,19.12,3.3,80.34
2025-11-12,14.0,4.86,0.0,4.86,10.2,19.66,6.3,79.93
2025-11-13,12.17,1.55,0.0,1.55,10.4,14.07,11.05,83.83
2025-11-14,10.95,8.74,0.0,8.74,9.18,14.02,6.57,85.29
2025-11-15,11.26,6.0,0.0,6.0,8.07,14.62,9.83,83.88
2025-11-16,10.68,0.0,0.0,0.0,6.31,16.9,4.42,79.75
2025-11-17,13.07,0.0,0.0,0.0,7.08,20.97,6.62,65.25
2025-11-18,15.42,0.0,0.0,0.0,10.78,22.68,7.41,52.68
2025-11-19,14.78,0.0,0.0,0.0,10.08,21.08,6.2,58.28
2025-11-20,13.42,0.0,0.0,0.0,8.37,19.88,4.68,64.95
2025-11-21,14.03,0.0,0.0,0.0,8.34,21.64,4.66,58.52
2025-11-22,15.94,0.0,0.0,0.0,10.72,23.22,5.3,53.03
2025-11-23,16.92,0.0,0.0,0.0,12.41,24.76,4.71,53.52
2025-11-24,13.61,0.49,0.0,0.49,10.37,18.84,5.12,72.39
2025-11-25,14.33,3.19,0.0,3.19,11.98,17.7,4.93,83.54
2025-11-26,14.12,0.0,0.0,0.0,9.91,20.92,3.82,75.0
2025-11-27,13.36,0.0,0.0,0.0,9.08,20.52,3.76,68.77
2025-11-28,11.89,0.0,0.0,0.0,7.35,18.16,2.84,71.98
2025-11-29,12.58,0.0,0.0,0.0,7.65,19.88,4.77,67.39
2025-11-30,12.35,1.25,0.0,1.25,8.79,15.67,5.47,81.99
2025-12-01,10.63,8.02,0.0,8.02,7.99,14.23,4.93,82.2
2025-12-02,10.0,0.0,0.0,0.0,6.16,13.98,3.16,82.6
2025-12-03,10.27,0.0,0.0,0.0,6.48,14.86,4.67,79.61
2025-12-04,8.92,0.0,0.0,0.0,5.56,14.46,4.22,78.13
2025-12-05,10.28,0.0,0.0,0.0,5.63,16.15,4.95,76.4
2025-12-06,13.13,0.0,0.0,0.0,9.77,18.1,5.73,76.62
2025-12-07,13.47,0.67,0.0,0.67,10.77,16.81,5.72,76.5
2025-12-08,12.43,0.62,0.0,0.62,9.47,16.31,3.8,80.13
2025-12-09,11.06,0.73,0.0,0.73,8.47,13.48,7.71,88.05
2025-12-10,10.59,2.35,0.0,2.35,8.13,13.26,5.34,86.5
2025-12-11,9.14,8.04,0.0,8.04,8.04,10.63,4.31,89.34
2025-12-12,8.86,1.82,0.0,1.82,5.03,12.63,4.85,81.94
2025-12-13,9.82,6.22,0.0,6.22,7.41,12.4,6.5,82.88
2025-12-14,8.3,0.81,0.0,0.81,5.08,11.36,4.17,82.14
2025-12-15,8.37,4.9,0.0,4.9,5.9,11.13,7.26,83.3
2025-12-16,6.32,14.4,0.0,14.4,4.7,7.98,8.29,91.76
2025-12-17,5.88,0.0,0.0,0.0,3.68,9.45,4.45,84.11
2025-12-18,5.91,0.0,0.0,0.0,2.55,9.64,6.3,77.5
2025-12-19,5.64,0.0,0.0,0.0,2.95,9.86,3.24,82.87
2025-12-20,5.28,0.0,0.0,0.0,2.71,8.3,2.93,85.2
2025-12-21,6.13,0.04,0.0,0.04,3.76,8.7,4.18,83.36
2025-12-22,8.4,0.05,0.0,0.05,5.57,11.91,2.48,87.77
2025-12-23,8.94,3.54,0.0,3.54,7.77,10.74,4.47,93.5
2025-12-24,8.73,2.0,0.0,2.0,7.0,11.21,3.98,90.97
2025-12-25,7.25,1.09,0.0,1.09,5.79,9.28,8.61,87.27
2025-12-26,6.29,2.83,0.0,2.83,5.13,7.3,4.4,89.17
2025-12-27,3.89,9.62,0.0,9.62,0.9,6.78,6.39,83.29
2025-12-28,3.35,5.0,0.0,5.0,-0.1,6.74,10.89,72.16
2025-12-29,2.62,6.16,0.0,6.16,0.36,5.71,12.35,73.59
2025-12-30,5.17,1.18,0.0,1.18,1.56,10.81,14.47,54.42
2025-12-31,3.09,12.32,0.0,12.32,1.06,6.31,8.08,86.94
2026-01-01,-0.49,7.18,7.18,0.0,-2.57,0.76,6.37,93.08
