time,Borçka Karagöl Tabiat Parkı - Artvin_temp,Borçka Karagöl Tabiat Parkı - Artvin_prcp,Borçka Karagöl Tabiat Parkı - Artvin_snow,Borçka Karagöl Tabiat Parkı - Artvin_rain,Borçka Karagöl Tabiat Parkı - Artvin_tmin,Borçka Karagöl Tabiat Parkı - Artvin_tmax,Borçka Karagöl Tabiat Parkı - Artvin_wspd,Borçka Karagöl Tabiat Parkı - Artvin_rhum
2021-12-31,-2.99,0.0,0.0,0.0,-6.93,2.51,13.12,47.38
2022-01-01,-3.58,2.56,2.56,0.0,-6.59,-0.69,10.43,62.81
2022-01-02,-2.86,29.31,29.31,0.0,-4.22,-1.47,12.91,86.35
2022-01-03,-5.62,24.57,24.57,0.0,-8.19,-2.73,9.87,83.73
2022-01-04,-4.9,8.27,8.27,0.0,-6.82,-1.22,11.03,74.64
2022-01-05,-2.26,9.07,9.07,0.0,-6.58,0.27,11.44,70.74
2022-01-06,-1.2,0.0,0.0,0.0,-4.27,4.13,18.74,51.04
2022-01-07,-1.16,0.0,0.0,0.0,-4.96,5.17,15.52,47.52
2022-01-08,-1.12,0.0,0.0,0.0,-4.96,2.83,10.14,58.94
2022-01-09,0.94,0.0,0.0,0.0,-4.89,5.37,15.43,50.89
2022-01-10,1.85,0.4,0.4,0.0,-1.23,6.31,17.4,50.31
2022-01-11,1.28,0.0,0.0,0.0,-2.25,6.21,14.71,54.13
2022-01-12,1.08,1.2,1.2,0.0,-1.78,4.98,11.79,63.41
2022-01-13,-4.73,21.2,21.2,0.0,-8.39,2.0,12.11,90.22
2022-01-14,-8.55,6.03,6.03,0.0,-10.28,-6.04,7.12,88.15
2022-01-15,-8.08,15.35,15.35,0.0,-9.7,-4.01,13.73,80.01
2022-01-16,-9.35,28.86,28.86,0.0,-11.27,-7.39,11.72,82.88
2022-01-17,-9.09,14.62,14.62,0.0,-11.09,-6.56,8.06,78.43
2022-01-18,-8.73,2.93,2.93,0.0,-12.75,-4.69,16.66,57.16
2022-01-19,-8.11,30.84,30.84,0.0,-9.82,-6.26,7.77,88.73
2022-01-20,-9.76,13.87,13.87,0.0,-11.63,-7.49,11.22,84.99
2022-01-21,-7.5,3.61,3.61,0.0,-11.3,-5.56,11.93,66.64
2022-01-22,-4.32,0.0,0.0,0.0,-8.84,-2.72,17.0,50.12
2022-01-23,-1.76,0.49,0.49,0.0,-5.15,-0.74,15.93,52.37
2022-01-24,-5.31,8.56,8.56,0.0,-7.18,-2.35,9.41,76.65
2022-01-25,-6.96,9.82,9.82,0.0,-8.55,-4.42,8.28,76.75
2022-01-26,-5.44,1.14,1.14,0.0,-9.09,-2.71,9.95,69.5
2022-01-27,-6.54,12.64,12.64,0.0,-7.56,-4.67,9.02,89.88
2022-01-28,-7.38,3.21,3.21,0.0,-10.62,-5.6,6.85,78.26
2022-01-29,-7.1,0.0,0.0,0.0,-11.54,-4.93,11.85,58.05
2022-01-30,-4.88,0.0,0.0,0.0,-9.23,-4.09,11.19,53.71
2022-01-31,-1.98,0.14,0.14,0.0,-5.66,-0.12,14.56,59.83
2022-02-01,-2.91,0.73,0.73,0.0,-6.11,0.21,8.96,65.35
2022-02-02,0.76,0.0,0.0,0.0,-4.43,4.59,17.9,53.88
2022-02-03,2.73,0.0,0.0,0.0,-1.45,4.19,15.79,49.25
2022-02-04,-2.42,14.66,14.66,0.0,-5.36,0.71,13.34,72.58
2022-02-05,-8.88,16.27,16.27,0.0,-9.97,-4.78,13.16,87.62
2022-02-06,-5.93,2.85,2.85,0.0,-9.77,-4.1,11.24,74.71
2022-02-07,-4.09,5.68,5.68,0.0,-8.43,-1.8,10.1,74.54
2022-02-08,-1.68,0.0,0.0,0.0,-6.59,1.75,19.11,51.39
2022-02-09,0.91,0.24,0.24,0.0,-2.54,4.5,15.64,65.11
2022-02-10,-3.86,17.12,17.12,0.0,-4.98,-1.73,9.77,91.63
2022-02-11,-3.85,1.14,1.14,0.0,-7.46,-0.64,5.73,78.91
2022-02-12,-2.18,0.0,0.0,0.0,-7.28,5.52,10.54,51.27
2022-02-13,-4.25,2.35,2.35,0.0,-7.52,-0.62,8.63,72.97
2022-02-14,-2.89,0.22,0.22,0.0,-7.34,1.71,10.57,72.4
2022-02-15,-3.6,0.15,0.15,0.0,-6.05,-0.32,5.19,84.57
2022-02-16,-4.26,0.0,0.0,0.0,-6.94,-0.01,4.96,80.52
2022-02-17,-2.68,0.0,0.0,0.0,-8.4,2.1,8.03,65.48
2022-02-18,-0.37,0.0,0.0,0.0,-7.02,4.25,8.7,50.92
2022-02-19,-1.62,0.42,0.42,0.0,-6.35,2.56,6.69,66.03
2022-02-20,-0.77,0.0,0.0,0.0,-6.26,4.05,5.63,69.24
2022-02-21,-0.84,1.3,1.3,0.0,-4.66,2.56,8.61,65.04
2022-02-22,3.89,0.0,0.0,0.0,-3.55,9.38,14.21,58.58
2022-02-23,4.99,0.0,0.0,0.0,-0.4,9.66,11.96,50.33
2022-02-24,5.17,0.0,0.0,0.0,-1.74,11.6,14.95,54.16
2022-02-25,3.39,1.81,0.0,1.81,0.85,9.54,13.2,69.75
2022-02-26,-1.3,10.89,10.89,0.0,-2.35,0.56,9.64,92.59
2022-02-27,-0.81,3.88,3.88,0.0,-5.3,3.99,5.18,84.36
2022-02-28,2.49,0.0,0.0,0.0,-4.48,7.23,7.29,69.28
2022-03-01,0.67,7.02,7.02,0.0,-1.75,4.95,11.57,77.35
2022-03-02,1.72,0.98,0.98,0.0,-4.38,4.6,6.88,80.26
2022-03-03,1.25,15.39,15.39,0.0,-5.23,12.11,13.47,78.91
2022-03-04,-5.95,28.65,28.65,0.0,-7.29,-4.63,16.44,89.39
2022-03-05,-4.57,2.4,2.4,0.0,-8.21,-2.23,9.04,74.64
2022-03-06,-5.35,1.09,1.09,0.0,-7.95,-3.3,8.62,72.86
2022-03-07,-1.34,0.52,0.52,0.0,-8.59,4.33,11.5,56.29
2022-03-08,-1.86,6.18,6.18,0.0,-3.88,0.69,12.44,70.89
2022-03-09,-3.24,13.1,13.1,0.0,-5.11,-0.22,8.85,84.97
2022-03-10,-5.66,7.08,7.08,0.0,-7.52,-3.23,6.6,86.22
2022-03-11,-7.33,12.79,12.79,0.0,-8.32,-5.74,10.13,88.98
2022-03-12,-8.72,8.22,8.22,0.0,-10.46,-7.21,11.78,83.73
2022-03-13,-8.84,5.09,5.09,0.0,-11.1,-6.81,9.9,79.5
2022-03-14,-7.84,5.29,5.29,0.0,-10.31,-5.86,7.39,80.73
2022-03-15,-8.39,6.13,6.13,0.0,-10.64,-6.32,10.21,85.25
2022-03-16,-7.78,10.27,10.27,0.0,-10.54,-6.21,11.79,82.05
2022-03-17,-8.09,17.68,17.68,0.0,-10.16,-5.64,5.91,88.37
2022-03-18,-9.0,6.39,6.39,0.0,-10.68,-6.8,6.78,86.52
2022-03-19,-9.31,7.09,7.09,0.0,-11.03,-7.15,6.65,87.78
2022-03-20,-7.36,5.04,5.04,0.0,-10.16,-5.04,6.28,83.89
2022-03-21,-5.48,0.31,0.31,0.0,-10.18,-2.04,7.71,80.9
2022-03-22,-4.65,0.0,0.0,0.0,-8.28,-1.29,5.98,82.9
2022-03-23,-2.53,0.52,0.52,0.0,-8.0,1.07,11.12,71.15
2022-03-24,-4.73,3.88,3.88,0.0,-6.83,-3.55,6.95,87.56
2022-03-25,-3.56,0.71,0.71,0.0,-6.97,-0.5,5.67,85.63
2022-03-26,-4.47,2.0,2.0,0.0,-6.74,-2.08,8.52,83.06
2022-03-27,-2.53,0.8,0.8,0.0,-7.89,-0.04,6.65,75.8
2022-03-28,-4.81,11.3,11.3,0.0,-7.66,-2.01,11.63,80.05
2022-03-29,2.66,0.0,0.0,0.0,-7.66,8.92,14.06,52.9
2022-03-30,4.7,0.0,0.0,0.0,-0.24,9.59,11.31,47.33
2022-03-31,7.06,0.0,0.0,0.0,-1.27,12.11,12.07,46.94
2022-04-01,8.78,0.0,0.0,0.0,2.14,14.46,18.12,39.36
2022-04-02,12.54,0.0,0.0,0.0,3.29,19.06,18.28,38.66
2022-04-03,8.3,0.0,0.0,0.0,2.6,13.92,9.07,56.29
2022-04-04,3.03,0.77,0.0,0.77,-0.2,6.83,9.74,68.73
2022-04-05,0.99,1.28,1.28,0.0,-2.13,5.15,13.9,69.59
2022-04-06,2.84,1.78,0.0,1.78,-0.48,6.7,7.45,81.54
2022-04-07,2.55,0.0,0.0,0.0,-1.29,6.02,5.57,78.3
2022-04-08,5.77,12.96,0.0,12.96,1.11,10.86,14.3,70.91
2022-04-09,3.78,11.17,0.0,11.17,-0.49,7.47,7.13,78.87
2022-04-10,9.41,0.0,0.0,0.0,1.25,15.71,14.36,46.29
2022-04-11,12.37,0.04,0.0,0.04,3.42,18.49,15.3,40.43
2022-04-12,-0.28,21.0,21.0,0.0,-2.79,6.64,14.94,88.11
2022-04-13,-4.93,13.9,13.9,0.0,-6.33,-3.19,10.94,83.84
2022-04-14,-1.01,0.21,0.21,0.0,-7.66,2.97,11.6,63.51
2022-04-15,0.35,0.19,0.19,0.0,-3.75,3.08,5.69,71.81
2022-04-16,2.86,0.0,0.0,0.0,-4.89,6.74,6.58,77.97
2022-04-17,8.78,0.0,0.0,0.0,-1.68,14.75,9.08,57.38
2022-04-18,13.68,0.0,0.0,0.0,7.05,17.74,17.59,37.41
2022-04-19,8.34,0.39,0.0,0.39,3.79,18.13,10.03,70.21
2022-04-20,-0.01,3.84,3.84,0.0,-1.61,1.75,9.83,87.67
2022-04-21,4.5,0.16,0.0,0.16,-3.63,8.61,7.39,78.85
2022-04-22,4.8,0.67,0.0,0.67,-1.68,8.03,6.59,76.85
2022-04-23,7.65,0.0,0.0,0.0,-0.82,12.6,5.89,66.05
2022-04-24,9.54,0.0,0.0,0.0,2.79,14.25,8.62,59.94
2022-04-25,11.01,0.0,0.0,0.0,1.49,15.76,5.88,59.95
2022-04-26,9.84,0.0,0.0,0.0,4.6,15.3,9.36,63.57
2022-04-27,6.99,0.0,0.0,0.0,1.23,10.62,6.24,74.63
2022-04-28,6.47,0.0,0.0,0.0,0.67,9.59,7.31,73.78
2022-04-29,6.62,1.61,0.0,1.61,2.55,10.03,5.91,78.47
2022-04-30,6.07,0.0,0.0,0.0,0.82,10.04,5.51,79.44
2022-05-01,2.07,2.29,0.0,2.29,0.52,3.48,7.21,89.04
2022-05-02,3.37,18.25,0.0,18.25,2.11,4.95,7.7,92.14
2022-05-03,5.02,0.19,0.0,0.19,-1.67,8.87,6.51,82.26
2022-05-04,6.74,7.46,0.0,7.46,3.7,12.52,8.34,82.31
2022-05-05,1.98,24.79,24.79,0.0,0.55,3.75,9.09,93.92
2022-05-06,1.88,3.5,3.5,0.0,-1.1,4.73,5.86,85.93
2022-05-07,1.21,7.07,7.07,0.0,-0.4,2.57,8.24,89.48
2022-05-08,1.46,2.53,2.53,0.0,-0.94,3.5,7.46,84.62
2022-05-09,1.96,0.33,0.33,0.0,-0.6,4.38,5.64,83.43
2022-05-10,2.26,0.86,0.0,0.86,-0.68,4.61,6.36,83.95
2022-05-11,4.71,0.15,0.0,0.15,-1.53,8.28,8.77,76.81
2022-05-12,3.8,0.04,0.0,0.04,-1.46,7.5,7.8,77.63
2022-05-13,6.52,0.0,0.0,0.0,-2.13,11.33,8.66,69.82
2022-05-14,11.53,0.0,0.0,0.0,1.6,17.17,8.64,59.33
2022-05-15,9.65,0.0,0.0,0.0,3.83,14.27,8.02,63.55
2022-05-16,4.97,1.06,0.0,1.06,1.72,7.41,8.18,74.96
2022-05-17,6.86,0.0,0.0,0.0,0.08,9.85,10.54,67.32
2022-05-18,10.29,0.0,0.0,0.0,1.23,14.12,8.96,56.35
2022-05-19,6.55,10.22,0.0,10.22,1.3,11.1,14.26,77.15
2022-05-20,1.11,9.23,9.23,0.0,-0.88,2.88,10.14,85.77
2022-05-21,7.15,1.11,0.0,1.11,-0.39,11.1,8.76,68.98
2022-05-22,11.97,0.0,0.0,0.0,2.89,17.04,10.1,59.33
2022-05-23,6.34,8.91,0.0,8.91,3.83,9.19,10.87,83.33
2022-05-24,2.91,4.38,0.0,4.38,1.25,5.26,8.65,82.46
2022-05-25,5.85,0.7,0.0,0.7,0.39,8.76,8.22,76.39
2022-05-26,8.1,0.0,0.0,0.0,0.43,11.08,8.94,68.16
2022-05-27,9.33,0.0,0.0,0.0,1.66,12.9,8.63,61.05
2022-05-28,11.25,0.0,0.0,0.0,3.75,14.75,8.48,71.08
2022-05-29,12.88,0.04,0.0,0.04,6.23,16.73,5.84,71.19
2022-05-30,14.96,0.0,0.0,0.0,5.97,19.32,6.25,66.37
2022-05-31,14.6,0.0,0.0,0.0,7.36,20.63,7.7,63.52
2022-06-01,12.98,0.18,0.0,0.18,7.62,15.99,6.23,75.06
2022-06-02,14.44,0.0,0.0,0.0,7.89,18.66,5.0,65.16
2022-06-03,16.3,0.0,0.0,0.0,10.96,21.67,8.7,57.45
2022-06-04,16.92,0.21,0.0,0.21,11.96,22.82,8.75,62.82
2022-06-05,12.19,0.78,0.0,0.78,8.39,15.64,6.76,72.5
2022-06-06,11.49,0.68,0.0,0.68,7.67,14.25,8.05,81.71
2022-06-07,11.94,1.34,0.0,1.34,8.86,14.54,5.98,83.82
2022-06-08,12.24,2.05,0.0,2.05,8.35,15.7,5.03,77.74
2022-06-09,13.53,9.45,0.0,9.45,10.77,17.9,7.0,80.73
2022-06-10,13.76,0.11,0.0,0.11,7.62,17.59,6.45,76.25
2022-06-11,14.8,0.0,0.0,0.0,8.25,18.19,7.19,70.82
2022-06-12,16.14,1.43,0.0,1.43,11.01,22.91,14.09,64.87
2022-06-13,11.66,4.62,0.0,4.62,7.68,14.72,8.33,76.7
2022-06-14,11.84,8.4,0.0,8.4,7.56,14.56,5.9,84.66
2022-06-15,10.56,4.85,0.0,4.85,8.23,14.29,6.34,86.36
2022-06-16,11.64,1.9,0.0,1.9,6.68,14.44,9.14,78.06
2022-06-17,12.19,0.32,0.0,0.32,7.35,15.23,6.69,84.29
2022-06-18,11.52,1.22,0.0,1.22,8.42,13.64,5.34,84.78
2022-06-19,10.84,0.8,0.0,0.8,8.54,13.43,7.53,84.04
2022-06-20,12.31,0.12,0.0,0.12,8.09,14.61,6.7,82.52
2022-06-21,11.96,5.85,0.0,5.85,8.51,15.86,7.49,84.29
2022-06-22,9.02,31.18,0.0,31.18,7.35,10.65,9.69,89.92
2022-06-23,9.51,11.69,0.0,11.69,6.62,12.26,9.61,78.06
2022-06-24,9.95,2.63,0.0,2.63,4.42,15.16,13.39,67.99
2022-06-25,8.94,11.56,0.0,11.56,5.74,12.11,6.75,86.14
2022-06-26,9.32,15.44,0.0,15.44,8.29,11.18,7.07,92.73
2022-06-27,9.14,3.53,0.0,3.53,5.98,11.86,6.13,85.92
2022-06-28,11.19,2.79,0.0,2.79,5.79,17.05,7.19,82.92
2022-06-29,11.81,0.07,0.0,0.07,7.69,16.85,6.03,86.15
2022-06-30,11.94,0.51,0.0,0.51,8.87,16.64,5.53,86.52
2022-07-01,11.71,2.03,0.0,2.03,9.07,15.93,6.29,87.7
2022-07-02,11.18,10.48,0.0,10.48,9.01,15.48,10.84,86.95
2022-07-03,11.02,3.46,0.0,3.46,6.09,15.22,10.17,71.66
2022-07-04,11.42,0.0,0.0,0.0,4.82,15.97,8.11,73.4
2022-07-05,12.37,0.0,0.0,0.0,6.59,17.42,7.35,80.37
2022-07-06,14.28,0.04,0.0,0.04,7.66,20.15,7.76,75.64
2022-07-07,15.12,0.0,0.0,0.0,9.03,21.25,10.31,71.47
2022-07-08,13.79,0.0,0.0,0.0,10.04,19.04,7.09,81.26
2022-07-09,15.32,1.45,0.0,1.45,9.44,20.24,7.92,77.29
2022-07-10,15.66,0.33,0.0,0.33,10.11,23.85,9.65,74.65
2022-07-11,11.89,11.7,0.0,11.7,10.26,16.19,8.99,88.34
2022-07-12,11.77,5.77,0.0,5.77,9.82,16.57,8.28,86.15
2022-07-13,11.27,4.69,0.0,4.69,9.58,15.87,7.98,86.67
2022-07-14,10.24,2.16,0.0,2.16,8.67,15.22,10.19,84.89
2022-07-15,12.1,0.11,0.0,0.11,8.0,17.85,8.1,80.96
2022-07-16,11.39,3.41,0.0,3.41,8.31,16.2,8.7,85.85
2022-07-17,13.3,0.78,0.0,0.78,9.08,18.05,7.57,80.77
2022-07-18,14.2,1.66,0.0,1.66,10.52,17.94,8.92,81.66
2022-07-19,13.38,5.13,0.0,5.13,11.35,15.5,9.25,84.82
2022-07-20,10.07,0.77,0.0,0.77,6.78,14.93,10.15,80.85
2022-07-21,9.98,5.27,0.0,5.27,7.97,14.32,10.28,83.1
2022-07-22,10.24,4.22,0.0,4.22,8.13,14.37,10.32,83.8
2022-07-23,11.98,1.2,0.0,1.2,6.6,15.76,9.4,72.9
2022-07-24,10.86,5.1,0.0,5.1,6.07,15.32,10.06,73.42
2022-07-25,12.35,0.8,0.0,0.8,6.26,16.64,8.61,77.21
2022-07-26,12.53,0.1,0.0,0.1,7.23,16.78,7.54,78.29
2022-07-27,13.06,0.18,0.0,0.18,8.55,17.03,6.62,77.8
2022-07-28,13.85,0.0,0.0,0.0,6.9,19.02,8.29,76.21
2022-07-29,14.0,0.0,0.0,0.0,7.6,19.44,8.02,78.88
2022-07-30,14.5,0.04,0.0,0.04,9.87,20.03,7.17,80.96
2022-07-31,15.42,1.19,0.0,1.19,11.16,20.75,6.63,81.74
2022-08-01,15.7,1.54,0.0,1.54,11.29,20.47,7.81,80.51
2022-08-02,16.24,0.14,0.0,0.14,10.29,20.64,8.38,79.89
2022-08-03,16.23,0.24,0.0,0.24,10.96,20.27,7.5,80.44
2022-08-04,16.2,0.0,0.0,0.0,11.22,20.0,7.77,79.48
2022-08-05,15.32,1.14,0.0,1.14,12.01,18.58,6.38,82.85
2022-08-06,16.12,0.15,0.0,0.15,9.84,19.28,8.47,78.44
2022-08-07,15.31,0.94,0.0,0.94,9.84,19.11,7.55,76.82
2022-08-08,15.69,0.69,0.0,0.69,9.77,19.54,8.01,77.4
2022-08-09,16.72,0.0,0.0,0.0,10.48,22.71,8.15,76.69
2022-08-10,17.18,1.97,0.0,1.97,12.26,22.94,10.33,74.78
2022-08-11,15.37,1.97,0.0,1.97,12.66,17.87,8.86,83.0
2022-08-12,14.78,14.68,0.0,14.68,10.45,17.77,8.8,82.3
2022-08-13,16.05,0.93,0.0,0.93,11.5,19.42,7.94,79.91
2022-08-14,16.65,1.04,0.0,1.04,12.14,19.9,7.46,81.65
2022-08-15,17.55,0.26,0.0,0.26,12.63,23.44,7.39,76.34
2022-08-16,17.29,0.04,0.0,0.04,12.98,21.32,7.5,83.01
2022-08-17,16.79,1.07,0.0,1.07,12.95,20.78,8.69,83.94
2022-08-18,16.22,3.93,0.0,3.93,12.92,19.03,8.11,84.39
2022-08-19,15.2,0.41,0.0,0.41,12.14,18.89,8.34,83.65
2022-08-20,15.27,1.26,0.0,1.26,10.04,19.65,8.97,81.8
2022-08-21,17.44,0.67,0.0,0.67,10.93,21.98,10.14,66.98
2022-08-22,19.77,0.52,0.0,0.52,14.39,25.5,9.78,57.06
2022-08-23,18.69,0.0,0.0,0.0,12.76,22.46,10.25,57.39
2022-08-24,20.52,0.0,0.0,0.0,13.71,25.97,10.78,58.58
2022-08-25,20.64,0.0,0.0,0.0,14.16,26.34,10.1,56.06
2022-08-26,19.06,0.0,0.0,0.0,13.22,23.91,9.68,64.06
2022-08-27,17.79,0.04,0.0,0.04,13.38,21.81,8.03,74.26
2022-08-28,18.03,0.07,0.0,0.07,13.08,21.52,7.59,77.95
2022-08-29,17.83,0.0,0.0,0.0,12.8,22.05,6.83,80.58
2022-08-30,18.75,0.0,0.0,0.0,11.94,23.31,8.04,70.69
2022-08-31,19.05,0.0,0.0,0.0,12.45,24.56,7.8,60.03
2022-09-01,19.89,0.0,0.0,0.0,11.74,25.1,8.05,54.07
2022-09-02,19.82,0.0,0.0,0.0,13.34,25.5,6.77,62.28
2022-09-03,21.97,0.0,0.0,0.0,14.09,28.13,8.67,51.31
2022-09-04,15.89,30.16,0.0,30.16,12.77,19.47,8.09,85.18
2022-09-05,12.1,18.49,0.0,18.49,9.97,14.63,9.0,91.41
2022-09-06,9.33,8.66,0.0,8.66,7.26,11.46,10.01,86.78
2022-09-07,8.2,4.75,0.0,4.75,5.42,11.43,8.14,77.22
2022-09-08,9.08,0.0,0.0,0.0,5.11,13.31,8.65,73.64
2022-09-09,9.89,0.0,0.0,0.0,3.58,14.17,9.84,74.09
2022-09-10,11.32,0.0,0.0,0.0,3.43,16.46,10.43,64.48
2022-09-11,14.84,0.0,0.0,0.0,6.32,19.28,11.36,57.02
2022-09-12,16.42,0.0,0.0,0.0,9.25,21.74,11.26,56.43
2022-09-13,12.15,15.55,0.0,15.55,10.03,15.59,7.46,87.26
2022-09-14,7.91,27.18,0.0,27.18,6.36,10.12,8.17,87.73
2022-09-15,11.02,1.2,0.0,1.2,4.41,15.57,10.05,73.18
2022-09-16,14.25,0.0,0.0,0.0,6.12,19.56,12.87,53.77
2022-09-17,17.22,0.0,0.0,0.0,9.37,23.09,12.28,54.29
2022-09-18,20.67,0.0,0.0,0.0,12.64,27.36,14.32,43.92
2022-09-19,14.04,1.93,0.0,1.93,11.02,17.97,10.21,79.16
2022-09-20,13.19,1.46,0.0,1.46,9.43,17.22,5.32,82.3
2022-09-21,11.86,7.5,0.0,7.5,8.94,14.95,8.88,86.59
2022-09-22,10.93,8.3,0.0,8.3,7.67,13.82,6.82,85.1
2022-09-23,9.36,21.05,0.0,21.05,6.38,12.13,9.53,85.46
2022-09-24,7.01,25.22,0.0,25.22,4.72,11.19,10.77,86.69
2022-09-25,6.08,5.72,0.0,5.72,2.14,9.56,9.48,74.2
2022-09-26,9.78,0.0,0.0,0.0,2.14,15.74,12.14,64.83
2022-09-27,12.63,0.0,0.0,0.0,4.75,20.1,11.63,54.52
2022-09-28,13.85,0.0,0.0,0.0,6.86,19.42,11.72,54.66
2022-09-29,11.8,0.02,0.0,0.02,5.57,15.94,8.16,64.78
2022-09-30,12.82,0.0,0.0,0.0,6.8,17.05,8.4,67.51
2022-10-01,12.17,0.0,0.0,0.0,6.26,16.5,9.17,65.96
2022-10-02,13.87,0.0,0.0,0.0,6.43,19.75,11.3,60.42
2022-10-03,9.99,20.95,0.0,20.95,7.86,14.21,8.4,86.05
2022-10-04,9.75,1.18,0.0,1.18,6.22,12.75,8.35,82.4
2022-10-05,8.91,5.72,0.0,5.72,6.86,11.31,7.64,89.85
2022-10-06,8.64,3.91,0.0,3.91,6.29,11.49,6.73,89.92
2022-10-07,9.24,0.64,0.0,0.64,6.03,11.75,6.22,88.48
2022-10-08,10.68,0.22,0.0,0.22,6.58,13.43,8.5,70.66
2022-10-09,11.21,18.85,0.0,18.85,7.79,14.84,10.56,80.21
2022-10-10,6.86,33.44,0.0,33.44,4.82,8.82,10.23,87.43
2022-10-11,6.82,10.42,0.0,10.42,5.54,9.39,8.84,87.1
2022-10-12,5.77,0.0,0.0,0.0,0.9,9.94,9.14,79.18
2022-10-13,5.52,0.94,0.0,0.94,1.74,8.88,8.29,79.34
2022-10-14,5.7,0.0,0.0,0.0,1.13,9.53,8.54,81.86
2022-10-15,6.31,2.68,0.0,2.68,2.38,9.72,7.14,79.89
2022-10-16,8.75,0.86,0.0,0.86,4.76,12.65,6.98,77.42
2022-10-17,8.03,1.48,0.0,1.48,5.99,10.4,6.8,82.2
2022-10-18,7.95,13.68,0.0,13.68,5.59,12.17,5.34,88.15
2022-10-19,9.19,0.57,0.0,0.57,4.55,12.78,8.39,72.17
2022-10-20,8.12,36.49,0.0,36.49,5.11,11.47,8.12,88.21
2022-10-21,2.9,25.54,0.0,25.54,1.78,5.01,9.19,89.1
2022-10-22,2.28,0.0,0.0,0.0,-2.96,6.29,9.95,75.29
2022-10-23,4.55,0.0,0.0,0.0,-1.22,9.84,10.33,65.24
2022-10-24,3.67,19.67,0.0,19.67,1.64,6.79,10.16,78.07
2022-10-25,4.27,8.93,0.0,8.93,1.55,7.99,7.43,82.69
2022-10-26,5.85,0.0,0.0,0.0,0.71,10.49,12.44,63.42
2022-10-27,2.89,20.66,0.0,20.66,-0.04,5.34,10.42,79.06
2022-10-28,3.78,16.26,0.0,16.26,2.52,5.87,8.56,90.14
2022-10-29,2.25,4.45,0.0,4.45,-0.23,5.56,7.17,83.06
2022-10-30,3.09,0.0,0.0,0.0,-1.49,8.21,9.63,76.51
2022-10-31,3.83,3.47,0.0,3.47,-2.0,7.86,10.27,69.39
2022-11-01,1.54,22.54,22.54,0.0,-0.47,3.14,12.1,87.08
2022-11-02,1.87,4.22,4.22,0.0,-1.87,4.98,7.63,77.9
2022-11-03,1.37,7.86,7.86,0.0,-0.76,3.56,10.75,69.87
2022-11-04,1.27,30.19,30.19,0.0,-1.08,4.25,11.65,82.76
2022-11-05,3.39,1.41,0.0,1.41,-0.36,7.75,7.94,77.22
2022-11-06,3.84,0.48,0.0,0.48,-0.31,8.16,5.64,79.4
2022-11-07,3.37,0.0,0.0,0.0,-1.06,9.58,10.87,66.69
2022-11-08,3.71,1.56,0.0,1.56,0.24,8.88,9.49,71.64
2022-11-09,2.63,8.54,0.0,8.54,0.89,4.49,6.75,87.82
2022-11-10,2.47,2.15,0.0,2.15,0.77,3.95,3.62,92.31
2022-11-11,3.07,0.3,0.0,0.3,0.55,6.78,5.69,85.09
2022-11-12,2.93,0.0,0.0,0.0,-0.57,7.45,8.4,80.67
2022-11-13,2.32,0.13,0.0,0.13,-1.55,5.53,8.5,83.29
2022-11-14,2.56,4.23,0.0,4.23,0.93,4.6,7.18,91.85
2022-11-15,1.66,4.55,4.55,0.0,-1.59,5.71,7.14,84.73
2022-11-16,3.02,0.0,0.0,0.0,-2.02,8.34,13.15,63.09
2022-11-17,5.02,2.23,0.0,2.23,1.23,10.02,10.64,63.8
2022-11-18,4.03,0.1,0.0,0.1,1.07,6.21,15.31,58.77
2022-11-19,5.51,0.0,0.0,0.0,1.23,9.62,14.41,61.1
2022-11-20,6.7,0.0,0.0,0.0,3.11,11.84,13.24,58.79
2022-11-21,6.81,0.0,0.0,0.0,3.36,9.78,15.11,53.18
2022-11-22,5.69,0.0,0.0,0.0,3.23,8.4,13.49,48.66
2022-11-23,5.3,0.0,0.0,0.0,0.03,9.37,8.03,59.57
2022-11-24,7.16,0.0,0.0,0.0,2.83,11.7,12.61,50.01
2022-11-25,7.33,0.0,0.0,0.0,4.89,11.1,10.08,56.03
2022-11-26,4.36,10.08,0.0,10.08,1.47,7.06,12.55,81.86
2022-11-27,1.32,15.65,15.65,0.0,-1.21,3.3,9.48,89.4
2022-11-28,0.75,0.04,0.04,0.0,-3.26,4.45,10.21,74.8
2022-11-29,2.29,0.0,0.0,0.0,-3.16,5.91,10.1,62.06
2022-11-30,3.46,0.0,0.0,0.0,0.5,5.45,11.35,61.76
2022-12-01,4.36,0.0,0.0,0.0,0.27,7.62,8.43,73.33
2022-12-02,4.44,3.27,0.0,3.27,0.79,7.66,11.65,67.73
2022-12-03,-0.13,14.19,14.19,0.0,-0.67,0.8,8.2,87.79
2022-12-04,0.08,11.29,11.29,0.0,-0.92,1.0,9.54,84.8
2022-12-05,-0.05,1.77,1.77,0.0,-2.02,2.16,8.16,82.58
2022-12-06,-0.31,3.23,3.23,0.0,-2.87,3.04,8.21,78.57
2022-12-07,-0.33,0.0,0.0,0.0,-3.54,3.55,9.19,65.58
2022-12-08,1.17,0.0,0.0,0.0,-2.92,3.96,12.68,54.49
2022-12-09,1.88,0.0,0.0,0.0,-1.46,5.84,13.77,54.12
2022-12-10,1.35,0.0,0.0,0.0,-2.3,5.4,13.63,54.69
2022-12-11,2.81,0.0,0.0,0.0,-1.23,6.63,21.05,45.15
2022-12-12,1.97,0.0,0.0,0.0,-0.44,4.24,18.59,54.21
2022-12-13,2.11,1.29,0.0,1.29,-0.48,3.86,14.23,73.26
2022-12-14,2.09,0.0,0.0,0.0,-0.82,4.44,8.91,74.17
2022-12-15,3.62,0.0,0.0,0.0,-0.69,6.02,7.41,74.34
2022-12-16,3.4,3.66,0.0,3.66,0.33,5.25,6.07,83.33
2022-12-17,2.9,2.13,0.0,2.13,-0.82,7.72,13.71,70.36
2022-12-18,1.89,0.0,0.0,0.0,-1.06,6.85,12.78,52.65
2022-12-19,-0.25,12.53,12.53,0.0,-2.49,2.1,11.22,69.56
2022-12-20,-2.96,10.3,10.3,0.0,-4.63,-1.49,5.69,89.97
2022-12-21,-2.86,1.2,1.2,0.0,-6.28,0.52,7.96,75.81
2022-12-22,-2.66,0.0,0.0,0.0,-6.13,1.67,7.73,64.48
2022-12-23,-1.3,0.0,0.0,0.0,-5.44,3.06,9.84,55.09
2022-12-24,-2.54,0.0,0.0,0.0,-6.17,1.68,8.3,64.22
2022-12-25,-3.25,0.0,0.0,0.0,-6.68,0.44,9.25,61.29
2022-12-26,-2.99,0.22,0.22,0.0,-7.14,0.06,9.36,64.4
2022-12-27,-3.21,6.76,6.76,0.0,-4.75,-1.25,9.36,76.75
2022-12-28,-3.63,5.35,5.35,0.0,-5.08,-0.91,11.83,74.79
2022-12-29,-5.36,16.69,16.69,0.0,-7.22,-3.14,8.25,84.59
2022-12-30,-4.15,0.26,0.26,0.0,-7.51,1.02,16.41,47.1
2022-12-31,-3.68,0.0,0.0,0.0,-6.79,1.8,13.7,36.26
2023-01-01,-3.96,0.0,0.0,0.0,-7.42,1.86,11.9,42.17
2023-01-02,-3.78,0.0,0.0,0.0,-7.33,1.72,11.83,40.27
2023-01-03,-2.21,0.0,0.0,0.0,-6.42,2.6,10.44,43.98
2023-01-04,-1.81,0.0,0.0,0.0,-6.08,2.55,8.12,58.07
2023-01-05,-3.39,3.91,3.91,0.0,-4.88,-1.16,8.0,82.17
2023-01-06,-1.88,0.35,0.35,0.0,-6.04,0.86,11.03,67.24
2023-01-07,-5.1,37.47,37.47,0.0,-7.48,-2.9,11.73,93.71
2023-01-08,-7.4,21.77,21.77,0.0,-8.35,-6.57,7.53,93.81
2023-01-09,-6.8,4.73,4.73,0.0,-8.59,-3.77,7.48,76.45
2023-01-10,-5.03,0.0,0.0,0.0,-8.89,-1.07,16.9,47.19
2023-01-11,-3.44,0.0,0.0,0.0,-7.05,0.28,25.3,33.66
2023-01-12,-2.33,0.0,0.0,0.0,-5.63,1.13,26.4,34.7
2023-01-13,-2.58,0.0,0.0,0.0,-5.58,0.47,23.64,32.88
2023-01-14,-3.18,0.0,0.0,0.0,-6.54,-0.3,20.13,36.17
2023-01-15,-2.11,0.0,0.0,0.0,-5.5,1.8,13.71,53.86
2023-01-16,-1.78,0.0,0.0,0.0,-6.21,2.11,14.12,54.16
2023-01-17,0.29,0.0,0.0,0.0,-3.81,5.76,18.04,47.82
2023-01-18,0.53,0.0,0.0,0.0,-4.12,5.23,18.76,48.02
2023-01-19,1.21,0.0,0.0,0.0,-3.33,6.12,18.84,43.58
2023-01-20,2.95,0.0,0.0,0.0,-2.51,6.83,22.45,39.53
2023-01-21,1.88,0.0,0.0,0.0,-2.91,6.79,18.48,42.86
2023-01-22,-0.53,0.0,0.0,0.0,-4.28,3.19,13.38,51.72
2023-01-23,-1.1,0.0,0.0,0.0,-4.88,2.65,11.24,54.62
2023-01-24,-2.99,0.0,0.0,0.0,-6.24,2.66,12.47,54.33
2023-01-25,-4.18,0.0,0.0,0.0,-8.47,0.79,11.19,55.37
2023-01-26,-4.56,0.0,0.0,0.0,-9.14,0.42,11.39,49.64
2023-01-27,-1.72,0.0,0.0,0.0,-7.61,3.14,19.08,28.66
2023-01-28,-0.49,0.0,0.0,0.0,-3.9,2.13,20.67,39.37
2023-01-29,-3.44,10.28,10.28,0.0,-5.61,-0.4,13.79,75.88
2023-01-30,-2.7,2.01,2.01,0.0,-6.32,0.16,8.52,79.21
2023-01-31,-2.78,0.0,0.0,0.0,-7.16,1.71,10.83,64.48
2023-02-01,-2.5,0.78,0.78,0.0,-6.34,0.45,8.51,70.91
2023-02-02,-4.95,21.41,21.41,0.0,-6.59,-3.0,11.22,91.43
2023-02-03,-4.82,1.19,1.19,0.0,-8.79,-0.36,12.21,72.5
2023-02-04,-4.87,0.0,0.0,0.0,-9.48,-1.8,17.41,46.1
2023-02-05,-2.9,0.0,0.0,0.0,-7.62,0.28,13.1,51.26
2023-02-06,-2.04,0.26,0.26,0.0,-4.95,1.02,13.92,60.65
2023-02-07,-4.7,12.93,12.93,0.0,-6.78,-0.27,17.39,85.44
2023-02-08,-6.67,3.63,3.63,0.0,-8.47,-3.76,8.37,80.82
2023-02-09,-7.24,2.89,2.89,0.0,-9.71,-4.25,8.88,78.63
2023-02-10,-5.87,0.48,0.48,0.0,-8.49,-3.38,7.42,72.78
2023-02-11,-5.97,0.26,0.26,0.0,-7.69,-2.65,7.63,73.24
2023-02-12,-5.98,0.97,0.97,0.0,-8.82,-2.05,8.62,69.05
2023-02-13,-7.3,22.16,22.16,0.0,-9.52,-5.82,14.81,77.98
2023-02-14,-8.76,13.09,13.09,0.0,-12.35,-4.06,9.88,68.65
2023-02-15,-8.39,13.95,13.95,0.0,-10.2,-5.57,14.98,72.75
2023-02-16,-9.48,29.62,29.62,0.0,-10.61,-8.52,14.73,86.14
2023-02-17,-7.31,24.89,24.89,0.0,-10.71,-2.93,12.34,74.53
2023-02-18,-5.61,4.92,4.92,0.0,-10.56,-1.3,16.79,56.24
2023-02-19,-4.65,27.07,27.07,0.0,-5.84,-2.81,15.26,81.57
2023-02-20,-3.52,25.32,25.32,0.0,-6.78,-0.7,17.35,82.06
2023-02-21,-4.75,16.31,16.31,0.0,-8.12,-1.59,12.42,80.62
2023-02-22,-3.74,7.44,7.44,0.0,-5.86,-0.67,12.77,80.12
2023-02-23,-5.97,22.28,22.28,0.0,-7.26,-4.59,10.99,93.48
2023-02-24,-4.16,7.47,7.47,0.0,-8.69,-0.53,11.7,73.92
2023-02-25,-1.14,0.0,0.0,0.0,-6.9,4.18,18.52,44.74
2023-02-26,1.66,0.0,0.0,0.0,-4.52,8.03,21.74,48.18
2023-02-27,2.77,0.0,0.0,0.0,-2.35,9.76,20.52,46.47
2023-02-28,3.0,0.0,0.0,0.0,-2.4,9.56,18.04,42.45
2023-03-01,0.52,1.59,1.59,0.0,-1.95,3.57,9.03,58.78
2023-03-02,0.12,8.58,8.58,0.0,-1.69,1.13,7.72,86.02
2023-03-03,0.36,9.49,9.49,0.0,-4.89,3.64,13.8,83.65
2023-03-04,0.45,8.25,8.25,0.0,-0.89,2.48,8.96,85.54
2023-03-05,-0.31,8.56,8.56,0.0,-3.23,1.97,18.18,80.18
2023-03-06,1.08,18.5,18.5,0.0,-2.4,6.34,15.8,80.97
2023-03-07,-0.28,5.81,5.81,0.0,-5.76,4.99,8.28,73.04
2023-03-08,2.78,0.0,0.0,0.0,-2.38,7.86,16.74,51.38
2023-03-09,2.43,0.0,0.0,0.0,-2.72,8.74,13.54,53.59
2023-03-10,3.18,0.09,0.0,0.09,-2.28,8.54,13.86,59.06
2023-03-11,6.98,0.0,0.0,0.0,1.17,11.87,21.01,52.44
2023-03-12,8.87,0.0,0.0,0.0,2.95,14.35,20.09,43.33
2023-03-13,2.44,3.65,0.0,3.65,0.08,5.79,12.35,78.44
2023-03-14,0.9,1.02,1.02,0.0,-3.2,4.41,9.32,84.79
2023-03-15,4.59,0.0,0.0,0.0,-1.0,8.44,12.57,73.79
2023-03-16,3.84,0.82,0.0,0.82,-2.58,6.75,8.57,74.28
2023-03-17,4.78,6.53,0.0,6.53,3.32,7.36,7.65,86.59
2023-03-18,4.39,0.14,0.0,0.14,1.04,9.02,7.7,81.7
2023-03-19,-0.08,0.59,0.59,0.0,-1.18,2.08,7.41,81.36
2023-03-20,-0.34,8.98,8.98,0.0,-1.17,1.13,8.4,92.85
2023-03-21,-1.61,0.53,0.53,0.0,-3.25,2.8,6.19,85.15
2023-03-22,1.21,0.0,0.0,0.0,-4.61,6.48,6.92,82.78
2023-03-23,3.74,4.63,0.0,4.63,-0.54,9.39,10.01,77.98
2023-03-24,0.15,2.7,2.7,0.0,-1.98,3.2,6.82,87.15
2023-03-25,0.63,6.04,6.04,0.0,-2.28,2.79,5.81,83.06
2023-03-26,3.88,1.76,0.0,1.76,-0.81,7.91,8.28,75.05
2023-03-27,0.01,9.35,9.35,0.0,-1.31,2.77,11.07,88.41
2023-03-28,7.26,1.4,0.0,1.4,-1.87,14.3,19.98,58.75
2023-03-29,1.33,15.66,15.66,0.0,-3.93,8.58,15.99,80.0
2023-03-30,-6.0,28.83,28.83,0.0,-7.07,-4.62,14.16,88.47
2023-03-31,-6.17,6.36,6.36,0.0,-7.97,-4.25,8.89,86.45
2023-04-01,-1.53,0.02,0.02,0.0,-7.74,2.09,9.78,67.02
2023-04-02,3.16,0.0,0.0,0.0,-4.7,8.11,14.52,52.85
2023-04-03,4.06,0.4,0.0,0.4,0.76,6.47,13.16,68.85
2023-04-04,9.69,0.0,0.0,0.0,1.53,14.53,17.5,59.55
2023-04-05,7.49,0.91,0.0,0.91,4.58,15.32,17.58,57.23
2023-04-06,2.56,5.17,0.0,5.17,0.44,6.45,10.15,87.41
2023-04-07,3.54,1.16,0.0,1.16,-2.61,7.62,8.53,79.04
2023-04-08,0.21,18.25,18.25,0.0,-1.51,2.93,11.99,90.62
2023-04-09,3.81,0.26,0.0,0.26,-3.64,9.21,11.08,66.4
2023-04-10,4.31,0.07,0.0,0.07,0.65,11.36,14.71,71.01
2023-04-11,4.84,0.78,0.0,0.78,0.97,12.31,16.47,72.58
2023-04-12,4.51,5.23,0.0,5.23,1.77,9.79,10.49,87.26
2023-04-13,-0.52,11.97,11.97,0.0,-1.31,2.64,11.27,93.69
2023-04-14,2.38,1.54,0.0,1.54,-2.35,6.53,8.72,74.35
2023-04-15,7.77,0.16,0.0,0.16,0.09,12.59,13.24,54.35
2023-04-16,9.28,0.0,0.0,0.0,1.58,14.53,11.67,57.41
2023-04-17,9.04,0.1,0.0,0.1,1.53,13.74,12.3,60.16
2023-04-18,11.62,0.0,0.0,0.0,3.93,16.97,14.18,56.72
2023-04-19,13.03,0.01,0.0,0.01,6.28,17.81,16.0,54.9
2023-04-20,7.16,5.62,0.0,5.62,3.73,13.59,12.73,74.52
2023-04-21,2.69,15.06,0.0,15.06,0.41,6.97,9.15,85.96
2023-04-22,4.99,0.01,0.0,0.01,-0.97,10.31,9.97,78.08
2023-04-23,4.73,2.6,0.0,2.6,-1.22,10.81,7.58,83.41
2023-04-24,3.91,8.64,0.0,8.64,1.53,8.12,9.0,88.81
2023-04-25,5.74,2.92,0.0,2.92,-0.57,9.63,6.88,79.44
2023-04-26,10.1,0.0,0.0,0.0,1.57,16.37,11.02,56.26
2023-04-27,10.22,0.52,0.0,0.52,4.04,18.14,16.11,55.01
2023-04-28,6.44,2.95,0.0,2.95,2.94,12.3,12.09,76.5
2023-04-29,2.92,6.39,0.0,6.39,1.61,5.59,10.93,94.19
2023-04-30,1.71,16.74,16.74,0.0,-1.21,6.91,7.35,89.67
2023-05-01,2.35,4.88,0.0,4.88,-0.35,6.08,8.06,87.56
2023-05-02,2.64,0.01,0.0,0.01,-2.4,6.35,9.97,76.74
2023-05-03,2.15,0.37,0.0,0.37,-1.87,5.77,8.59,77.28
2023-05-04,6.53,0.0,0.0,0.0,-2.17,11.19,10.47,65.4
2023-05-05,7.3,0.0,0.0,0.0,-0.45,12.87,8.79,61.77
2023-05-06,7.64,0.0,0.0,0.0,1.5,10.92,10.2,65.7
2023-05-07,8.24,4.63,0.0,4.63,4.13,13.5,12.13,78.46
2023-05-08,3.2,1.06,0.0,1.06,1.26,4.49,7.7,90.97
2023-05-09,5.08,1.56,0.0,1.56,1.86,8.34,6.69,85.93
2023-05-10,4.35,0.26,0.0,0.26,1.89,7.32,6.37,86.16
2023-05-11,3.94,6.78,0.0,6.78,1.21,6.83,6.98,90.3
2023-05-12,5.41,2.32,0.0,2.32,2.4,8.54,6.88,82.25
2023-05-13,5.17,15.74,0.0,15.74,2.42,8.15,10.82,92.44
2023-05-14,2.25,21.57,0.0,21.57,-0.0,3.36,13.27,88.4
2023-05-15,3.87,1.2,0.0,1.2,0.25,7.62,9.58,73.76
2023-05-16,6.91,0.0,0.0,0.0,-0.65,11.97,10.85,69.63
2023-05-17,7.78,0.0,0.0,0.0,0.21,11.85,8.11,65.43
2023-05-18,9.35,4.05,0.0,4.05,1.77,14.07,11.06,66.35
2023-05-19,7.53,1.11,0.0,1.11,2.85,10.75,9.08,74.15
2023-05-20,5.51,3.81,0.0,3.81,1.75,8.61,8.64,80.77
2023-05-21,6.52,4.05,0.0,4.05,2.73,9.09,7.91,85.03
2023-05-22,10.22,10.44,0.0,10.44,2.89,14.61,8.56,74.14
2023-05-23,13.37,0.78,0.0,0.78,6.58,22.45,16.75,66.06
2023-05-24,10.84,0.12,0.0,0.12,4.34,16.72,14.24,69.08
2023-05-25,9.93,1.2,0.0,1.2,4.09,15.38,9.14,72.75
2023-05-26,9.43,0.26,0.0,0.26,5.62,13.01,7.86,77.62
2023-05-27,10.25,0.19,0.0,0.19,4.89,13.97,7.03,76.84
2023-05-28,11.22,3.59,0.0,3.59,5.86,15.83,9.21,76.63
2023-05-29,12.83,2.85,0.0,2.85,7.72,17.21,11.9,75.53
2023-05-30,13.17,0.87,0.0,0.87,8.14,17.94,9.07,73.64
2023-05-31,10.48,0.55,0.0,0.55,6.57,14.73,8.52,78.37
2023-06-01,9.78,0.65,0.0,0.65,5.67,12.56,6.68,86.12
2023-06-02,10.75,0.26,0.0,0.26,5.79,14.04,6.56,82.56
2023-06-03,15.73,0.36,0.0,0.36,8.55,22.78,12.56,63.93
2023-06-04,13.75,0.98,0.0,0.98,9.47,18.8,11.85,73.26
2023-06-05,10.25,1.45,0.0,1.45,6.88,14.33,7.94,88.55
2023-06-06,10.03,2.07,0.0,2.07,6.71,13.0,7.96,87.88
2023-06-07,10.56,9.39,0.0,9.39,6.46,13.8,7.99,81.69
2023-06-08,12.37,0.0,0.0,0.0,5.61,16.32,8.84,79.97
2023-06-09,12.24,3.32,0.0,3.32,8.21,17.85,12.3,70.5
2023-06-10,11.09,3.9,0.0,3.9,8.68,13.78,9.28,81.5
2023-06-11,13.45,1.83,0.0,1.83,8.13,16.73,6.26,81.18
2023-06-12,12.36,2.58,0.0,2.58,8.77,15.74,7.79,80.66
2023-06-13,11.77,3.18,0.0,3.18,9.32,14.74,7.47,86.29
2023-06-14,11.43,1.81,0.0,1.81,8.2,13.86,8.31,88.29
2023-06-15,9.94,9.41,0.0,9.41,8.27,12.31,8.57,91.81
2023-06-16,11.47,5.46,0.0,5.46,7.37,14.6,8.28,84.77
2023-06-17,13.84,0.0,0.0,0.0,6.92,17.39,8.56,76.11
2023-06-18,13.33,1.85,0.0,1.85,9.88,16.61,9.16,79.52
2023-06-19,12.56,1.11,0.0,1.11,7.51,16.0,7.99,82.59
2023-06-20,9.41,20.96,0.0,20.96,8.19,11.29,7.56,92.59
2023-06-21,10.56,7.39,0.0,7.39,7.44,13.46,8.88,86.06
2023-06-22,9.41,6.88,0.0,6.88,7.41,12.1,9.08,88.29
2023-06-23,8.89,2.51,0.0,2.51,6.38,12.07,7.91,86.26
2023-06-24,11.63,1.18,0.0,1.18,6.8,14.76,8.06,80.48
2023-06-25,13.7,0.0,0.0,0.0,7.24,18.21,8.64,81.44
2023-06-26,13.47,0.35,0.0,0.35,8.44,17.88,9.13,83.55
2023-06-27,11.41,2.05,0.0,2.05,8.66,14.05,8.72,88.51
2023-06-28,12.82,0.0,0.0,0.0,6.86,16.43,8.92,80.96
2023-06-29,13.48,0.51,0.0,0.51,8.5,17.55,8.24,82.44
2023-06-30,11.15,22.76,0.0,22.76,8.33,14.76,9.94,91.89
2023-07-01,10.99,5.39,0.0,5.39,5.9,14.57,8.97,79.32
2023-07-02,13.66,0.0,0.0,0.0,6.06,17.93,9.97,72.22
2023-07-03,15.5,0.0,0.0,0.0,8.03,18.78,9.47,72.21
2023-07-04,15.02,0.19,0.0,0.19,9.24,19.0,9.15,71.05
2023-07-05,14.71,0.02,0.0,0.02,8.91,18.36,7.94,77.39
2023-07-06,16.88,0.0,0.0,0.0,9.96,22.8,11.24,71.77
2023-07-07,17.63,0.19,0.0,0.19,13.49,23.28,11.71,76.23
2023-07-08,13.66,17.81,0.0,17.81,10.7,17.06,9.24,89.23
2023-07-09,13.49,30.08,0.0,30.08,11.26,16.2,8.87,91.78
2023-07-10,11.33,44.57,0.0,44.57,8.2,14.67,13.68,89.14
2023-07-11,9.6,16.73,0.0,16.73,6.9,12.72,11.48,82.5
2023-07-12,12.02,1.87,0.0,1.87,5.95,17.44,12.45,63.79
2023-07-13,13.91,0.0,0.0,0.0,6.41,18.83,12.33,59.8
2023-07-14,13.92,0.0,0.0,0.0,7.04,19.29,9.79,70.43
2023-07-15,14.0,0.0,0.0,0.0,7.33,18.83,10.88,68.54
2023-07-16,11.96,3.59,0.0,3.59,8.63,16.74,11.51,78.06
2023-07-17,12.3,1.75,0.0,1.75,7.83,17.12,11.58,73.2
2023-07-18,12.52,0.05,0.0,0.05,5.82,17.08,11.26,72.32
2023-07-19,12.82,0.0,0.0,0.0,6.6,17.44,8.77,77.88
2023-07-20,14.2,0.0,0.0,0.0,9.54,19.57,7.56,79.63
2023-07-21,14.18,0.9,0.0,0.9,10.19,19.78,7.33,81.7
2023-07-22,15.0,0.02,0.0,0.02,8.96,19.65,8.58,79.29
2023-07-23,15.14,0.01,0.0,0.01,10.48,19.12,7.85,78.47
2023-07-24,13.66,1.88,0.0,1.88,10.39,17.61,8.86,81.03
2023-07-25,12.49,4.37,0.0,4.37,9.45,17.99,8.92,84.89
2023-07-26,15.44,0.0,0.0,0.0,9.75,21.43,7.74,79.62
2023-07-27,20.55,0.0,0.0,0.0,11.64,26.54,10.95,65.83
2023-07-28,14.83,15.91,0.0,15.91,10.87,19.08,14.38,81.97
2023-07-29,12.86,1.74,0.0,1.74,7.22,17.53,10.17,77.96
2023-07-30,12.55,0.0,0.0,0.0,9.32,16.6,8.47,78.67
2023-07-31,13.39,1.2,0.0,1.2,8.26,16.86,8.25,78.88
2023-08-01,14.42,0.0,0.0,0.0,9.84,17.54,7.7,80.51
2023-08-02,14.83,0.68,0.0,0.68,10.31,18.87,8.06,81.02
2023-08-03,15.1,0.24,0.0,0.24,9.71,19.31,9.73,75.87
2023-08-04,15.65,0.44,0.0,0.44,10.84,19.12,8.18,82.4
2023-08-05,16.57,0.0,0.0,0.0,10.23,20.94,9.37,74.37
2023-08-06,21.19,0.0,0.0,0.0,13.14,26.34,13.08,61.88
2023-08-07,20.11,0.0,0.0,0.0,15.22,24.6,12.4,68.52
2023-08-08,17.13,0.0,0.0,0.0,11.66,21.59,8.26,76.99
2023-08-09,16.96,0.41,0.0,0.41,13.91,20.38,7.93,85.75
2023-08-10,17.93,1.26,0.0,1.26,14.09,22.53,8.68,80.18
2023-08-11,17.3,1.27,0.0,1.27,14.54,22.59,10.18,81.82
2023-08-12,15.91,3.02,0.0,3.02,13.84,19.08,8.58,87.82
2023-08-13,16.87,0.57,0.0,0.57,13.36,20.33,6.6,86.97
2023-08-14,17.52,0.22,0.0,0.22,14.0,22.06,6.21,82.04
2023-08-15,17.19,0.0,0.0,0.0,12.45,20.74,8.41,78.48
2023-08-16,17.62,0.0,0.0,0.0,12.43,20.93,8.7,78.67
2023-08-17,17.7,0.26,0.0,0.26,13.95,21.05,8.93,80.75
2023-08-18,16.55,0.14,0.0,0.14,13.21,19.95,7.82,84.08
2023-08-19,16.82,0.02,0.0,0.02,11.66,20.42,8.42,79.27
2023-08-20,17.01,0.0,0.0,0.0,11.23,21.14,11.24,73.95
2023-08-21,16.82,2.75,0.0,2.75,11.96,20.52,9.92,81.8
2023-08-22,15.43,5.03,0.0,5.03,11.15,20.43,7.64,82.51
2023-08-23,16.03,0.19,0.0,0.19,10.51,20.15,9.98,78.29
2023-08-24,15.69,1.59,0.0,1.59,10.68,19.84,10.43,79.66
2023-08-25,12.77,10.09,0.0,10.09,10.51,16.34,10.08,87.14
2023-08-26,13.4,2.3,0.0,2.3,8.66,16.98,11.77,74.24
2023-08-27,14.76,0.0,0.0,0.0,8.48,18.8,11.89,75.01
2023-08-28,14.52,0.24,0.0,0.24,9.62,19.06,11.55,79.8
2023-08-29,13.47,9.73,0.0,9.73,10.71,16.4,8.53,85.81
2023-08-30,16.24,0.0,0.0,0.0,9.45,20.33,10.71,74.83
2023-08-31,18.52,0.0,0.0,0.0,12.34,22.66,11.82,66.09
2023-09-01,16.93,0.0,0.0,0.0,12.44,21.21,10.51,69.3
2023-09-02,16.19,0.78,0.0,0.78,12.97,19.38,7.03,85.34
2023-09-03,14.5,5.7,0.0,5.7,11.74,17.81,9.2,86.16
2023-09-04,14.44,4.62,0.0,4.62,11.52,17.11,9.24,82.38
2023-09-05,16.61,0.0,0.0,0.0,10.18,21.08,8.75,75.99
2023-09-06,15.8,0.26,0.0,0.26,12.21,19.73,7.76,84.55
2023-09-07,13.59,9.82,0.0,9.82,11.5,17.72,9.34,88.26
2023-09-08,12.47,18.32,0.0,18.32,10.33,16.01,10.33,84.95
2023-09-09,11.64,9.48,0.0,9.48,9.81,14.45,12.96,82.11
2023-09-10,9.34,16.79,0.0,16.79,6.12,12.39,13.61,75.63
2023-09-11,8.93,1.01,0.0,1.01,4.32,12.87,9.58,74.45
2023-09-12,8.26,4.08,0.0,4.08,5.34,11.94,7.96,84.3
2023-09-13,8.43,12.55,0.0,12.55,4.88,12.1,9.62,82.43
2023-09-14,9.03,0.45,0.0,0.45,4.85,13.94,10.52,76.66
2023-09-15,10.24,0.0,0.0,0.0,4.29,14.08,10.08,80.22
2023-09-16,10.43,1.99,0.0,1.99,6.08,13.86,8.29,82.96
2023-09-17,9.82,6.44,0.0,6.44,7.08,13.2,10.26,85.54
2023-09-18,9.11,10.68,0.0,10.68,6.16,12.98,8.35,87.48
2023-09-19,11.48,0.0,0.0,0.0,5.82,17.66,12.44,75.02
2023-09-20,11.14,0.26,0.0,0.26,6.41,15.19,12.06,71.47
2023-09-21,12.32,0.37,0.0,0.37,7.79,15.53,7.68,80.39
2023-09-22,13.64,0.0,0.0,0.0,9.18,18.37,8.64,73.42
2023-09-23,12.64,0.0,0.0,0.0,8.83,16.42,9.39,74.02
2023-09-24,13.08,0.0,0.0,0.0,8.67,19.67,10.5,74.97
2023-09-25,12.88,0.35,0.0,0.35,8.38,18.1,9.42,79.82
2023-09-26,13.08,0.33,0.0,0.33,8.47,17.82,11.0,76.21
2023-09-27,13.78,0.0,0.0,0.0,8.74,18.96,13.21,66.23
2023-09-28,15.1,0.0,0.0,0.0,10.4,20.9,11.84,68.26
2023-09-29,13.35,0.0,0.0,0.0,8.87,19.89,10.21,71.85
2023-09-30,11.91,0.0,0.0,0.0,7.85,15.84,8.97,80.32
2023-10-01,12.01,1.84,0.0,1.84,7.98,16.08,10.18,75.05
2023-10-02,8.55,17.6,0.0,17.6,7.12,10.93,9.95,85.55
2023-10-03,8.24,40.2,0.0,40.2,5.86,10.83,15.06,92.33
2023-10-04,6.0,18.51,0.0,18.51,3.91,8.27,9.34,86.29
2023-10-05,7.71,3.09,0.0,3.09,3.1,12.27,10.39,79.43
2023-10-06,7.74,0.02,0.0,0.02,2.77,12.03,11.15,80.96
2023-10-07,6.21,3.65,0.0,3.65,4.3,9.47,9.97,85.21
2023-10-08,8.88,0.0,0.0,0.0,2.39,15.02,13.41,68.58
2023-10-09,6.76,21.58,0.0,21.58,2.77,12.34,15.66,77.07
2023-10-10,4.03,0.15,0.0,0.15,0.3,6.71,9.06,78.44
2023-10-11,3.14,11.23,0.0,11.23,1.46,5.64,10.12,90.38
2023-10-12,5.15,0.48,0.0,0.48,0.59,11.35,10.59,77.29
2023-10-13,6.5,0.0,0.0,0.0,1.1,11.61,12.34,70.54
2023-10-14,6.5,0.0,0.0,0.0,0.27,11.73,10.56,66.06
2023-10-15,9.99,0.0,0.0,0.0,2.8,16.64,14.1,54.01
2023-10-16,7.61,1.69,0.0,1.69,3.72,10.23,11.2,69.26
2023-10-17,5.09,27.61,0.0,27.61,1.82,8.44,11.66,88.3
2023-10-18,3.78,0.95,0.0,0.95,-0.37,6.3,9.8,77.58
2023-10-19,3.36,16.66,0.0,16.66,1.91,5.24,8.57,95.26
2023-10-20,7.1,1.2,0.0,1.2,1.17,12.68,16.88,66.78
2023-10-21,8.85,0.0,0.0,0.0,3.31,14.75,14.12,60.19
2023-10-22,9.42,0.0,0.0,0.0,3.99,15.18,15.29,60.61
2023-10-23,9.79,0.0,0.0,0.0,4.39,15.51,13.7,66.41
2023-10-24,8.85,0.0,0.0,0.0,3.97,12.74,10.02,68.83
2023-10-25,9.87,0.64,0.0,0.64,4.67,14.01,11.31,70.57
2023-10-26,10.06,0.09,0.0,0.09,6.73,13.39,17.18,58.47
2023-10-27,10.81,0.03,0.0,0.03,7.47,15.25,17.55,59.2
2023-10-28,11.2,0.0,0.0,0.0,6.56,17.53,15.58,60.13
2023-10-29,9.42,0.0,0.0,0.0,4.83,13.85,10.29,69.36
2023-10-30,8.54,0.0,0.0,0.0,4.15,12.47,9.86,72.1
2023-10-31,10.21,0.0,0.0,0.0,4.34,14.7,12.77,68.89
2023-11-01,12.09,0.0,0.0,0.0,5.19,18.5,15.42,56.02
2023-11-02,9.88,0.0,0.0,0.0,5.52,14.8,9.47,64.75
2023-11-03,9.17,2.23,0.0,2.23,6.61,12.92,12.71,75.27
2023-11-04,8.47,0.39,0.0,0.39,3.89,13.55,14.55,69.99
2023-11-05,9.67,0.0,0.0,0.0,4.26,15.85,18.14,57.22
2023-11-06,8.08,8.35,0.0,8.35,4.89,14.09,15.56,68.96
2023-11-07,5.78,20.08,0.0,20.08,3.07,8.83,9.94,83.57
2023-11-08,5.2,0.02,0.0,0.02,0.92,10.39,14.66,63.91
2023-11-09,6.3,3.16,0.0,3.16,1.2,11.69,18.52,60.53
2023-11-10,2.38,9.85,0.0,9.85,0.44,6.14,10.23,83.03
2023-11-11,5.91,0.0,0.0,0.0,0.44,9.59,21.64,62.81
2023-11-12,8.28,0.0,0.0,0.0,3.85,13.22,23.22,56.41
2023-11-13,6.9,0.11,0.0,0.11,3.38,10.1,10.96,67.63
2023-11-14,5.96,17.85,0.0,17.85,2.76,10.53,13.79,80.46
2023-11-15,5.01,0.0,0.0,0.0,0.07,9.84,10.79,77.63
2023-11-16,5.15,5.18,0.0,5.18,1.6,9.29,16.4,72.98
2023-11-17,0.03,26.87,26.87,0.0,-2.08,2.76,16.06,83.88
2023-11-18,3.12,0.16,0.0,0.16,-1.94,5.57,25.15,56.27
2023-11-19,7.01,1.59,0.0,1.59,2.89,13.1,22.13,61.63
2023-11-20,0.18,45.33,45.33,0.0,-1.46,3.67,12.79,96.08
2023-11-21,-3.04,36.58,36.58,0.0,-4.4,-1.47,16.4,92.44
2023-11-22,0.11,8.2,8.2,0.0,-4.42,4.28,18.03,73.47
2023-11-23,-1.19,16.28,16.28,0.0,-2.33,0.53,16.37,80.29
2023-11-24,-0.12,15.71,15.71,0.0,-2.84,1.77,17.48,82.89
2023-11-25,5.08,0.16,0.0,0.16,-0.05,9.38,22.78,61.37
2023-11-26,9.03,0.07,0.0,0.07,3.92,12.75,25.55,54.46
2023-11-27,-4.15,47.78,47.78,0.0,-5.83,-0.23,12.57,92.93
2023-11-28,-4.59,12.46,12.46,0.0,-7.5,-0.76,11.54,80.28
2023-11-29,-0.8,0.16,0.16,0.0,-5.47,2.01,25.98,51.38
2023-11-30,0.88,1.47,1.47,0.0,-1.81,4.12,18.42,61.01
2023-12-01,1.92,0.61,0.61,0.0,-1.9,6.87,18.96,66.9
2023-12-02,3.92,0.0,0.0,0.0,1.0,10.41,19.51,54.28
2023-12-03,3.92,0.0,0.0,0.0,0.28,9.25,19.78,52.78
2023-12-04,3.66,0.0,0.0,0.0,-0.49,8.88,17.7,54.3
2023-12-05,1.9,1.03,1.03,0.0,-1.18,5.45,9.58,72.71
2023-12-06,1.42,5.82,5.82,0.0,0.41,2.51,11.31,86.12
2023-12-07,2.57,1.26,0.0,1.26,-0.66,6.45,10.72,80.52
2023-12-08,4.62,0.0,0.0,0.0,0.7,8.13,18.71,62.46
2023-12-09,5.96,0.18,0.0,0.18,3.25,8.87,18.58,59.98
2023-12-10,3.01,9.71,0.0,9.71,0.13,6.94,11.38,82.55
2023-12-11,1.54,1.11,1.11,0.0,-1.77,4.08,16.41,71.04
2023-12-12,3.0,1.01,0.0,1.01,0.49,5.74,13.16,67.02
2023-12-13,1.44,12.8,12.8,0.0,-0.67,4.12,9.5,91.5
2023-12-14,0.31,4.24,4.24,0.0,-3.03,4.17,12.1,78.65
2023-12-15,1.55,0.0,0.0,0.0,-2.23,5.88,20.68,54.51
2023-12-16,3.04,0.17,0.0,0.17,0.83,7.31,13.13,69.95
2023-12-17,-1.87,26.93,26.93,0.0,-4.65,1.72,16.72,91.22
2023-12-18,-4.6,6.47,6.47,0.0,-7.3,-0.84,9.43,79.76
2023-12-19,-3.54,0.08,0.08,0.0,-6.25,0.68,13.14,66.71
2023-12-20,-1.94,0.0,0.0,0.0,-6.54,2.07,15.59,57.67
2023-12-21,0.69,0.0,0.0,0.0,-3.54,3.88,22.96,47.08
2023-12-22,3.46,0.12,0.0,0.12,0.55,6.85,18.32,52.23
2023-12-23,-0.18,18.22,18.22,0.0,-3.88,4.01,19.43,74.89
2023-12-24,-3.62,37.97,37.97,0.0,-5.84,0.22,16.8,85.76
2023-12-25,-6.81,22.06,22.06,0.0,-8.44,-5.46,14.66,85.95
2023-12-26,-3.18,3.61,3.61,0.0,-5.9,-1.85,18.95,82.92
2023-12-27,1.22,0.28,0.28,0.0,-2.73,6.28,19.52,70.54
2023-12-28,-0.5,25.65,25.65,0.0,-3.51,2.98,15.14,86.32
2023-12-29,-2.43,1.71,1.71,0.0,-6.02,2.23,15.58,64.8
2023-12-30,-1.63,0.0,0.0,0.0,-4.78,3.05,16.34,53.48
2023-12-31,-2.75,0.0,0.0,0.0,-5.85,1.5,11.64,52.79
2024-01-01,-1.66,0.0,0.0,0.0,-5.77,2.1,14.5,54.86
2024-01-02,0.14,0.0,0.0,0.0,-2.98,2.68,15.59,51.18
2024-01-03,-1.7,18.13,18.13,0.0,-3.84,1.27,13.14,82.81
2024-01-04,-2.38,11.15,11.15,0.0,-4.45,-0.95,18.12,85.03
2024-01-05,-0.34,32.7,32.7,0.0,-1.98,1.02,18.25,86.85
2024-01-06,-0.48,35.3,35.3,0.0,-3.63,3.0,13.46,74.76
2024-01-07,0.7,0.0,0.0,0.0,-4.18,4.77,27.05,45.63
2024-01-08,1.9,0.19,0.19,0.0,-1.12,5.37,19.67,48.73
2024-01-09,-0.22,16.99,16.99,0.0,-1.66,2.72,11.21,88.95
2024-01-10,-1.41,7.2,7.2,0.0,-2.97,0.18,9.13,93.26
2024-01-11,-3.6,2.4,2.4,0.0,-4.8,-2.12,5.69,90.41
2024-01-12,-4.57,7.77,7.77,0.0,-6.32,-2.59,7.17,87.84
2024-01-13,-6.95,24.18,24.18,0.0,-9.55,-3.87,13.15,86.53
2024-01-14,-8.68,3.95,3.95,0.0,-12.71,-3.99,12.56,72.87
2024-01-15,-6.56,0.0,0.0,0.0,-10.81,-2.39,24.13,56.49
2024-01-16,-2.4,0.73,0.73,0.0,-7.08,1.26,25.02,55.72
2024-01-17,-3.33,13.78,13.78,0.0,-4.77,-1.75,10.44,93.37
2024-01-18,-0.29,0.68,0.68,0.0,-5.12,5.32,17.99,71.9
2024-01-19,1.69,0.02,0.02,0.0,-2.67,5.85,21.78,52.45
2024-01-20,2.53,0.34,0.0,0.34,-0.6,5.98,16.05,62.01
2024-01-21,-0.1,10.8,10.8,0.0,-3.03,3.27,13.98,83.7
2024-01-22,-5.03,15.98,15.98,0.0,-6.0,-3.17,10.16,92.77
2024-01-23,-6.03,1.93,1.93,0.0,-8.02,-3.97,5.87,84.3
2024-01-24,-5.98,0.07,0.07,0.0,-8.0,-3.5,7.83,80.83
2024-01-25,-5.31,0.0,0.0,0.0,-8.83,-1.5,12.84,63.78
2024-01-26,-4.08,0.16,0.16,0.0,-7.37,-0.21,8.77,65.07
2024-01-27,-6.32,16.83,16.83,0.0,-7.12,-4.93,10.9,92.37
2024-01-28,-5.96,10.06,10.06,0.0,-8.42,-3.86,9.09,86.17
2024-01-29,-5.78,0.07,0.07,0.0,-8.67,-1.61,10.53,78.55
2024-01-30,-6.44,0.0,0.0,0.0,-9.95,-0.9,11.92,68.84
2024-01-31,-6.57,0.0,0.0,0.0,-10.68,-1.8,13.03,55.42
2024-02-01,-6.0,0.0,0.0,0.0,-10.27,-1.94,11.05,56.93
2024-02-02,-5.07,0.0,0.0,0.0,-9.05,-0.38,10.26,57.36
2024-02-03,-6.14,7.33,7.33,0.0,-7.84,-3.73,9.71,75.81
2024-02-04,-4.51,0.99,0.99,0.0,-7.25,-2.21,11.7,78.79
2024-02-05,-3.23,12.27,12.27,0.0,-4.27,-1.41,12.18,85.65
2024-02-06,-1.36,62.64,62.64,0.0,-3.88,-0.08,19.41,92.55
2024-02-07,0.53,46.51,46.51,0.0,-4.51,5.75,16.26,69.87
2024-02-08,1.65,0.02,0.02,0.0,-2.93,7.65,19.69,60.51
2024-02-09,2.46,0.13,0.0,0.13,-1.24,7.44,16.53,63.12
2024-02-10,2.43,0.0,0.0,0.0,-2.2,8.59,18.6,59.91
2024-02-11,3.53,0.0,0.0,0.0,-1.85,9.25,18.5,53.84
2024-02-12,4.48,0.0,0.0,0.0,0.12,9.41,18.1,46.85
2024-02-13,5.1,0.0,0.0,0.0,0.69,9.32,16.79,44.0
2024-02-14,4.95,0.0,0.0,0.0,0.51,10.41,17.98,54.02
2024-02-15,1.24,3.05,3.05,0.0,-1.49,4.38,8.94,79.34
2024-02-16,0.01,0.83,0.83,0.0,-3.34,3.05,6.74,86.29
2024-02-17,-0.36,3.31,3.31,0.0,-1.65,1.62,6.0,95.57
2024-02-18,-0.78,6.11,6.11,0.0,-1.69,0.56,10.79,94.55
2024-02-19,-2.55,3.82,3.82,0.0,-3.88,-1.08,7.62,90.99
2024-02-20,-2.42,1.12,1.12,0.0,-4.89,0.2,5.47,86.77
2024-02-21,-1.31,0.0,0.0,0.0,-5.31,2.03,6.65,78.26
2024-02-22,-0.37,1.87,1.87,0.0,-4.02,3.22,8.65,76.56
2024-02-23,-1.41,2.37,2.37,0.0,-4.92,1.51,7.29,81.55
2024-02-24,-0.2,0.0,0.0,0.0,-6.02,6.14,12.45,60.75
2024-02-25,0.2,0.0,0.0,0.0,-5.3,5.11,14.56,53.02
2024-02-26,2.16,0.0,0.0,0.0,-2.93,6.37,23.39,28.99
2024-02-27,0.99,0.0,0.0,0.0,-4.65,6.08,20.26,33.19
2024-02-28,-1.15,0.0,0.0,0.0,-7.21,4.08,11.6,42.41
2024-02-29,-0.67,0.0,0.0,0.0,-6.59,5.71,10.64,45.84
2024-03-01,0.52,0.0,0.0,0.0,-6.58,5.88,12.41,38.58
2024-03-02,3.39,0.0,0.0,0.0,-2.69,8.18,14.72,39.11
2024-03-03,1.59,0.0,0.0,0.0,-1.34,6.01,12.29,62.17
2024-03-04,0.53,0.79,0.79,0.0,-2.48,3.62,5.98,82.41
2024-03-05,2.31,0.0,0.0,0.0,-3.44,6.79,8.25,71.19
2024-03-06,3.33,0.78,0.0,0.78,-0.23,7.96,16.13,59.19
2024-03-07,-0.93,18.43,18.43,0.0,-1.46,0.17,10.56,93.66
2024-03-08,-1.9,8.08,8.08,0.0,-5.02,1.41,8.66,84.54
2024-03-09,-1.36,0.82,0.82,0.0,-5.33,2.82,9.14,77.16
2024-03-10,-3.26,5.22,5.22,0.0,-5.33,-1.59,8.42,84.58
2024-03-11,-1.89,0.02,0.02,0.0,-6.73,1.52,9.21,71.13
2024-03-12,2.1,0.0,0.0,0.0,-6.09,7.44,14.45,46.51
2024-03-13,6.57,0.0,0.0,0.0,-0.93,11.51,20.6,41.41
2024-03-14,3.91,0.02,0.0,0.02,0.31,7.87,16.47,57.84
2024-03-15,1.11,2.71,2.71,0.0,-2.05,4.53,10.18,73.26
2024-03-16,-0.98,22.12,22.12,0.0,-2.61,0.71,8.28,93.4
2024-03-17,-0.27,0.75,0.75,0.0,-2.49,1.92,5.9,81.28
2024-03-18,1.15,0.64,0.64,0.0,-2.68,4.13,7.97,78.61
2024-03-19,0.26,6.26,6.26,0.0,-1.25,2.72,10.2,88.15
2024-03-20,-0.98,2.48,2.48,0.0,-3.48,0.95,7.86,84.24
2024-03-21,-0.28,1.82,1.82,0.0,-4.98,3.96,8.69,80.59
2024-03-22,-2.01,12.18,12.18,0.0,-3.36,-0.18,10.37,91.25
2024-03-23,-3.02,8.35,8.35,0.0,-5.7,-0.76,8.23,83.48
2024-03-24,-0.91,4.55,4.55,0.0,-5.28,3.52,8.4,75.33
2024-03-25,1.05,0.19,0.19,0.0,-5.44,5.54,11.65,54.67
2024-03-26,-1.03,13.68,13.68,0.0,-3.79,1.87,18.21,70.43
2024-03-27,0.06,2.04,2.04,0.0,-6.13,4.51,12.02,60.17
2024-03-28,4.14,0.0,0.0,0.0,-3.21,11.55,15.63,47.95
2024-03-29,6.52,0.08,0.0,0.08,0.85,13.66,17.1,57.12
2024-03-30,6.06,2.05,0.0,2.05,2.05,9.05,12.65,70.53
2024-03-31,7.43,0.0,0.0,0.0,1.49,12.82,11.54,51.98
2024-04-01,8.77,0.0,0.0,0.0,3.4,14.25,12.31,46.35
2024-04-02,9.75,0.0,0.0,0.0,4.25,16.65,14.15,42.12
2024-04-03,8.86,0.13,0.0,0.13,3.28,18.64,19.63,49.88
2024-04-04,5.05,0.95,0.0,0.95,0.55,8.64,7.2,64.09
2024-04-05,3.13,9.12,0.0,9.12,0.37,7.6,13.27,77.42
2024-04-06,1.8,1.45,1.45,0.0,-2.21,5.7,7.82,78.11
2024-04-07,2.64,0.0,0.0,0.0,-3.06,7.38,9.15,77.19
2024-04-08,4.8,0.0,0.0,0.0,-1.25,8.93,10.34,67.17
2024-04-09,6.41,0.0,0.0,0.0,0.78,11.56,12.23,68.03
2024-04-10,2.2,0.0,0.0,0.0,-0.33,4.26,7.86,80.07
2024-04-11,3.24,0.04,0.0,0.04,-0.22,5.93,6.4,83.23
2024-04-12,4.76,0.0,0.0,0.0,0.55,8.57,7.93,78.18
2024-04-13,3.61,0.07,0.0,0.07,1.82,5.19,6.96,84.15
2024-04-14,2.05,3.37,0.0,3.37,0.58,3.53,7.3,87.7
2024-04-15,4.62,0.15,0.0,0.15,-1.26,8.41,7.72,76.07
2024-04-16,10.21,0.0,0.0,0.0,0.48,16.42,12.38,50.14
2024-04-17,14.55,0.0,0.0,0.0,5.7,21.31,14.86,36.58
2024-04-18,15.52,0.0,0.0,0.0,8.67,22.71,14.88,38.18
2024-04-19,9.67,0.05,0.0,0.05,6.33,15.9,12.57,66.82
2024-04-20,10.88,0.0,0.0,0.0,3.37,15.42,10.9,64.26
2024-04-21,9.11,0.01,0.0,0.01,5.32,14.55,10.38,63.67
2024-04-22,9.48,0.0,0.0,0.0,1.26,13.23,9.62,66.32
2024-04-23,8.57,0.0,0.0,0.0,1.31,12.97,7.62,63.84
2024-04-24,13.03,0.0,0.0,0.0,2.95,19.09,13.38,42.7
2024-04-25,16.9,0.0,0.0,0.0,7.95,23.18,18.71,34.44
2024-04-26,15.34,0.0,0.0,0.0,9.05,23.09,12.5,48.12
2024-04-27,11.69,0.0,0.0,0.0,7.27,16.26,8.83,71.56
2024-04-28,11.75,0.0,0.0,0.0,4.81,16.8,10.91,67.42
2024-04-29,8.93,0.0,0.0,0.0,4.51,13.03,7.89,75.1
2024-04-30,7.54,0.0,0.0,0.0,4.53,10.92,7.27,81.01
2024-05-01,10.13,0.0,0.0,0.0,6.0,15.28,6.92,77.07
2024-05-02,5.83,5.89,0.0,5.89,4.19,8.6,6.51,86.71
2024-05-03,5.27,12.03,0.0,12.03,3.46,7.13,7.83,89.59
2024-05-04,6.3,1.1,0.0,1.1,2.94,10.03,5.86,82.74
2024-05-05,4.72,28.53,0.0,28.53,1.58,7.0,11.09,91.56
2024-05-06,0.9,14.15,14.15,0.0,-0.73,2.31,9.5,85.67
2024-05-07,2.43,2.7,0.0,2.7,-0.2,5.79,7.09,84.1
2024-05-08,5.31,0.25,0.0,0.25,0.72,8.91,8.88,69.94
2024-05-09,7.93,0.0,0.0,0.0,-0.17,12.83,10.54,57.76
2024-05-10,9.42,0.74,0.0,0.74,3.2,13.34,9.32,67.63
2024-05-11,11.13,2.95,0.0,2.95,6.43,18.26,19.39,66.65
2024-05-12,6.15,7.17,0.0,7.17,3.87,9.0,12.7,87.29
2024-05-13,3.03,2.32,0.0,2.32,0.8,6.08,10.43,79.26
2024-05-14,0.62,10.2,10.2,0.0,-0.63,2.22,9.37,86.63
2024-05-15,4.35,0.13,0.0,0.13,-1.83,8.39,8.09,78.33
2024-05-16,3.82,4.2,0.0,4.2,0.16,8.42,9.27,81.12
2024-05-17,4.15,4.14,0.0,4.14,0.02,7.79,8.55,77.32
2024-05-18,5.31,0.01,0.0,0.01,-1.42,9.2,10.23,65.16
2024-05-19,5.25,0.04,0.0,0.04,-0.31,8.99,9.94,67.47
2024-05-20,6.66,0.0,0.0,0.0,-0.24,10.79,9.07,70.89
2024-05-21,7.55,0.0,0.0,0.0,0.46,13.46,9.15,74.75
2024-05-22,9.36,0.0,0.0,0.0,2.29,13.33,9.72,72.14
2024-05-23,11.87,0.0,0.0,0.0,4.78,15.71,9.98,67.46
2024-05-24,12.03,0.31,0.0,0.31,7.88,16.25,12.93,69.52
2024-05-25,7.49,6.13,0.0,6.13,5.38,10.34,14.44,72.75
2024-05-26,7.61,1.29,0.0,1.29,3.77,10.68,10.94,77.52
2024-05-27,10.42,5.82,0.0,5.82,4.27,14.93,8.25,76.45
2024-05-28,12.8,0.16,0.0,0.16,6.32,17.81,11.68,69.12
2024-05-29,10.32,0.37,0.0,0.37,7.37,13.44,8.29,79.38
2024-05-30,11.9,0.26,0.0,0.26,5.97,16.84,10.42,72.1
2024-05-31,9.86,8.18,0.0,8.18,6.66,12.86,9.25,81.51
2024-06-01,9.18,6.61,0.0,6.61,6.62,11.85,8.6,83.17
2024-06-02,12.19,0.0,0.0,0.0,4.7,16.6,10.78,66.8
2024-06-03,13.49,0.0,0.0,0.0,5.96,17.58,9.28,61.5
2024-06-04,14.91,0.0,0.0,0.0,6.61,19.19,9.1,63.03
2024-06-05,16.82,0.0,0.0,0.0,9.77,21.52,10.18,61.9
2024-06-06,14.95,0.0,0.0,0.0,8.85,19.15,8.72,65.91
2024-06-07,13.33,0.0,0.0,0.0,7.54,16.67,9.07,75.19
2024-06-08,12.56,0.09,0.0,0.09,7.72,15.8,7.18,79.12
2024-06-09,11.18,7.86,0.0,7.86,8.89,14.82,8.56,86.48
2024-06-10,11.67,6.03,0.0,6.03,8.0,15.54,8.07,83.18
2024-06-11,14.27,0.07,0.0,0.07,7.83,17.6,9.52,73.43
2024-06-12,16.11,0.0,0.0,0.0,8.22,19.73,10.34,63.87
2024-06-13,15.74,0.0,0.0,0.0,9.23,19.78,10.6,56.75
2024-06-14,17.27,0.0,0.0,0.0,9.43,20.81,11.23,54.38
2024-06-15,15.69,0.0,0.0,0.0,11.16,21.65,15.11,61.14
2024-06-16,12.4,5.61,0.0,5.61,10.25,14.86,7.96,85.6
2024-06-17,13.21,0.0,0.0,0.0,10.28,15.98,6.9,84.01
2024-06-18,13.37,0.49,0.0,0.49,10.26,16.6,7.61,83.63
2024-06-19,14.31,0.02,0.0,0.02,10.44,17.16,6.43,83.67
2024-06-20,13.39,2.67,0.0,2.67,11.06,17.02,6.84,85.74
2024-06-21,13.76,5.99,0.0,5.99,10.1,16.96,10.88,82.65
2024-06-22,13.5,1.39,0.0,1.39,9.47,16.57,8.59,78.89
2024-06-23,13.77,0.0,0.0,0.0,8.02,17.37,9.32,75.52
2024-06-24,14.74,0.0,0.0,0.0,9.27,18.18,7.58,74.62
2024-06-25,14.2,1.36,0.0,1.36,10.05,17.93,9.41,76.83
2024-06-26,12.1,31.16,0.0,31.16,8.79,14.82,13.64,83.5
2024-06-27,11.15,10.66,0.0,10.66,5.78,14.64,10.63,71.32
2024-06-28,11.99,0.24,0.0,0.24,5.86,15.46,10.79,70.32
2024-06-29,12.45,0.23,0.0,0.23,6.23,16.05,9.9,75.47
2024-06-30,12.58,1.37,0.0,1.37,8.92,16.56,8.38,78.38
2024-07-01,11.57,8.32,0.0,8.32,8.84,14.85,10.49,80.69
2024-07-02,12.67,4.53,0.0,4.53,8.61,16.3,8.59,82.56
2024-07-03,15.58,0.0,0.0,0.0,9.3,18.97,10.55,73.34
2024-07-04,19.4,0.26,0.0,0.26,11.47,25.26,13.53,61.24
2024-07-05,17.7,0.06,0.0,0.06,13.9,23.07,12.94,72.94
2024-07-06,15.07,1.37,0.0,1.37,12.75,18.56,10.03,86.01
2024-07-07,14.42,1.67,0.0,1.67,9.66,17.07,8.64,84.19
2024-07-08,15.61,2.06,0.0,2.06,10.96,18.99,7.76,82.3
2024-07-09,15.16,0.94,0.0,0.94,11.44,19.05,7.21,77.14
2024-07-10,18.05,0.05,0.0,0.05,13.29,22.68,9.57,73.23
2024-07-11,17.19,6.08,0.0,6.08,10.9,21.92,9.87,70.57
2024-07-12,16.42,1.44,0.0,1.44,12.8,19.32,8.51,83.15
2024-07-13,16.67,0.85,0.0,0.85,12.02,20.06,8.15,82.3
2024-07-14,15.49,6.16,0.0,6.16,11.94,19.17,8.68,84.01
2024-07-15,15.13,4.99,0.0,4.99,11.85,18.74,9.36,82.07
2024-07-16,15.97,0.0,0.0,0.0,11.89,18.92,7.28,81.61
2024-07-17,18.2,1.57,0.0,1.57,14.16,22.06,7.61,81.01
2024-07-18,15.95,3.46,0.0,3.46,11.69,20.47,8.49,82.53
2024-07-19,14.89,3.63,0.0,3.63,10.69,18.04,8.68,84.23
2024-07-20,14.01,20.8,0.0,20.8,11.17,17.42,7.77,86.22
2024-07-21,14.81,1.66,0.0,1.66,10.76,18.55,8.46,76.77
2024-07-22,16.68,0.2,0.0,0.2,10.8,20.38,10.2,73.59
2024-07-23,16.38,0.15,0.0,0.15,10.69,21.01,10.4,73.18
2024-07-24,13.84,4.46,0.0,4.46,10.67,17.46,9.54,81.1
2024-07-25,15.36,7.51,0.0,7.51,10.08,19.54,8.32,76.66
2024-07-26,13.79,3.08,0.0,3.08,10.13,18.17,10.25,78.33
2024-07-27,12.34,12.56,0.0,12.56,9.55,17.44,9.33,84.21
2024-07-28,13.05,14.33,0.0,14.33,9.18,16.09,9.44,82.24
2024-07-29,14.79,1.38,0.0,1.38,9.12,18.55,8.94,76.74
2024-07-30,14.55,0.15,0.0,0.15,9.1,17.99,10.95,78.25
2024-07-31,12.09,19.24,0.0,19.24,10.44,14.75,10.74,86.59
2024-08-01,13.36,0.11,0.0,0.11,8.86,17.46,8.82,78.74
2024-08-02,13.3,0.43,0.0,0.43,9.93,16.83,7.27,82.18
2024-08-03,14.25,0.14,0.0,0.14,10.6,17.07,7.49,82.3
2024-08-04,16.16,0.08,0.0,0.08,10.65,19.8,8.11,77.62
2024-08-05,15.51,0.12,0.0,0.12,10.27,19.41,9.5,75.17
2024-08-06,15.67,0.03,0.0,0.03,11.35,19.2,7.95,81.04
2024-08-07,15.97,0.92,0.0,0.92,11.05,19.9,9.35,78.99
2024-08-08,14.74,0.62,0.0,0.62,10.11,18.74,7.68,79.7
2024-08-09,14.84,0.0,0.0,0.0,9.64,18.37,8.83,79.15
2024-08-10,13.99,0.53,0.0,0.53,11.33,16.76,7.73,78.84
2024-08-11,15.35,0.93,0.0,0.93,9.78,18.89,10.41,74.25
2024-08-12,14.78,6.61,0.0,6.61,11.25,18.78,11.67,81.28
2024-08-13,14.76,1.62,0.0,1.62,9.92,18.52,10.2,78.74
2024-08-14,14.53,0.0,0.0,0.0,8.42,19.56,11.02,74.15
2024-08-15,14.39,0.0,0.0,0.0,8.05,18.44,10.82,75.08
2024-08-16,13.33,0.78,0.0,0.78,9.17,18.15,10.31,78.01
2024-08-17,13.92,0.0,0.0,0.0,7.54,18.43,10.65,72.79
2024-08-18,15.4,0.0,0.0,0.0,8.63,19.97,11.62,69.11
2024-08-19,17.34,0.0,0.0,0.0,11.13,22.03,9.79,66.99
2024-08-20,17.16,0.0,0.0,0.0,11.45,21.04,8.03,72.1
2024-08-21,18.1,0.0,0.0,0.0,11.55,23.04,9.49,69.31
2024-08-22,18.24,0.0,0.0,0.0,12.19,23.54,10.14,68.13
2024-08-23,17.06,0.67,0.0,0.67,13.61,20.72,8.68,83.05
2024-08-24,15.89,3.71,0.0,3.71,13.08,19.51,8.07,86.82
2024-08-25,13.73,3.05,0.0,3.05,10.03,17.45,9.85,83.22
2024-08-26,14.07,14.32,0.0,14.32,9.72,17.88,8.97,82.11
2024-08-27,17.42,0.0,0.0,0.0,9.89,18.77,9.5,72.59
2024-08-28,15.98,2.65,0.0,2.65,10.06,19.29,9.33,74.14
2024-08-29,16.18,1.87,0.0,1.87,11.44,19.81,8.34,77.18
2024-08-31,14.35,2.75,0.0,2.75,9.45,17.93,11.4,77.25
2024-09-01,15.8,8.99,0.0,8.99,10.15,19.44,9.15,79.17
2024-09-02,16.48,0.0,0.0,0.0,12.1,20.95,8.46,80.72
2024-09-03,15.71,0.0,0.0,0.0,11.63,19.45,8.1,82.64
2024-09-04,14.66,0.0,0.0,0.0,11.7,18.45,7.75,84.19
2024-09-05,13.97,3.46,0.0,3.46,10.14,17.77,7.35,84.33
2024-09-06,13.02,8.61,0.0,8.61,10.01,17.35,6.98,83.98
2024-09-07,13.92,0.0,0.0,0.0,9.0,18.55,12.66,74.32
2024-09-08,16.43,0.25,0.0,0.25,12.61,21.65,13.4,70.05
2024-09-09,15.22,0.16,0.0,0.16,10.14,19.2,12.21,67.3
2024-09-10,16.95,2.92,0.0,2.92,11.18,21.87,11.01,63.69
2024-09-11,17.91,0.0,0.0,0.0,12.44,24.4,12.0,61.51
2024-09-12,15.74,0.93,0.0,0.93,10.89,19.91,11.12,67.9
2024-09-13,15.84,1.39,0.0,1.39,12.78,20.8,7.98,82.17
2024-09-14,15.47,0.0,0.0,0.0,11.09,19.5,9.48,77.43
2024-09-15,15.71,0.0,0.0,0.0,11.14,19.63,12.74,70.88
2024-09-16,14.52,30.76,0.0,30.76,11.76,19.66,13.34,73.03
2024-09-17,11.79,23.87,0.0,23.87,10.42,14.15,9.31,86.02
2024-09-18,11.07,0.74,0.0,0.74,5.83,15.7,11.1,77.5
2024-09-19,11.8,0.3,0.0,0.3,7.15,15.81,11.3,76.09
2024-09-20,9.99,13.5,0.0,13.5,7.73,13.28,8.54,80.83
2024-09-21,10.71,1.94,0.0,1.94,6.23,14.71,10.09,78.07
2024-09-22,10.75,0.33,0.0,0.33,7.17,14.72,9.84,75.19
2024-09-23,11.24,3.01,0.0,3.01,7.11,15.92,9.57,77.42
2024-09-24,9.62,0.11,0.0,0.11,6.68,13.14,9.85,78.4
2024-09-25,10.88,0.07,0.0,0.07,5.53,14.82,11.39,78.86
2024-09-26,11.13,0.48,0.0,0.48,6.06,14.6,9.94,78.28
2024-09-27,11.37,0.37,0.0,0.37,6.58,15.5,8.96,77.62
2024-09-28,12.55,0.0,0.0,0.0,7.57,19.09,10.66,70.88
2024-09-29,15.49,0.0,0.0,0.0,9.11,20.74,14.83,56.2
2024-09-30,13.72,0.0,0.0,0.0,8.35,19.05,11.24,56.43
2024-10-01,10.91,22.1,0.0,22.1,8.33,15.36,9.82,76.63
2024-10-02,6.87,28.52,0.0,28.52,4.63,9.48,9.93,82.29
2024-10-03,8.73,0.38,0.0,0.38,4.11,13.77,11.87,72.58
2024-10-04,9.3,0.0,0.0,0.0,4.2,14.71,12.47,66.95
2024-10-05,10.14,0.0,0.0,0.0,4.83,15.85,12.29,65.33
2024-10-06,12.41,0.0,0.0,0.0,5.6,18.63,14.5,54.88
2024-10-07,14.02,0.0,0.0,0.0,8.18,21.15,16.04,55.56
2024-10-08,10.42,9.96,0.0,9.96,8.11,14.38,9.63,83.77
2024-10-09,10.68,0.0,0.0,0.0,5.71,16.33,11.94,69.53
2024-10-10,10.87,0.0,0.0,0.0,5.96,16.22,15.31,63.91
2024-10-11,11.33,5.99,0.0,5.99,9.04,15.45,10.44,80.69
2024-10-12,11.11,0.0,0.0,0.0,5.85,15.91,11.55,69.57
2024-10-13,11.3,17.47,0.0,17.47,8.77,15.53,12.32,75.74
2024-10-14,7.79,19.05,0.0,19.05,6.06,11.05,7.24,86.22
2024-10-15,7.52,8.57,0.0,8.57,5.32,10.36,7.66,88.23
2024-10-16,8.69,2.37,0.0,2.37,5.32,12.98,7.2,83.05
2024-10-17,6.73,33.67,0.0,33.67,3.99,9.95,11.93,86.7
2024-10-18,3.75,25.49,0.0,25.49,1.27,7.01,13.11,80.78
2024-10-19,1.24,13.28,13.28,0.0,-1.08,4.81,11.57,78.71
2024-10-20,2.38,24.73,0.0,24.73,-0.27,6.38,13.05,78.05
2024-10-21,-2.21,33.69,33.69,0.0,-4.23,0.22,13.55,90.76
2024-10-22,2.01,5.62,0.0,5.62,-2.35,6.5,12.31,78.6
2024-10-23,2.58,3.6,0.0,3.6,-1.72,6.39,11.38,80.25
2024-10-24,3.68,12.8,0.0,12.8,0.48,7.91,10.28,81.82
2024-10-25,3.64,17.62,0.0,17.62,1.37,7.39,9.3,82.12
2024-10-26,3.55,32.83,0.0,32.83,1.51,5.55,11.51,88.0
2024-10-27,2.84,11.67,0.0,11.67,-0.68,8.27,10.66,75.47
2024-10-28,2.54,0.0,0.0,0.0,-2.2,8.53,13.16,67.17
2024-10-29,2.59,0.0,0.0,0.0,-2.1,7.86,11.95,68.67
2024-10-30,2.53,0.0,0.0,0.0,-2.26,8.64,12.23,72.69
2024-10-31,2.83,0.0,0.0,0.0,-1.95,8.18,11.75,73.44
2024-11-01,3.39,0.0,0.0,0.0,-1.21,8.8,12.71,74.42
2024-11-02,4.62,0.0,0.0,0.0,-0.54,10.31,12.78,65.23
2024-11-03,4.36,9.15,0.0,9.15,0.49,9.16,13.59,76.3
2024-11-04,0.22,5.34,5.34,0.0,-2.07,4.61,8.63,83.58
2024-11-05,0.48,33.99,33.99,0.0,-1.82,3.11,16.72,82.78
2024-11-06,-0.92,19.94,19.94,0.0,-4.27,3.98,9.46,81.76
2024-11-07,-0.47,0.0,0.0,0.0,-3.49,4.87,11.81,75.53
2024-11-08,0.03,0.0,0.0,0.0,-4.22,5.56,12.73,73.84
2024-11-09,1.1,0.0,0.0,0.0,-1.67,6.96,11.85,68.8
2024-11-10,1.59,0.0,0.0,0.0,-2.88,7.18,12.64,62.66
2024-11-11,2.38,0.0,0.0,0.0,-1.31,7.13,10.7,66.23
2024-11-12,2.31,0.04,0.0,0.04,-0.88,8.23,9.06,74.63
2024-11-13,1.68,0.0,0.0,0.0,-2.09,8.12,10.55,70.78
2024-11-14,1.78,0.0,0.0,0.0,-2.1,8.01,9.68,67.6
2024-11-15,3.38,0.0,0.0,0.0,-0.68,8.75,11.02,63.39
2024-11-16,2.62,27.28,0.0,27.28,-0.27,7.6,10.81,78.32
2024-11-17,1.13,2.05,2.05,0.0,-2.73,6.75,10.44,76.4
2024-11-18,4.6,1.89,0.0,1.89,-0.11,10.58,15.81,66.17
2024-11-19,3.06,16.31,0.0,16.31,1.34,4.97,8.16,85.48
2024-11-20,3.8,0.0,0.0,0.0,0.25,8.84,12.66,74.88
2024-11-21,5.43,0.0,0.0,0.0,1.77,12.74,17.34,59.68
2024-11-22,5.11,0.04,0.0,0.04,2.13,8.7,13.11,65.55
2024-11-23,6.31,0.0,0.0,0.0,1.92,12.34,18.97,59.85
2024-11-24,1.45,14.26,14.26,0.0,-2.03,7.45,14.86,84.72
2024-11-25,-2.41,20.94,20.94,0.0,-4.38,-0.47,11.26,87.41
2024-11-26,-3.34,9.83,9.83,0.0,-5.95,0.17,11.77,80.52
2024-11-27,-1.01,40.65,40.65,0.0,-2.51,1.63,13.96,87.58
2024-11-28,-2.68,30.45,30.45,0.0,-5.27,-0.18,15.5,85.0
2024-11-29,-2.46,2.01,2.01,0.0,-4.44,1.91,10.53,75.58
2024-11-30,-2.85,0.0,0.0,0.0,-5.07,2.18,12.44,68.25
2024-12-01,-2.7,0.0,0.0,0.0,-6.54,3.47,12.81,65.74
2024-12-02,-3.27,0.0,0.0,0.0,-5.7,0.97,13.08,65.23
2024-12-03,-2.68,0.0,0.0,0.0,-6.49,3.0,14.27,65.91
2024-12-04,-1.82,0.0,0.0,0.0,-4.96,3.02,18.07,54.42
2024-12-05,-1.07,0.0,0.0,0.0,-4.09,4.37,14.37,60.15
2024-12-06,-0.93,0.11,0.11,0.0,-3.93,4.57,11.84,67.28
2024-12-07,1.03,0.0,0.0,0.0,-3.36,5.64,19.92,57.8
2024-12-08,2.04,0.0,0.0,0.0,-1.36,6.43,18.23,53.58
2024-12-09,2.35,0.0,0.0,0.0,0.05,7.57,16.44,61.83
2024-12-10,2.75,0.0,0.0,0.0,-0.32,8.05,19.03,64.89
2024-12-14,-7.39,44.72,44.72,0.0,-8.82,-5.52,17.87,80.56
2024-12-15,-6.22,6.6,6.6,0.0,-10.18,-3.2,23.44,57.71
2024-12-16,-5.06,8.83,8.83,0.0,-7.77,-2.02,15.09,67.97
2024-12-17,-3.99,11.47,11.47,0.0,-6.47,-0.44,12.85,83.64
2024-12-18,-1.89,21.18,21.18,0.0,-5.42,0.92,18.56,87.28
2024-12-19,-0.53,10.32,10.32,0.0,-4.53,2.68,12.67,82.62
2024-12-20,-1.82,0.0,0.0,0.0,-4.65,2.74,16.24,68.09
2024-12-21,-0.81,0.0,0.0,0.0,-4.43,4.12,19.34,60.68
2024-12-22,-0.48,0.33,0.33,0.0,-2.85,3.23,18.36,56.32
2024-12-23,0.27,0.04,0.04,0.0,-3.45,5.07,18.02,63.23
2024-12-24,1.75,0.07,0.07,0.0,-0.98,6.05,17.99,61.61
2024-12-25,2.27,0.0,0.0,0.0,-0.56,7.54,20.63,59.92
2024-12-26,1.56,0.0,0.0,0.0,-0.62,4.85,17.51,57.03
2024-12-27,0.82,0.0,0.0,0.0,-1.26,3.53,11.27,68.84
2024-12-28,0.03,16.14,16.14,0.0,-1.8,1.85,10.54,87.63
2024-12-29,-2.18,10.77,10.77,0.0,-4.0,0.7,6.9,85.49
2024-12-30,-1.67,0.0,0.0,0.0,-4.05,2.41,8.32,77.71
2024-12-31,-2.31,1.52,1.52,0.0,-3.48,-0.93,7.54,82.62
2025-01-01,-2.4,1.37,1.37,0.0,-4.32,0.96,6.63,82.56
2025-01-02,-0.95,0.0,0.0,0.0,-4.79,3.44,15.11,68.7
2025-01-03,-1.42,0.0,0.0,0.0,-4.43,3.23,16.32,56.61
2025-01-04,-1.42,0.0,0.0,0.0,-5.31,3.54,16.72,52.32
2025-01-05,-1.92,4.86,4.86,0.0,-4.27,1.55,10.63,68.95
2025-01-06,-2.81,6.77,6.77,0.0,-5.64,1.69,7.51,79.21
2025-01-07,-0.95,0.0,0.0,0.0,-4.75,3.59,16.77,62.45
2025-01-08,-0.12,0.0,0.0,0.0,-3.71,5.06,15.25,60.24
2025-01-09,-0.23,0.0,0.0,0.0,-3.44,4.69,13.13,60.47
2025-01-10,0.02,0.0,0.0,0.0,-3.93,4.52,12.58,63.0
2025-01-11,0.33,0.0,0.0,0.0,-4.05,5.05,10.68,63.61
2025-01-12,0.6,0.0,0.0,0.0,-3.24,6.73,14.08,58.13
2025-01-13,1.71,0.0,0.0,0.0,-1.46,5.59,18.42,58.74
2025-01-14,-0.7,3.18,3.18,0.0,-3.31,2.63,8.94,82.2
2025-01-15,-0.66,1.26,1.26,0.0,-3.67,2.1,6.83,81.54
2025-01-16,-1.35,13.99,13.99,0.0,-3.2,0.28,8.72,87.2
2025-01-17,-3.75,14.3,14.3,0.0,-5.47,-1.54,12.24,87.43
2025-01-18,-3.52,8.28,8.28,0.0,-5.46,-1.81,12.15,85.29
2025-01-19,-3.4,38.42,38.42,0.0,-4.87,-1.38,16.61,88.27
2025-01-20,-4.54,22.87,22.87,0.0,-5.94,-2.53,14.01,85.84
2025-01-21,-3.35,1.2,1.2,0.0,-6.73,0.81,12.81,70.19
2025-01-22,-1.35,0.0,0.0,0.0,-5.16,2.82,16.57,58.48
2025-01-23,-1.43,0.0,0.0,0.0,-4.44,2.23,9.63,60.27
2025-01-24,-1.21,0.0,0.0,0.0,-4.17,2.43,9.8,68.74
2025-01-25,0.12,0.0,0.0,0.0,-3.38,5.27,13.84,62.3
2025-01-26,-1.42,0.62,0.62,0.0,-3.81,1.34,10.92,68.77
2025-01-27,-2.03,0.0,0.0,0.0,-5.18,2.53,10.72,68.93
2025-01-28,-0.9,0.0,0.0,0.0,-5.02,3.55,13.33,56.99
2025-01-29,-0.62,0.0,0.0,0.0,-4.28,5.02,16.44,47.51
2025-01-30,-0.56,0.0,0.0,0.0,-4.34,5.48,15.0,46.26
2025-01-31,-0.84,0.0,0.0,0.0,-4.94,4.94,13.17,55.77
2025-02-01,-1.55,0.0,0.0,0.0,-5.14,4.47,9.05,62.46
2025-02-02,-1.91,0.0,0.0,0.0,-5.3,3.32,9.97,69.52
2025-02-03,-1.89,0.0,0.0,0.0,-5.57,3.07,9.54,67.68
2025-02-04,-3.03,7.78,7.78,0.0,-5.88,1.75,10.79,73.18
2025-02-05,-4.62,4.83,4.83,0.0,-6.78,-1.91,6.53,85.52
2025-02-06,-4.87,4.01,4.01,0.0,-6.36,-3.69,8.13,88.12
2025-02-07,-3.63,1.16,1.16,0.0,-6.31,-0.4,7.27,83.68
2025-02-08,-3.2,0.63,0.63,0.0,-5.37,-0.66,7.09,85.26
2025-02-09,-3.49,0.22,0.22,0.0,-6.63,0.65,7.03,81.71
2025-02-10,-4.07,0.0,0.0,0.0,-7.52,0.86,8.98,75.78
2025-02-11,-3.7,0.0,0.0,0.0,-7.52,1.74,9.73,66.81
2025-02-12,-3.46,0.11,0.11,0.0,-7.27,2.47,10.08,64.75
2025-02-13,-2.71,0.89,0.89,0.0,-6.69,2.01,8.91,70.7
2025-02-14,-4.12,8.75,8.75,0.0,-6.7,-1.86,10.85,86.96
2025-02-15,-1.82,0.0,0.0,0.0,-6.86,3.38,12.52,66.94
2025-02-16,-0.27,0.0,0.0,0.0,-3.82,4.31,11.13,58.71
2025-02-17,0.16,0.0,0.0,0.0,-4.24,5.18,8.06,68.3
2025-02-18,-1.54,9.23,9.23,0.0,-4.35,2.48,9.74,76.4
2025-02-19,-5.56,19.46,19.46,0.0,-7.92,-2.44,8.9,86.73
2025-02-20,-7.42,17.84,17.84,0.0,-8.96,-5.58,11.69,86.96
2025-02-21,-9.17,6.84,6.84,0.0,-11.37,-6.52,9.35,81.41
2025-02-22,-9.13,2.67,2.67,0.0,-12.16,-5.27,10.38,77.71
2025-02-23,-8.69,7.38,7.38,0.0,-11.17,-4.37,15.34,75.64
2025-02-24,-8.95,18.88,18.88,0.0,-12.06,-6.51,16.07,82.71
2025-02-25,-6.88,17.62,17.62,0.0,-9.13,-4.26,15.86,75.82
2025-02-26,-7.83,21.91,21.91,0.0,-9.51,-5.67,13.44,85.63
2025-02-27,-6.54,11.09,11.09,0.0,-9.77,-2.33,8.89,76.66
2025-02-28,-7.12,3.59,3.59,0.0,-11.02,0.58,11.36,63.98
2025-03-01,-5.98,3.27,3.27,0.0,-7.9,-3.43,9.34,83.88
2025-03-02,-4.69,1.3,1.3,0.0,-8.46,0.18,10.62,64.23
2025-03-03,-4.3,4.8,4.8,0.0,-6.69,-1.06,12.09,72.11
2025-03-04,-4.36,2.04,2.04,0.0,-7.22,0.24,7.82,80.65
2025-03-05,-3.08,0.0,0.0,0.0,-7.28,2.89,9.52,71.17
2025-03-06,-2.51,0.0,0.0,0.0,-6.75,2.37,8.9,69.84
2025-03-07,-0.87,0.0,0.0,0.0,-5.81,5.82,8.18,60.73
2025-03-08,-0.65,0.0,0.0,0.0,-4.62,4.88,9.38,63.93
2025-03-09,1.75,0.0,0.0,0.0,-4.06,8.15,8.95,62.9
2025-03-10,1.95,0.0,0.0,0.0,-2.59,8.68,7.79,64.7
2025-03-11,2.66,0.0,0.0,0.0,-2.91,9.0,7.74,66.04
2025-03-12,6.27,0.0,0.0,0.0,0.26,15.55,18.58,46.92
2025-03-13,7.37,0.0,0.0,0.0,0.14,14.96,17.89,41.81
2025-03-14,7.52,0.0,0.0,0.0,2.14,16.53,16.69,40.78
2025-03-15,7.89,0.0,0.0,0.0,1.39,15.68,16.58,45.09
2025-03-16,9.37,0.0,0.0,0.0,3.5,17.7,17.48,45.69
2025-03-17,9.41,0.0,0.0,0.0,3.27,16.7,16.22,52.22
2025-03-18,3.26,0.0,0.0,0.0,-1.28,9.31,13.77,68.03
2025-03-19,-3.35,0.0,0.0,0.0,-5.89,0.09,9.55,77.53
2025-03-20,-5.21,1.87,1.87,0.0,-6.9,-2.9,9.11,80.35
2025-03-21,-4.03,1.97,1.97,0.0,-6.53,-1.07,7.85,81.32
2025-03-22,-3.8,11.41,11.41,0.0,-6.53,-1.28,9.85,86.37
2025-03-23,-1.56,1.16,1.16,0.0,-4.81,2.02,8.13,76.44
2025-03-24,0.35,0.0,0.0,0.0,-4.86,6.25,10.64,61.46
2025-03-25,3.59,0.0,0.0,0.0,-2.35,10.6,11.24,55.24
2025-03-26,5.86,1.12,0.0,1.12,0.94,10.67,10.91,67.79
2025-03-27,6.95,0.0,0.0,0.0,2.83,11.66,13.03,67.88
2025-03-28,10.97,0.0,0.0,0.0,2.68,17.15,15.94,52.61
2025-03-29,11.51,0.0,0.0,0.0,5.81,19.1,16.67,49.72
2025-03-30,9.34,1.08,0.0,1.08,3.43,17.79,14.06,61.53
2025-03-31,4.72,2.78,0.0,2.78,1.97,7.87,7.68,80.1
2025-04-01,9.0,3.17,0.0,3.17,1.19,15.01,12.44,59.04
2025-04-02,8.24,2.41,0.0,2.41,3.71,14.03,12.79,62.31
2025-04-03,3.16,8.27,0.0,8.27,0.97,7.4,10.62,84.81
2025-04-04,3.38,1.71,0.0,1.71,0.34,7.65,6.53,84.08
2025-04-05,3.52,1.97,0.0,1.97,0.43,6.97,7.39,79.56
2025-04-06,5.7,0.68,0.0,0.68,0.49,11.54,9.77,68.74
2025-04-07,7.86,1.38,0.0,1.38,2.36,13.1,12.97,61.48
2025-04-08,1.57,0.93,0.93,0.0,-0.98,7.5,11.42,78.71
2025-04-09,-0.56,8.17,8.17,0.0,-4.07,2.34,10.51,82.95
2025-04-10,-3.43,11.19,11.19,0.0,-5.22,-1.69,9.01,84.53
2025-04-11,-0.49,1.26,1.26,0.0,-6.44,5.11,10.56,70.81
2025-04-12,-3.39,10.37,10.37,0.0,-6.69,0.45,10.6,79.58
2025-04-13,-1.08,0.1,0.1,0.0,-5.55,3.64,11.19,77.51
2025-04-14,-1.73,2.34,2.34,0.0,-3.87,1.19,7.97,85.54
2025-04-15,-2.1,12.58,12.58,0.0,-4.19,0.15,7.99,89.26
2025-04-16,-0.5,1.87,1.87,0.0,-3.36,2.5,8.59,84.53
2025-04-17,2.63,0.42,0.0,0.42,-2.95,8.12,8.51,80.75
2025-04-18,3.7,0.0,0.0,0.0,-1.55,10.83,6.91,72.97
2025-04-19,6.86,0.0,0.0,0.0,0.63,11.82,10.19,68.9
2025-04-20,5.42,2.52,0.0,2.52,0.3,13.07,12.18,79.6
2025-04-21,4.55,2.78,0.0,2.78,-0.08,8.49,6.95,82.43
2025-04-22,6.49,0.0,0.0,0.0,1.31,11.56,6.82,78.96
2025-04-23,5.32,1.04,0.0,1.04,2.42,9.63,7.7,82.09
2025-04-24,5.98,0.0,0.0,0.0,2.58,10.88,7.57,77.87
2025-04-25,6.1,4.21,0.0,4.21,2.0,10.49,11.45,80.33
2025-04-26,5.55,3.8,0.0,3.8,2.01,11.77,8.38,79.45
2025-04-27,4.16,10.39,0.0,10.39,2.06,6.74,6.99,88.45
2025-04-28,0.82,2.89,2.89,0.0,-2.03,4.23,10.94,86.23
2025-04-29,0.45,0.0,0.0,0.0,-3.04,3.65,6.39,78.16
2025-04-30,2.13,0.63,0.0,0.63,-1.77,7.25,6.89,77.13
2025-05-01,5.84,0.22,0.0,0.22,-1.2,12.35,9.59,70.02
2025-05-02,4.69,5.25,0.0,5.25,1.15,8.94,11.61,81.68
2025-05-03,2.63,0.7,0.0,0.7,0.26,5.22,7.64,87.85
2025-05-04,4.19,0.22,0.0,0.22,0.63,9.39,8.2,79.63
2025-05-05,5.03,0.0,0.0,0.0,-0.01,9.44,6.7,77.41
2025-05-06,6.87,0.0,0.0,0.0,1.76,12.32,7.65,71.19
2025-05-07,9.44,0.0,0.0,0.0,0.97,16.06,9.57,56.88
2025-05-08,9.92,0.0,0.0,0.0,5.4,15.62,9.1,62.91
2025-05-09,12.06,0.0,0.0,0.0,5.69,19.74,13.36,58.02
2025-05-10,11.09,0.0,0.0,0.0,5.29,18.88,10.13,64.27
2025-05-11,6.35,1.89,0.0,1.89,3.47,11.76,9.86,84.98
2025-05-12,6.31,6.43,0.0,6.43,2.66,11.99,8.34,86.11
2025-05-13,2.45,18.92,0.0,18.92,0.82,3.55,10.06,94.41
2025-05-14,1.61,7.58,7.58,0.0,0.12,4.35,8.8,86.96
2025-05-15,0.87,6.61,6.61,0.0,-2.03,3.07,7.97,88.29
2025-05-16,6.46,0.42,0.0,0.42,-1.74,13.37,10.3,67.81
2025-05-17,13.5,0.0,0.0,0.0,5.71,21.33,18.47,47.4
2025-05-18,7.24,1.59,0.0,1.59,4.61,11.49,10.97,77.68
2025-05-19,3.44,9.86,0.0,9.86,1.64,5.84,9.14,85.15
2025-05-20,7.22,0.34,0.0,0.34,0.43,13.32,12.24,70.19
2025-05-21,5.25,0.15,0.0,0.15,1.58,9.06,8.55,76.52
2025-05-22,7.47,0.0,0.0,0.0,0.55,13.19,9.32,66.15
2025-05-23,10.11,0.0,0.0,0.0,4.89,15.41,9.75,64.68
2025-05-24,10.98,0.0,0.0,0.0,5.28,16.58,9.31,63.22
2025-05-25,11.32,0.0,0.0,0.0,4.83,16.77,9.76,55.91
2025-05-26,14.41,0.0,0.0,0.0,8.43,20.4,13.38,51.9
2025-05-27,10.72,1.04,0.0,1.04,6.48,15.36,12.22,67.96
2025-05-28,6.79,6.16,0.0,6.16,4.35,9.17,10.42,86.83
2025-05-29,6.94,2.46,0.0,2.46,4.09,10.34,7.69,82.41
2025-05-30,6.14,2.01,0.0,2.01,4.23,9.25,8.22,84.33
2025-05-31,8.42,3.09,0.0,3.09,3.76,12.56,8.06,76.51
2025-06-01,9.27,0.19,0.0,0.19,6.39,13.98,8.28,76.55
2025-06-02,6.79,5.16,0.0,5.16,5.12,8.33,9.09,88.33
2025-06-03,7.22,2.59,0.0,2.59,4.67,10.14,9.25,84.92
2025-06-04,8.4,0.37,0.0,0.37,6.03,11.76,8.85,81.33
2025-06-05,9.15,0.02,0.0,0.02,4.54,13.13,8.3,77.19
2025-06-06,9.87,0.02,0.0,0.02,5.67,14.24,9.23,76.55
2025-06-07,10.08,0.0,0.0,0.0,5.29,14.91,8.69,74.7
2025-06-08,10.83,0.0,0.0,0.0,5.82,18.58,9.15,71.3
2025-06-09,11.34,0.02,0.0,0.02,7.56,15.36,6.78,77.59
2025-06-10,11.32,0.02,0.0,0.02,7.29,15.46,7.8,79.78
2025-06-11,12.24,0.0,0.0,0.0,7.99,16.16,7.29,78.93
2025-06-12,12.91,0.81,0.0,0.81,8.85,16.22,7.63,79.4
2025-06-13,12.41,1.73,0.0,1.73,7.9,16.97,8.7,80.01
2025-06-14,8.14,16.04,0.0,16.04,5.89,11.29,10.89,89.04
2025-06-15,6.26,9.07,0.0,9.07,4.3,8.79,9.27,86.93
2025-06-16,6.98,6.41,0.0,6.41,3.27,11.1,11.22,78.98
2025-06-17,6.31,11.64,0.0,11.64,4.12,9.36,10.39,81.06
2025-06-18,8.93,0.86,0.0,0.86,3.88,13.45,10.42,75.99
2025-06-19,9.53,0.0,0.0,0.0,4.34,14.89,10.08,73.22
2025-06-20,10.39,0.0,0.0,0.0,5.17,15.83,9.12,72.81
2025-06-21,10.37,0.19,0.0,0.19,5.19,15.28,11.17,72.88
2025-06-22,8.58,10.6,0.0,10.6,5.94,12.68,9.58,78.26
2025-06-23,8.52,0.71,0.0,0.71,5.57,12.03,8.8,77.63
2025-06-24,9.48,0.49,0.0,0.49,4.36,13.96,10.25,69.24
2025-06-25,10.94,0.0,0.0,0.0,4.71,16.82,10.02,62.8
2025-06-26,12.44,0.0,0.0,0.0,6.03,18.93,10.11,60.35
2025-06-27,12.4,0.0,0.0,0.0,7.13,18.05,9.67,64.32
2025-06-28,12.12,0.0,0.0,0.0,6.57,17.12,10.2,70.18
2025-06-29,9.08,2.69,0.0,2.69,7.12,12.07,9.79,85.25
2025-06-30,7.2,7.19,0.0,7.19,5.39,9.08,11.14,83.66
2025-07-01,10.63,1.01,0.0,1.01,4.98,15.03,11.25,72.5
2025-07-02,8.86,2.19,0.0,2.19,5.95,11.18,11.62,78.88
2025-07-03,7.74,6.15,0.0,6.15,5.18,11.36,9.83,82.59
2025-07-04,6.0,13.82,0.0,13.82,4.85,7.25,7.99,87.74
2025-07-05,7.58,5.84,0.0,5.84,4.83,10.75,9.25,84.96
2025-07-06,10.75,0.58,0.0,0.58,6.76,14.7,8.53,80.1
2025-07-07,12.21,0.0,0.0,0.0,7.23,16.71,7.56,80.48
2025-07-08,14.47,0.0,0.0,0.0,9.08,20.79,10.25,75.02
2025-07-09,15.55,0.0,0.0,0.0,10.68,21.53,10.07,72.41
2025-07-10,16.21,0.0,0.0,0.0,11.46,21.93,11.34,72.19
2025-07-11,15.07,0.04,0.0,0.04,11.3,18.92,8.49,82.21
2025-07-12,15.47,0.0,0.0,0.0,12.51,18.67,7.25,81.82
2025-07-13,15.27,0.46,0.0,0.46,13.09,18.01,6.82,85.3
2025-07-14,15.91,0.49,0.0,0.49,13.1,19.89,7.76,85.93
2025-07-15,13.72,3.39,0.0,3.39,12.08,15.9,6.86,89.89
2025-07-16,13.83,4.19,0.0,4.19,11.94,17.2,6.91,86.41
2025-07-17,14.82,7.36,0.0,7.36,11.17,19.06,7.06,82.74
2025-07-18,17.1,0.0,0.0,0.0,10.8,23.53,9.46,72.44
2025-07-19,14.56,0.5,0.0,0.5,11.02,18.99,8.32,78.44
2025-07-20,14.84,7.06,0.0,7.06,11.21,18.84,8.53,84.85
2025-07-21,14.1,5.16,0.0,5.16,12.11,17.72,7.75,87.78
2025-07-22,15.27,5.56,0.0,5.56,11.59,18.77,7.75,85.41
2025-07-23,15.28,0.04,0.0,0.04,12.61,18.69,7.65,84.78
2025-07-24,15.44,0.11,0.0,0.11,11.57,19.75,7.69,82.3
2025-07-25,15.31,0.02,0.0,0.02,10.98,19.68,9.73,79.85
2025-07-26,14.86,0.09,0.0,0.09,12.01,18.49,8.27,82.15
2025-07-27,16.72,0.0,0.0,0.0,12.27,20.99,7.3,80.12
2025-07-28,18.0,0.0,0.0,0.0,12.45,24.52,7.56,70.85
2025-07-29,20.22,0.0,0.0,0.0,13.52,25.81,9.55,61.64
2025-07-30,17.82,0.0,0.0,0.0,13.35,22.99,9.29,72.38
2025-07-31,17.68,0.3,0.0,0.3,15.36,21.35,8.06,86.27
2025-08-01,17.28,2.21,0.0,2.21,15.16,20.71,8.26,85.97
2025-08-02,17.04,2.71,0.0,2.71,14.19,21.53,9.66,86.13
2025-08-03,15.3,1.18,0.0,1.18,13.4,18.06,7.59,85.82
2025-08-04,15.61,0.77,0.0,0.77,13.41,18.16,8.45,88.16
2025-08-05,15.73,2.58,0.0,2.58,13.69,19.16,6.82,88.83
2025-08-06,15.4,0.11,0.0,0.11,12.84,18.89,7.15,85.12
2025-08-07,15.51,0.56,0.0,0.56,13.14,18.94,7.88,86.75
2025-08-08,15.56,3.0,0.0,3.0,13.05,19.27,8.85,86.08
2025-08-09,15.12,11.19,0.0,11.19,12.38,18.51,9.22,83.92
2025-08-10,12.85,6.17,0.0,6.17,9.58,16.06,9.41,85.62
2025-08-11,13.37,0.16,0.0,0.16,7.91,17.63,11.08,74.0
2025-08-12,12.26,0.16,0.0,0.16,9.21,16.16,11.13,75.29
2025-08-13,12.77,0.07,0.0,0.07,8.08,17.84,10.69,77.4
2025-08-14,12.71,0.0,0.0,0.0,7.75,17.67,10.01,76.11
2025-08-15,12.41,0.0,0.0,0.0,7.65,18.08,10.39,75.04
2025-08-16,12.44,0.15,0.0,0.15,8.19,17.05,10.37,75.97
2025-08-17,13.44,0.0,0.0,0.0,8.2,19.1,11.41,71.99
2025-08-18,15.11,0.0,0.0,0.0,10.08,21.31,9.75,69.31
2025-08-19,13.71,0.0,0.0,0.0,8.13,18.73,9.64,74.29
2025-08-20,14.51,0.38,0.0,0.38,10.01,19.12,9.96,79.08
2025-08-21,12.98,30.12,0.0,30.12,9.99,17.25,10.71,82.99
2025-08-22,13.51,0.0,0.0,0.0,8.89,18.55,10.0,75.4
2025-08-23,16.4,0.0,0.0,0.0,10.47,23.73,12.96,63.78
2025-08-24,14.45,0.04,0.0,0.04,9.46,17.97,11.15,71.7
2025-08-25,12.58,10.22,0.0,10.22,10.67,15.47,9.58,86.89
2025-08-26,10.81,1.23,0.0,1.23,9.36,12.62,8.65,84.3
2025-08-27,11.26,1.0,0.0,1.0,8.97,14.36,8.5,85.42
2025-08-28,11.99,1.15,0.0,1.15,9.46,14.8,7.49,83.34
2025-08-29,13.39,0.0,0.0,0.0,10.1,17.65,8.69,80.3
2025-08-30,17.06,0.0,0.0,0.0,11.89,24.39,10.86,76.54
2025-08-31,16.28,0.0,0.0,0.0,11.36,22.36,9.13,79.48
2025-09-01,16.92,0.0,0.0,0.0,12.27,22.63,8.99,78.33
2025-09-02,15.59,0.36,0.0,0.36,12.7,19.56,8.88,82.93
2025-09-03,12.8,32.26,0.0,32.26,10.44,16.38,8.97,88.41
2025-09-04,12.61,3.64,0.0,3.64,9.21,17.08,8.37,84.29
2025-09-05,13.22,0.2,0.0,0.2,9.66,17.62,7.09,82.19
2025-09-06,13.9,0.0,0.0,0.0,10.37,18.28,7.92,79.52
2025-09-07,12.07,12.61,0.0,12.61,9.32,15.06,6.94,87.48
2025-09-08,12.1,2.34,0.0,2.34,8.77,16.04,8.25,84.04
2025-09-09,11.02,11.78,0.0,11.78,8.21,14.31,9.27,87.48
2025-09-10,9.7,11.91,0.0,11.91,7.21,13.61,9.29,84.35
2025-09-11,9.3,2.61,0.0,2.61,5.71,14.29,11.35,82.21
2025-09-12,9.48,1.41,0.0,1.41,6.12,14.38,9.89,82.1
2025-09-13,9.62,1.35,0.0,1.35,5.67,14.43,10.6,79.8
2025-09-14,9.76,2.61,0.0,2.61,6.34,13.67,8.86,79.94
2025-09-15,10.48,0.0,0.0,0.0,6.5,15.22,11.35,75.56
2025-09-16,9.55,0.0,0.0,0.0,4.41,14.8,11.65,75.95
2025-09-17,9.42,15.22,0.0,15.22,6.29,14.22,7.11,81.23
2025-09-18,9.23,17.62,0.0,17.62,5.1,13.19,14.28,76.69
2025-09-19,5.57,23.55,0.0,23.55,3.71,9.45,13.2,83.13
2025-09-20,7.26,40.99,0.0,40.99,4.75,10.12,19.74,85.03
2025-09-21,4.95,13.25,0.0,13.25,2.5,8.42,13.47,78.99
2025-09-22,6.43,0.0,0.0,0.0,1.58,12.67,11.6,74.98
2025-09-23,9.06,0.0,0.0,0.0,3.92,15.78,11.71,68.4
2025-09-24,9.4,0.0,0.0,0.0,4.78,15.62,9.34,69.13
2025-09-25,7.55,0.0,0.0,0.0,3.5,12.18,8.86,79.26
2025-09-26,7.64,3.2,0.0,3.2,5.61,10.79,8.26,87.0
2025-09-27,5.69,5.57,0.0,5.57,4.23,7.49,7.56,87.56
2025-09-28,7.06,0.7,0.0,0.7,3.76,11.6,6.38,79.0
2025-09-29,9.17,0.0,0.0,0.0,5.74,15.42,11.59,71.5
2025-09-30,6.67,15.97,0.0,15.97,5.32,8.14,7.23,91.45
2025-10-01,6.57,1.67,0.0,1.67,3.82,9.68,7.08,84.33
2025-10-02,6.45,3.48,0.0,3.48,4.13,9.83,6.29,85.14
2025-10-03,9.49,0.0,0.0,0.0,4.88,15.52,12.77,70.19
2025-10-04,12.54,0.0,0.0,0.0,7.01,20.64,14.45,57.27
2025-10-05,9.78,0.05,0.0,0.05,5.94,15.3,11.92,72.34
2025-10-06,8.7,0.0,0.0,0.0,5.86,12.89,6.3,85.96
2025-10-07,10.42,0.0,0.0,0.0,5.63,16.1,9.12,69.04
2025-10-08,11.87,0.0,0.0,0.0,8.05,18.13,10.77,62.88
2025-10-09,8.82,3.58,0.0,3.58,4.32,14.26,8.56,75.18
2025-10-10,4.04,33.31,0.0,33.31,2.56,6.77,9.19,84.13
2025-10-11,4.29,3.52,0.0,3.52,2.47,7.95,7.71,78.8
2025-10-12,4.06,6.56,0.0,6.56,1.58,8.39,13.52,81.34
2025-10-13,2.1,21.35,0.0,21.35,0.15,3.55,9.81,89.8
2025-10-14,3.66,0.0,0.0,0.0,-0.37,9.89,11.56,74.85
2025-10-15,4.37,0.0,0.0,0.0,0.41,8.76,8.82,79.3
2025-10-16,4.51,0.26,0.0,0.26,0.79,8.27,8.26,83.26
2025-10-17,4.75,0.33,0.0,0.33,1.32,9.07,6.95,81.41
2025-10-18,6.04,0.0,0.0,0.0,2.25,11.64,9.38,71.5
2025-10-19,5.85,0.06,0.0,0.06,2.93,10.24,9.35,74.94
2025-10-20,3.31,19.39,0.0,19.39,0.97,5.61,7.92,91.92
2025-10-21,2.28,1.25,0.0,1.25,-0.25,6.09,7.2,81.37
2025-10-22,4.12,0.0,0.0,0.0,-1.09,9.87,13.56,64.61
2025-10-23,5.94,0.38,0.0,0.38,2.92,9.22,13.95,66.49
2025-10-24,8.12,3.73,0.0,3.73,5.5,12.57,14.96,71.79
2025-10-25,7.72,0.12,0.0,0.12,4.67,10.87,14.65,73.23
2025-10-26,4.33,21.66,0.0,21.66,2.55,6.81,11.68,87.22
2025-10-27,6.28,0.0,0.0,0.0,1.83,11.78,17.11,69.16
2025-10-28,8.32,0.0,0.0,0.0,5.47,11.86,14.05,67.86
2025-10-29,3.81,33.11,0.0,33.11,0.39,7.13,13.49,86.7
2025-10-30,2.07,0.27,0.0,0.27,-0.72,7.88,10.52,74.14
2025-10-31,3.04,0.0,0.0,0.0,-1.11,9.18,14.6,60.72
2025-11-01,2.62,0.0,0.0,0.0,-1.38,8.25,12.18,66.92
2025-11-02,2.0,0.65,0.65,0.0,-1.72,7.56,10.38,76.42
2025-11-03,3.2,0.0,0.0,0.0,-1.46,8.79,14.59,58.9
2025-11-04,4.39,0.0,0.0,0.0,0.84,10.41,15.25,56.91
2025-11-05,3.66,0.0,0.0,0.0,0.76,8.89,10.87,67.42
2025-11-06,3.57,0.0,0.0,0.0,-0.64,9.99,9.94,67.56
2025-11-07,5.92,0.0,0.0,0.0,1.66,11.17,10.89,61.72
2025-11-08,8.04,0.0,0.0,0.0,4.46,12.95,15.69,58.82
2025-11-09,6.18,0.0,0.0,0.0,2.73,12.13,8.12,67.92
2025-11-10,4.71,0.0,0.0,0.0,1.29,9.41,8.33,65.84
2025-11-11,6.51,0.0,0.0,0.0,1.28,12.24,15.22,54.23
2025-11-12,6.46,0.52,0.0,0.52,3.22,10.98,11.41,63.08
2025-11-13,4.31,0.8,0.0,0.8,1.63,7.13,8.8,74.33
2025-11-14,3.39,1.72,0.0,1.72,2.39,5.73,8.29,80.51
2025-11-15,2.95,1.22,0.0,1.22,0.96,4.74,8.28,82.26
2025-11-16,2.51,1.13,0.0,1.13,0.36,4.93,7.11,86.03
2025-11-17,3.47,0.01,0.0,0.01,0.38,8.68,8.93,77.33
2025-11-18,3.92,0.0,0.0,0.0,0.47,10.43,14.55,60.15
2025-11-19,3.99,0.0,0.0,0.0,0.4,9.86,14.61,51.67
2025-11-20,4.12,0.0,0.0,0.0,-0.03,10.61,14.99,48.6
2025-11-21,3.44,0.0,0.0,0.0,0.18,8.62,13.28,48.44
2025-11-22,4.48,0.0,0.0,0.0,0.99,9.28,15.66,45.14
2025-11-23,4.73,0.0,0.0,0.0,0.92,10.55,18.32,40.02
2025-11-24,4.86,0.0,0.0,0.0,0.99,10.47,15.35,46.56
2025-11-25,2.07,0.0,0.0,0.0,-1.27,6.56,9.57,55.51
2025-11-26,2.48,0.0,0.0,0.0,-0.98,7.17,9.58,55.6
2025-11-27,2.53,0.0,0.0,0.0,-0.35,7.65,11.71,58.81
2025-11-28,2.57,0.0,0.0,0.0,-0.97,7.58,13.91,55.97
2025-11-29,3.39,0.0,0.0,0.0,-0.11,8.84,13.35,49.38
2025-11-30,4.5,0.07,0.0,0.07,0.48,9.23,16.34,47.36
2025-12-01,2.14,9.4,0.0,9.4,-0.37,6.34,11.56,74.97
2025-12-02,-0.74,6.52,6.52,0.0,-1.61,0.82,9.32,86.13
2025-12-03,-0.2,0.11,0.11,0.0,-2.75,4.18,10.7,79.17
2025-12-04,-0.94,0.0,0.0,0.0,-4.15,3.32,13.35,64.35
2025-12-05,0.29,0.0,0.0,0.0,-3.3,4.66,14.57,50.94
2025-12-06,1.7,0.0,0.0,0.0,-1.03,4.88,21.05,54.36
2025-12-07,4.2,0.76,0.0,0.76,1.54,6.44,21.16,59.0
2025-12-08,3.51,0.13,0.0,0.13,1.01,6.96,12.29,67.84
2025-12-09,1.82,0.29,0.29,0.0,-0.45,5.06,7.15,74.86
2025-12-10,0.59,11.46,11.46,0.0,-0.89,2.41,7.03,89.24
2025-12-11,-0.11,6.99,6.99,0.0,-1.51,1.89,6.29,90.48
2025-12-12,-1.41,6.6,6.6,0.0,-3.06,-0.48,7.54,92.36
2025-12-13,-2.69,33.85,33.85,0.0,-4.02,-1.41,17.11,89.81
2025-12-14,-3.89,13.96,13.96,0.0,-5.89,-1.52,15.49,80.18
2025-12-15,-4.45,3.59,3.59,0.0,-6.85,-1.64,9.71,75.96
2025-12-16,-4.55,14.1,14.1,0.0,-6.58,-2.29,9.09,88.52
2025-12-17,-4.66,0.0,0.0,0.0,-6.75,-0.65,10.6,79.24
2025-12-18,-4.6,0.0,0.0,0.0,-7.56,-0.87,11.06,68.23
2025-12-19,-3.51,0.0,0.0,0.0,-6.1,1.6,9.85,63.63
2025-12-20,-3.93,0.0,0.0,0.0,-7.18,0.65,9.98,65.59
2025-12-21,-1.99,0.0,0.0,0.0,-5.66,2.77,11.67,53.83
2025-12-22,-0.96,0.0,0.0,0.0,-3.37,3.38,9.08,59.71
2025-12-23,-1.35,0.0,0.0,0.0,-4.44,2.62,11.32,64.77
2025-12-24,-1.94,6.29,6.29,0.0,-3.1,0.49,10.06,74.99
2025-12-25,-3.08,6.07,6.07,0.0,-4.16,-1.26,9.34,88.96
2025-12-26,-4.03,8.04,8.04,0.0,-4.93,-2.49,7.19,86.97
2025-12-27,-6.31,30.07,30.07,0.0,-8.16,-4.8,9.28,91.43
2025-12-28,-7.31,6.36,6.36,0.0,-9.67,-3.68,8.6,77.12
2025-12-29,-7.42,13.01,13.01,0.0,-8.98,-5.14,14.45,75.68
2025-12-30,-7.82,21.98,21.98,0.0,-9.68,-4.52,16.73,77.31
2025-12-31,-5.73,3.46,3.46,0.0,-8.18,-2.52,19.85,67.78
2026-01-01,-7.16,27.37,27.37,0.0,-9.39,-5.35,9.17,84.13
2024-08-30,0.18,0.0,0.0,0.0,-1.6,2.81,10.17,84.5
2024-12-11,-3.49,0.0,0.0,0.0,-5.31,-0.9,15.59,70.03
2024-12-12,-5.42,0.0,0.0,0.0,-6.79,-2.38,10.8,85.61
2024-12-13,-5.98,0.0,0.0,0.0,-7.53,-3.87,19.22,83.01
