,Horma Kanyonu - Kastamonu_temp,Horma Kanyonu - Kastamonu_prcp,Horma Kanyonu - Kastamonu_snow,Horma Kanyonu - Kastamonu_rain,Horma Kanyonu - Kastamonu_tmin,Horma Kanyonu - Kastamonu_tmax,Horma Kanyonu - Kastamonu_wspd,Horma Kanyonu - Kastamonu_rhum
2021-12-31,6.04,0.19,0.0,0.19,1.28,9.22,9.68,88.26
2022-01-01,5.65,0.4,0.0,0.4,2.91,7.53,9.07,93.54
2022-01-02,4.38,0.74,0.0,0.74,1.21,7.09,16.03,84.88
2022-01-03,4.19,0.28,0.0,0.28,-2.41,11.32,9.66,65.26
2022-01-04,7.21,0.0,0.0,0.0,3.63,11.08,15.06,69.72
2022-01-05,7.94,0.0,0.0,0.0,1.85,14.05,10.36,63.79
2022-01-06,9.02,0.0,0.0,0.0,4.29,15.81,11.56,62.53
2022-01-07,7.13,0.32,0.0,0.32,3.48,11.02,8.22,84.35
2022-01-08,6.15,0.0,0.0,0.0,2.86,9.69,5.05,93.87
2022-01-09,8.34,0.0,0.0,0.0,4.36,12.56,8.4,78.39
2022-01-10,7.56,0.0,0.0,0.0,3.61,13.13,9.01,69.43
2022-01-11,5.21,0.12,0.0,0.12,1.46,7.77,6.7,85.29
2022-01-12,2.72,0.82,0.0,0.82,-0.71,5.87,9.46,95.66
2022-01-13,-2.45,3.12,3.12,0.0,-4.04,-0.47,11.99,83.79
2022-01-14,-1.64,4.06,4.06,0.0,-5.01,2.52,11.53,76.62
2022-01-15,0.54,0.12,0.12,0.0,-1.15,3.71,22.65,77.88
2022-01-16,-0.89,3.81,3.81,0.0,-2.76,1.52,12.67,86.11
2022-01-17,0.81,2.65,2.65,0.0,-3.11,4.98,10.26,67.94
2022-01-18,-0.28,3.02,3.02,0.0,-3.71,3.26,21.46,72.95
2022-01-19,-3.11,1.46,1.46,0.0,-5.18,-0.55,15.05,85.67
2022-01-20,-1.36,0.42,0.42,0.0,-5.55,3.77,12.4,68.29
2022-01-21,0.44,0.08,0.08,0.0,-3.84,6.05,14.01,67.68
2022-01-22,-1.66,1.23,1.23,0.0,-3.45,0.75,7.84,95.49
2022-01-23,-3.31,4.06,4.06,0.0,-4.77,-1.64,6.47,93.41
2022-01-24,-3.48,1.77,1.77,0.0,-6.98,0.05,8.88,87.9
2022-01-25,-4.17,0.0,0.0,0.0,-8.4,-0.18,9.97,86.32
2022-01-26,-3.77,0.0,0.0,0.0,-6.36,-0.56,10.94,87.7
2022-01-27,-1.92,0.12,0.12,0.0,-4.8,1.61,12.67,84.33
2022-01-28,-0.06,0.0,0.0,0.0,-6.09,4.65,11.03,70.28
2022-01-29,0.34,0.0,0.0,0.0,-2.98,2.7,10.84,72.8
2022-01-30,-0.38,0.04,0.04,0.0,-5.13,2.9,8.1,80.64
2022-01-31,2.37,0.21,0.0,0.21,-1.1,7.12,12.26,71.57
2022-02-01,-0.12,0.0,0.0,0.0,-5.63,4.27,9.35,70.01
2022-02-02,7.04,0.51,0.0,0.51,1.79,9.92,13.06,65.3
2022-02-03,6.39,0.0,0.0,0.0,1.23,10.29,10.03,78.84
2022-02-04,-0.27,1.23,1.23,0.0,-2.65,1.94,13.49,82.5
2022-02-05,0.22,0.0,0.0,0.0,-4.08,4.72,8.52,70.34
2022-02-06,2.26,0.0,0.0,0.0,-2.14,5.85,11.2,77.48
2022-02-07,3.97,0.0,0.0,0.0,-1.51,10.25,12.81,65.55
2022-02-08,5.42,2.15,0.0,2.15,2.05,8.34,9.13,80.41
2022-02-09,2.05,1.56,0.0,1.56,-0.04,4.05,11.45,89.13
2022-02-10,1.4,0.21,0.21,0.0,-1.48,5.27,9.11,79.85
2022-02-11,2.29,0.0,0.0,0.0,-3.38,7.63,6.52,73.6
2022-02-12,5.34,0.0,0.0,0.0,-1.52,11.75,9.87,66.34
2022-02-13,2.8,0.0,0.0,0.0,0.24,5.53,13.86,87.88
2022-02-14,1.89,0.08,0.08,0.0,-0.21,4.23,5.32,88.56
2022-02-15,2.59,0.0,0.0,0.0,-0.01,6.37,5.45,80.74
2022-02-16,3.57,0.0,0.0,0.0,-2.18,9.24,7.0,72.74
2022-02-17,5.94,0.0,0.0,0.0,-0.92,11.5,7.73,55.76
2022-02-18,5.22,1.17,0.0,1.17,1.36,8.63,11.92,71.49
2022-02-19,3.8,0.16,0.0,0.16,-0.44,8.54,7.85,79.37
2022-02-20,6.78,0.0,0.0,0.0,-0.69,12.35,7.29,57.5
2022-02-21,7.68,0.04,0.0,0.04,4.3,11.87,7.43,69.87
2022-02-22,9.28,0.3,0.0,0.3,2.46,15.18,6.95,70.16
2022-02-23,8.89,0.04,0.0,0.04,3.72,14.17,7.69,77.74
2022-02-24,5.39,0.41,0.0,0.41,3.81,7.11,5.33,96.68
2022-02-25,4.2,6.4,0.0,6.4,2.85,5.58,10.45,97.25
2022-02-26,3.7,4.8,0.0,4.8,1.31,6.28,12.95,86.44
2022-02-27,4.43,0.0,0.0,0.0,1.24,7.17,4.87,90.23
2022-02-28,4.74,2.79,0.0,2.79,2.28,7.57,6.61,93.72
2022-03-01,3.27,0.45,0.0,0.45,-0.29,8.25,12.39,82.51
2022-03-02,1.36,1.35,1.35,0.0,-0.28,3.48,6.62,90.97
2022-03-03,0.38,6.36,6.36,0.0,-1.83,3.25,10.45,91.01
2022-03-04,1.14,2.09,2.09,0.0,-1.95,5.44,12.18,79.68
2022-03-05,2.93,0.0,0.0,0.0,-1.2,7.12,7.67,75.25
2022-03-06,3.16,0.0,0.0,0.0,-0.78,6.68,6.6,85.89
2022-03-07,3.27,1.65,0.0,1.65,0.38,6.51,7.26,94.05
2022-03-08,2.26,1.15,0.0,1.15,-0.15,5.64,7.99,86.1
2022-03-09,-0.55,4.06,4.06,0.0,-2.05,2.05,8.81,86.89
2022-03-10,-1.76,0.21,0.21,0.0,-4.49,1.89,10.49,81.84
2022-03-11,-3.46,0.77,0.77,0.0,-5.1,-0.42,9.38,83.81
2022-03-12,-3.61,0.0,0.0,0.0,-8.63,1.49,9.94,72.28
2022-03-13,-2.76,0.12,0.12,0.0,-7.52,1.59,12.44,75.25
2022-03-14,-2.04,0.0,0.0,0.0,-6.56,1.91,8.8,77.02
2022-03-15,-0.42,0.0,0.0,0.0,-3.64,4.05,10.36,75.32
2022-03-16,1.85,0.0,0.0,0.0,-4.37,7.79,8.05,67.15
2022-03-17,0.34,0.25,0.25,0.0,-2.76,4.19,7.68,76.26
2022-03-18,-3.69,1.12,1.12,0.0,-5.57,-1.52,9.38,83.38
2022-03-19,-3.61,6.11,6.11,0.0,-6.82,-0.05,9.64,83.33
2022-03-20,-0.98,0.12,0.12,0.0,-3.87,1.87,12.21,78.62
2022-03-21,-0.48,0.12,0.12,0.0,-3.89,3.44,7.53,77.19
2022-03-22,1.42,0.0,0.0,0.0,-3.18,5.73,7.8,73.71
2022-03-23,2.26,0.0,0.0,0.0,-2.71,6.95,8.92,79.91
2022-03-24,1.4,1.15,1.15,0.0,-0.18,4.05,9.34,87.71
2022-03-25,4.19,1.23,0.0,1.23,-1.11,10.41,14.09,66.35
2022-03-26,2.67,0.0,0.0,0.0,-0.35,5.84,13.0,78.47
2022-03-27,6.93,0.0,0.0,0.0,-1.57,13.4,16.46,59.13
2022-03-28,7.08,0.0,0.0,0.0,0.66,12.89,8.08,62.28
2022-03-29,8.92,0.0,0.0,0.0,2.75,14.43,7.45,57.4
2022-03-30,11.69,0.29,0.0,0.29,6.07,16.78,8.14,56.85
2022-03-31,14.92,0.0,0.0,0.0,5.54,19.14,9.64,45.32
2022-04-01,19.34,0.16,0.0,0.16,12.28,24.55,14.14,36.39
2022-04-02,17.46,0.0,0.0,0.0,10.11,21.04,13.47,35.86
2022-04-03,11.41,1.77,0.0,1.77,4.74,17.92,16.26,62.17
2022-04-04,8.07,0.45,0.0,0.45,2.93,12.08,11.08,69.94
2022-04-05,5.15,6.59,0.0,6.59,3.11,7.42,4.6,93.76
2022-04-06,8.29,1.23,0.0,1.23,3.5,12.53,5.06,85.76
2022-04-07,9.96,0.0,0.0,0.0,3.17,16.29,6.58,79.98
2022-04-08,10.14,8.25,0.0,8.25,7.35,13.85,15.16,78.68
2022-04-09,15.35,0.12,0.0,0.12,5.63,20.27,8.78,56.49
2022-04-10,16.0,0.0,0.0,0.0,8.75,20.98,7.07,55.78
2022-04-11,8.87,1.15,0.0,1.15,5.02,14.51,15.18,79.83
2022-04-12,4.23,0.0,0.0,0.0,1.07,7.45,18.87,73.62
2022-04-13,4.06,0.74,0.0,0.74,1.1,8.32,16.61,69.65
2022-04-14,7.2,0.0,0.0,0.0,3.01,11.54,15.41,55.96
2022-04-15,9.62,0.0,0.0,0.0,4.58,13.82,5.16,62.26
2022-04-16,11.76,0.0,0.0,0.0,3.46,16.98,5.21,67.48
2022-04-17,9.9,0.21,0.0,0.21,5.6,12.53,4.47,79.79
2022-04-18,11.93,0.0,0.0,0.0,6.45,15.8,11.76,80.34
2022-04-19,7.22,0.33,0.0,0.33,4.72,9.79,7.44,90.01
2022-04-20,7.88,0.0,0.0,0.0,3.39,12.6,8.38,72.96
2022-04-21,8.02,0.0,0.0,0.0,3.22,12.12,16.11,75.64
2022-04-22,10.3,0.0,0.0,0.0,2.92,15.84,6.43,71.19
2022-04-23,15.17,0.0,0.0,0.0,7.35,19.58,6.17,64.7
2022-04-24,16.15,0.0,0.0,0.0,9.16,20.73,6.3,62.14
2022-04-25,16.14,0.0,0.0,0.0,8.32,21.53,6.39,65.28
2022-04-26,15.22,0.0,0.0,0.0,8.45,20.52,7.05,63.3
2022-04-27,14.07,0.0,0.0,0.0,7.19,18.98,6.69,65.11
2022-04-28,13.05,0.0,0.0,0.0,7.46,17.94,6.14,77.47
2022-04-29,12.94,1.35,0.0,1.35,7.04,17.54,6.03,81.56
2022-04-30,10.54,6.16,0.0,6.16,7.97,13.63,5.06,92.58
2022-05-01,10.09,1.03,0.0,1.03,6.61,12.61,6.61,91.42
2022-05-02,10.8,0.0,0.0,0.0,4.33,15.0,7.56,80.15
2022-05-03,10.9,0.41,0.0,0.41,6.1,14.51,4.56,87.07
2022-05-04,8.61,0.82,0.0,0.82,7.12,10.51,6.76,94.63
2022-05-05,8.81,2.5,0.0,2.5,6.62,12.98,10.86,84.63
2022-05-06,7.91,0.41,0.0,0.41,6.16,10.16,10.5,91.42
2022-05-07,7.43,0.41,0.0,0.41,5.53,9.38,7.16,89.55
2022-05-08,10.15,0.0,0.0,0.0,5.86,14.64,7.85,74.03
2022-05-09,10.75,0.0,0.0,0.0,2.39,15.62,6.9,74.5
2022-05-10,11.69,0.0,0.0,0.0,3.79,16.9,7.4,68.38
2022-05-11,11.94,0.0,0.0,0.0,4.62,15.96,7.32,68.18
2022-05-12,12.89,0.0,0.0,0.0,6.01,17.99,7.35,60.76
2022-05-13,16.18,0.0,0.0,0.0,7.88,22.14,7.46,56.9
2022-05-14,16.68,0.41,0.0,0.41,9.96,22.49,8.33,60.19
2022-05-15,16.79,0.0,0.0,0.0,9.26,21.33,7.72,60.77
2022-05-16,16.31,0.0,0.0,0.0,10.96,20.57,7.32,58.57
2022-05-17,16.35,0.0,0.0,0.0,9.59,21.1,7.07,59.3
2022-05-18,16.97,0.0,0.0,0.0,7.97,23.63,16.0,61.82
2022-05-19,10.03,0.21,0.0,0.21,6.6,13.48,14.19,75.35
2022-05-20,12.21,0.0,0.0,0.0,5.3,17.21,9.96,67.51
2022-05-21,16.56,0.0,0.0,0.0,8.14,21.67,7.59,57.42
2022-05-22,19.13,0.0,0.0,0.0,10.48,24.46,10.32,55.13
2022-05-23,12.75,0.21,0.0,0.21,10.01,16.46,6.35,83.7
2022-05-24,13.13,0.74,0.0,0.74,7.83,17.61,9.51,75.76
2022-05-25,15.15,0.0,0.0,0.0,6.18,20.17,6.38,69.16
2022-05-26,18.45,0.0,0.0,0.0,8.17,24.22,6.0,60.72
2022-05-27,17.77,0.0,0.0,0.0,11.62,21.75,6.44,67.82
2022-05-28,18.64,0.0,0.0,0.0,10.9,22.95,5.97,62.87
2022-05-29,21.42,0.0,0.0,0.0,13.27,25.7,6.81,59.36
2022-05-30,21.1,2.3,0.0,2.3,15.37,28.51,9.13,62.47
2022-05-31,18.45,0.62,0.0,0.62,13.47,23.47,7.24,73.52
2022-06-01,18.96,1.77,0.0,1.77,11.86,23.73,4.24,75.38
2022-06-02,19.52,0.0,0.0,0.0,12.09,23.45,5.75,74.91
2022-06-03,19.69,0.33,0.0,0.33,14.56,23.35,5.16,77.0
2022-06-04,20.29,0.12,0.0,0.12,13.8,24.34,8.96,74.66
2022-06-05,20.34,0.0,0.0,0.0,14.09,23.92,8.19,68.0
2022-06-06,19.25,2.09,0.0,2.09,12.79,24.28,7.74,73.93
2022-06-07,17.07,7.0,0.0,7.0,13.95,21.63,5.73,85.88
2022-06-08,18.14,1.62,0.0,1.62,14.48,22.31,5.87,85.26
2022-06-09,19.07,0.53,0.0,0.53,13.98,22.49,8.88,81.64
2022-06-10,19.24,0.27,0.0,0.27,14.3,25.01,5.91,79.34
2022-06-11,18.54,8.34,0.0,8.34,15.0,23.35,6.88,85.11
2022-06-12,17.46,8.7,0.0,8.7,15.14,21.31,6.14,89.92
2022-06-13,18.88,2.15,0.0,2.15,15.04,22.91,12.68,81.75
2022-06-14,19.26,0.13,0.0,0.13,14.38,23.82,8.97,80.28
2022-06-15,17.59,0.9,0.0,0.9,13.73,24.0,11.07,83.31
2022-06-16,18.04,3.53,0.0,3.53,12.39,23.28,9.32,76.36
2022-06-17,17.41,0.41,0.0,0.41,12.36,22.68,6.3,82.17
2022-06-18,18.84,0.25,0.0,0.25,13.39,24.27,6.59,80.51
2022-06-19,17.85,0.37,0.0,0.37,13.88,22.45,6.47,81.3
2022-06-20,19.73,0.63,0.0,0.63,11.74,25.46,6.65,73.24
2022-06-21,17.9,5.36,0.0,5.36,14.88,22.86,9.81,82.19
2022-06-22,18.82,1.4,0.0,1.4,13.44,24.01,14.14,74.83
2022-06-23,17.87,0.0,0.0,0.0,12.39,22.87,11.95,68.66
2022-06-24,14.79,5.78,0.0,5.78,12.76,18.12,10.82,85.04
2022-06-25,15.82,20.7,0.0,20.7,12.91,19.91,13.51,86.7
2022-06-26,16.6,20.7,0.0,20.7,13.41,20.56,11.89,87.79
2022-06-27,15.62,27.54,0.0,27.54,14.25,17.99,9.33,96.04
2022-06-28,16.2,34.26,0.0,34.26,13.94,20.84,6.28,93.01
2022-06-29,17.26,9.2,0.0,9.2,12.88,21.94,6.13,87.58
2022-06-30,18.59,0.34,0.0,0.34,14.16,24.0,7.87,87.37
2022-07-01,19.76,2.53,0.0,2.53,14.26,24.49,7.7,80.44
2022-07-02,19.95,0.0,0.0,0.0,13.21,25.16,7.8,73.74
2022-07-03,18.86,0.0,0.0,0.0,12.68,23.7,8.18,66.31
2022-07-04,18.35,0.0,0.0,0.0,9.83,24.02,8.69,65.92
2022-07-05,18.72,0.0,0.0,0.0,11.55,23.67,8.55,70.03
2022-07-06,20.38,0.0,0.0,0.0,11.96,26.23,7.24,71.37
2022-07-07,20.33,0.04,0.0,0.04,13.61,26.0,8.89,73.91
2022-07-08,21.01,0.0,0.0,0.0,14.47,26.14,11.09,71.96
2022-07-09,20.19,2.17,0.0,2.17,15.2,26.28,6.81,79.34
2022-07-10,18.35,7.66,0.0,7.66,16.09,23.27,9.13,88.0
2022-07-11,19.36,1.78,0.0,1.78,15.74,24.03,12.8,75.62
2022-07-12,19.19,0.78,0.0,0.78,14.67,24.34,7.23,78.86
2022-07-13,18.88,2.93,0.0,2.93,14.36,23.92,7.04,78.51
2022-07-14,19.06,1.8,0.0,1.8,13.11,24.37,9.41,71.5
2022-07-15,18.73,0.0,0.0,0.0,11.67,23.94,8.34,75.37
2022-07-16,20.04,0.0,0.0,0.0,14.0,24.68,9.84,76.52
2022-07-17,20.76,0.0,0.0,0.0,15.01,25.53,10.35,73.7
2022-07-18,19.23,1.56,0.0,1.56,15.12,23.84,10.92,72.54
2022-07-19,17.99,1.4,0.0,1.4,13.86,22.4,8.51,73.32
2022-07-20,18.56,0.0,0.0,0.0,11.58,24.16,8.72,70.0
2022-07-21,19.02,0.23,0.0,0.23,11.53,24.78,11.5,69.38
2022-07-22,19.66,0.0,0.0,0.0,14.0,25.05,10.2,67.82
2022-07-23,19.63,0.0,0.0,0.0,11.98,24.94,10.52,68.53
2022-07-24,20.02,0.0,0.0,0.0,12.82,25.63,8.55,68.46
2022-07-25,20.28,0.0,0.0,0.0,12.17,26.31,7.69,66.15
2022-07-26,20.5,0.04,0.0,0.04,14.34,25.92,8.76,71.52
2022-07-27,21.15,0.0,0.0,0.0,13.1,27.24,7.89,66.85
2022-07-28,20.97,0.0,0.0,0.0,13.09,26.51,7.8,70.02
2022-07-29,20.98,0.0,0.0,0.0,13.53,26.68,6.95,70.99
2022-07-30,21.03,0.0,0.0,0.0,13.09,27.55,6.55,69.22
2022-07-31,22.63,0.0,0.0,0.0,15.47,28.55,6.28,73.11
2022-08-01,22.52,0.0,0.0,0.0,17.41,27.51,10.86,74.53
2022-08-02,22.34,0.0,0.0,0.0,17.1,26.58,10.19,69.24
2022-08-03,22.24,0.0,0.0,0.0,15.19,28.08,8.27,73.4
2022-08-04,22.29,0.35,0.0,0.35,15.54,27.17,6.82,75.66
2022-08-05,22.18,3.69,0.0,3.69,17.6,26.66,5.91,81.6
2022-08-06,23.29,0.9,0.0,0.9,17.62,27.88,7.05,77.56
2022-08-07,23.15,0.02,0.0,0.02,17.14,27.55,8.88,73.89
2022-08-08,23.29,0.0,0.0,0.0,15.43,28.79,7.45,73.76
2022-08-09,23.57,0.12,0.0,0.12,15.82,28.88,7.2,70.3
2022-08-10,22.18,0.0,0.0,0.0,17.26,27.36,12.41,69.19
2022-08-11,21.89,0.85,0.0,0.85,17.52,26.25,15.34,72.31
2022-08-12,22.42,0.15,0.0,0.15,16.17,27.4,9.79,74.88
2022-08-13,23.34,0.0,0.0,0.0,15.79,27.79,6.57,73.81
2022-08-14,23.79,1.0,0.0,1.0,18.24,28.93,6.06,72.85
2022-08-15,20.52,18.1,0.0,18.1,17.73,25.91,8.47,81.99
2022-08-16,22.34,0.0,0.0,0.0,16.06,27.49,8.62,72.3
2022-08-17,22.12,0.08,0.0,0.08,17.25,28.42,7.32,69.16
2022-08-18,23.36,0.0,0.0,0.0,16.16,28.16,7.58,65.21
2022-08-19,21.95,2.65,0.0,2.65,15.35,26.85,8.54,74.13
2022-08-20,22.49,0.16,0.0,0.16,17.05,27.63,7.04,79.16
2022-08-21,24.13,0.0,0.0,0.0,16.68,29.07,6.89,77.6
2022-08-22,24.49,0.0,0.0,0.0,16.89,29.33,5.56,74.56
2022-08-23,25.57,0.0,0.0,0.0,17.27,29.88,6.0,70.02
2022-08-24,25.53,0.0,0.0,0.0,16.56,29.82,7.03,62.99
2022-08-25,22.92,1.14,0.0,1.14,18.93,28.28,8.43,76.62
2022-08-26,22.5,0.52,0.0,0.52,16.33,27.8,8.19,79.91
2022-08-27,22.4,0.52,0.0,0.52,17.13,27.71,8.63,80.94
2022-08-28,22.23,0.58,0.0,0.58,17.82,27.09,6.83,84.21
2022-08-29,21.93,0.0,0.0,0.0,16.57,27.97,7.18,77.89
2022-08-30,23.85,0.0,0.0,0.0,17.71,29.59,7.84,78.6
2022-08-31,23.49,0.15,0.0,0.15,17.73,28.63,6.11,81.85
2022-09-01,23.36,1.05,0.0,1.05,18.99,27.92,7.66,81.67
2022-09-02,23.26,0.08,0.0,0.08,16.97,28.22,6.87,81.26
2022-09-03,21.82,0.3,0.0,0.3,17.31,28.32,8.62,85.78
2022-09-04,19.26,4.59,0.0,4.59,16.37,22.72,9.62,84.96
2022-09-05,17.6,7.88,0.0,7.88,13.2,21.46,11.68,80.72
2022-09-06,16.59,5.68,0.0,5.68,12.31,20.63,8.69,76.3
2022-09-07,15.6,0.11,0.0,0.11,11.02,19.88,9.67,71.47
2022-09-08,16.72,0.74,0.0,0.74,9.12,22.59,8.02,73.53
2022-09-09,18.08,0.0,0.0,0.0,10.12,23.98,7.43,75.04
2022-09-10,19.87,0.0,0.0,0.0,12.34,25.18,6.45,70.74
2022-09-11,21.89,0.0,0.0,0.0,13.25,26.94,7.15,67.53
2022-09-12,17.7,18.02,0.0,18.02,13.89,23.54,9.23,83.32
2022-09-13,15.36,5.3,0.0,5.3,10.58,20.39,10.49,84.6
2022-09-14,16.16,0.36,0.0,0.36,10.01,21.61,8.8,73.6
2022-09-15,19.88,0.0,0.0,0.0,10.53,26.42,8.43,65.04
2022-09-16,23.98,0.0,0.0,0.0,14.1,30.71,10.46,53.44
2022-09-17,24.19,0.0,0.0,0.0,15.3,29.92,7.82,52.42
2022-09-18,24.21,0.41,0.0,0.41,15.68,29.72,12.17,59.89
2022-09-19,16.48,0.3,0.0,0.3,13.84,19.41,10.23,76.55
2022-09-20,15.68,0.89,0.0,0.89,12.64,21.12,9.52,78.94
2022-09-21,13.1,2.19,0.0,2.19,11.32,15.31,8.65,83.17
2022-09-22,11.38,14.91,0.0,14.91,9.77,14.71,10.62,89.07
2022-09-23,11.73,6.27,0.0,6.27,8.8,16.67,11.39,77.83
2022-09-24,11.31,1.39,0.0,1.39,7.57,16.66,12.44,80.22
2022-09-25,13.03,0.0,0.0,0.0,5.84,19.4,9.02,72.45
2022-09-26,15.46,0.0,0.0,0.0,6.68,22.49,8.19,65.93
2022-09-27,17.28,0.0,0.0,0.0,10.32,24.04,8.38,56.61
2022-09-28,17.75,5.14,0.0,5.14,13.7,24.29,8.57,67.34
2022-09-29,18.41,2.63,0.0,2.63,13.79,24.2,8.72,75.67
2022-09-30,19.51,0.0,0.0,0.0,12.44,25.84,7.75,66.99
2022-10-01,19.85,0.0,0.0,0.0,12.73,25.82,7.49,67.59
2022-10-02,18.04,8.34,0.0,8.34,12.55,25.85,13.98,73.49
2022-10-03,15.08,2.21,0.0,2.21,10.77,19.74,8.83,77.74
2022-10-04,13.82,3.84,0.0,3.84,10.2,17.53,11.02,79.37
2022-10-05,12.61,2.61,0.0,2.61,9.0,17.07,9.19,80.03
2022-10-06,12.52,0.13,0.0,0.13,8.07,16.14,8.0,83.13
2022-10-07,13.13,2.16,0.0,2.16,8.47,16.69,8.94,80.62
2022-10-08,13.29,13.76,0.0,13.76,11.07,16.32,7.34,89.15
2022-10-09,13.48,17.89,0.0,17.89,10.64,16.02,10.53,91.15
2022-10-10,13.34,1.51,0.0,1.51,9.85,17.42,12.02,84.39
2022-10-11,11.89,0.22,0.0,0.22,7.1,17.03,6.25,83.95
2022-10-12,12.4,0.0,0.0,0.0,8.29,16.83,6.61,86.21
2022-10-13,13.12,0.18,0.0,0.18,9.33,17.27,6.31,83.61
2022-10-14,11.56,0.0,0.0,0.0,6.92,15.74,6.33,83.49
2022-10-15,11.72,0.17,0.0,0.17,8.56,14.98,5.79,85.76
2022-10-16,11.88,6.25,0.0,6.25,10.32,13.58,5.38,93.38
2022-10-17,12.64,3.87,0.0,3.87,11.33,14.96,6.35,93.66
2022-10-18,12.79,0.0,0.0,0.0,9.17,16.24,7.38,87.65
2022-10-19,12.37,1.13,0.0,1.13,8.79,16.23,6.76,91.43
2022-10-20,11.25,8.33,0.0,8.33,8.28,15.41,9.67,85.01
2022-10-21,7.32,1.23,0.0,1.23,3.67,12.54,8.76,78.51
2022-10-22,6.92,0.0,0.0,0.0,1.77,13.82,9.11,77.43
2022-10-23,10.91,0.0,0.0,0.0,3.92,17.0,9.53,64.93
2022-10-24,11.86,0.0,0.0,0.0,6.12,17.01,9.61,80.01
2022-10-25,11.42,0.0,0.0,0.0,4.91,16.61,8.48,81.4
2022-10-26,14.23,0.14,0.0,0.14,6.27,19.79,11.32,76.43
2022-10-27,12.04,0.6,0.0,0.6,8.08,16.26,9.6,83.24
2022-10-28,10.66,0.26,0.0,0.26,4.08,15.42,9.52,79.81
2022-10-29,9.25,0.0,0.0,0.0,2.31,15.13,8.37,82.61
2022-10-30,10.23,0.0,0.0,0.0,2.41,15.96,9.05,79.44
2022-10-31,11.08,0.9,0.0,0.9,4.0,15.85,10.22,79.82
2022-11-01,10.53,1.45,0.0,1.45,6.01,15.02,6.52,79.65
2022-11-02,10.0,0.0,0.0,0.0,1.87,15.83,8.82,76.01
2022-11-03,12.13,1.01,0.0,1.01,5.1,16.98,12.71,70.98
2022-11-04,11.39,0.37,0.0,0.37,5.69,16.3,7.37,81.44
2022-11-05,13.35,0.0,0.0,0.0,5.16,19.48,7.33,70.22
2022-11-06,13.2,0.0,0.0,0.0,4.68,18.66,7.06,65.98
2022-11-07,10.98,1.06,0.0,1.06,4.95,15.41,5.36,77.96
2022-11-08,9.73,4.62,0.0,4.62,7.08,12.25,6.21,89.94
2022-11-09,7.63,0.19,0.0,0.19,4.64,12.48,8.42,80.01
2022-11-10,6.96,0.0,0.0,0.0,0.94,12.98,8.42,78.2
2022-11-11,7.55,0.0,0.0,0.0,1.51,13.43,7.62,82.25
2022-11-12,8.27,0.0,0.0,0.0,2.57,14.37,7.24,82.53
2022-11-13,8.41,0.07,0.0,0.07,1.73,14.36,7.03,83.25
2022-11-14,8.0,0.71,0.0,0.71,3.12,13.22,8.52,81.07
2022-11-15,7.05,0.0,0.0,0.0,1.54,12.28,7.24,82.23
2022-11-16,7.56,0.0,0.0,0.0,0.83,13.27,9.53,76.37
2022-11-17,11.46,0.69,0.0,0.69,3.41,16.27,12.01,62.43
2022-11-18,12.62,3.35,0.0,3.35,8.64,16.96,11.17,70.59
2022-11-19,15.87,0.06,0.0,0.06,11.12,20.21,13.25,60.0
2022-11-20,16.02,0.0,0.0,0.0,10.51,20.9,10.06,61.32
2022-11-21,16.24,0.19,0.0,0.19,12.01,19.75,11.5,55.18
2022-11-22,10.52,5.51,0.0,5.51,6.27,15.4,9.71,78.23
2022-11-23,8.99,1.88,0.0,1.88,4.22,12.8,9.64,72.62
2022-11-24,10.41,0.0,0.0,0.0,6.65,14.57,7.43,78.02
2022-11-25,8.43,12.38,0.0,12.38,6.91,10.09,10.99,92.23
2022-11-26,6.72,6.42,0.0,6.42,4.86,9.02,15.15,86.25
2022-11-27,5.65,0.17,0.0,0.17,2.54,9.66,9.0,81.62
2022-11-28,5.33,0.0,0.0,0.0,1.05,10.34,8.93,81.25
2022-11-29,6.35,0.0,0.0,0.0,2.69,10.35,7.03,81.53
2022-11-30,8.4,0.0,0.0,0.0,2.42,13.19,6.42,83.96
2022-12-01,8.63,0.0,0.0,0.0,3.72,12.9,6.08,88.12
2022-12-02,9.71,1.2,0.0,1.2,5.63,14.33,6.74,88.03
2022-12-03,7.56,3.77,0.0,3.77,5.61,9.38,9.58,94.54
2022-12-04,6.42,2.05,0.0,2.05,4.49,9.07,5.68,92.06
2022-12-05,5.62,4.11,0.0,4.11,2.52,9.86,6.4,89.09
2022-12-06,5.28,0.45,0.0,0.45,1.53,8.6,7.11,90.1
2022-12-07,5.58,0.0,0.0,0.0,1.18,10.37,8.38,84.74
2022-12-08,6.08,0.0,0.0,0.0,0.63,11.38,9.09,77.2
2022-12-09,8.3,1.42,0.0,1.42,3.93,12.09,9.73,73.5
2022-12-10,9.95,1.01,0.0,1.01,6.21,13.16,10.65,70.62
2022-12-11,12.82,0.52,0.0,0.52,9.59,15.33,13.93,68.43
2022-12-12,12.49,6.3,0.0,6.3,8.33,17.29,12.43,71.35
2022-12-13,7.27,10.32,0.0,10.32,3.38,13.0,13.24,86.84
2022-12-14,4.56,6.53,0.0,6.53,2.13,6.52,7.18,89.04
2022-12-15,7.38,5.04,0.0,5.04,3.16,11.74,9.35,85.15
2022-12-16,11.47,5.28,0.0,5.28,7.89,14.73,8.0,88.46
2022-12-17,10.93,0.0,0.0,0.0,7.2,14.7,9.78,74.58
2022-12-18,8.05,2.55,0.0,2.55,4.53,11.06,9.03,86.66
2022-12-19,3.76,16.8,0.0,16.8,1.2,7.13,10.09,93.96
2022-12-20,1.29,2.68,2.68,0.0,-0.92,3.98,9.67,83.27
2022-12-21,2.31,0.0,0.0,0.0,-1.13,6.57,8.97,81.9
2022-12-22,2.48,0.0,0.0,0.0,-1.26,5.91,8.47,85.7
2022-12-23,2.88,0.0,0.0,0.0,-1.0,6.07,8.79,80.25
2022-12-24,3.64,0.0,0.0,0.0,0.33,6.76,9.08,78.85
2022-12-25,4.67,2.31,0.0,2.31,1.96,6.24,9.37,85.07
2022-12-26,4.06,8.84,0.0,8.84,2.89,6.16,13.96,90.13
2022-12-27,4.43,0.04,0.0,0.04,-0.52,8.78,8.97,74.68
2022-12-28,5.82,4.53,0.0,4.53,1.98,9.31,13.48,81.35
2022-12-29,2.48,0.0,0.0,0.0,-1.48,7.25,8.17,86.08
2022-12-30,3.83,0.0,0.0,0.0,0.7,6.69,8.45,80.66
2022-12-31,4.74,0.0,0.0,0.0,0.12,8.46,8.6,80.38
2023-01-01,4.17,0.0,0.0,0.0,-0.59,8.74,8.55,79.56
2023-01-02,2.93,0.0,0.0,0.0,-0.79,6.27,8.33,76.6
2023-01-03,2.22,0.0,0.0,0.0,-2.72,5.59,8.69,70.83
2023-01-04,5.63,0.9,0.0,0.9,-3.11,9.23,12.08,69.9
2023-01-05,5.28,0.17,0.0,0.17,1.73,9.12,6.79,90.41
2023-01-06,5.45,4.41,0.0,4.41,1.88,8.52,12.78,83.34
2023-01-07,3.84,5.46,0.0,5.46,2.2,6.04,10.04,89.91
2023-01-08,3.19,0.45,0.0,0.45,-0.15,6.56,7.08,87.54
2023-01-09,1.36,0.0,0.0,0.0,-3.15,6.62,8.1,78.45
2023-01-10,3.66,0.0,0.0,0.0,-2.0,8.58,8.63,68.73
2023-01-11,5.57,0.06,0.0,0.06,2.19,9.42,10.23,67.63
2023-01-12,6.42,0.0,0.0,0.0,2.91,10.45,7.3,75.6
2023-01-13,5.0,0.0,0.0,0.0,0.46,9.24,6.7,86.94
2023-01-14,4.35,0.27,0.0,0.27,0.39,8.55,5.91,85.55
2023-01-15,3.59,0.81,0.0,0.81,0.44,7.43,5.79,88.29
2023-01-16,3.23,0.0,0.0,0.0,-2.47,8.21,7.24,83.33
2023-01-17,6.92,0.0,0.0,0.0,-1.24,12.8,12.51,60.49
2023-01-18,9.59,0.0,0.0,0.0,4.61,15.22,13.15,58.09
2023-01-19,10.18,0.0,0.0,0.0,3.78,15.63,12.69,57.44
2023-01-20,9.11,0.0,0.0,0.0,3.63,14.11,10.87,55.11
2023-01-21,7.9,0.0,0.0,0.0,0.83,12.89,9.31,62.88
2023-01-22,6.34,0.0,0.0,0.0,0.42,11.94,6.12,71.82
2023-01-23,5.53,0.0,0.0,0.0,0.39,10.91,6.69,78.77
2023-01-24,2.72,1.15,0.0,1.15,0.83,5.23,5.34,87.67
2023-01-25,3.01,1.7,0.0,1.7,1.18,6.17,5.89,85.91
2023-01-26,2.86,0.0,0.0,0.0,-3.28,8.24,7.91,78.94
2023-01-27,6.09,1.08,0.0,1.08,2.16,9.69,9.05,66.73
2023-01-28,7.21,2.15,0.0,2.15,2.37,12.43,8.52,70.91
2023-01-29,2.46,4.96,0.0,4.96,-0.13,4.75,16.21,87.37
2023-01-30,0.95,2.48,2.48,0.0,-0.59,3.67,11.43,83.87
2023-01-31,0.59,3.76,3.76,0.0,-1.02,3.19,7.99,85.59
2023-02-01,0.06,4.65,4.65,0.0,-1.86,2.96,11.17,86.55
2023-02-02,1.23,1.67,1.67,0.0,-1.75,4.65,14.78,75.72
2023-02-03,1.62,2.58,2.58,0.0,-1.36,5.6,13.59,74.83
2023-02-04,1.45,0.33,0.33,0.0,-2.84,4.83,8.91,71.6
2023-02-05,1.31,0.66,0.66,0.0,-1.12,3.97,8.16,74.53
2023-02-06,0.5,8.49,8.49,0.0,-1.37,2.72,15.11,87.26
2023-02-07,-1.99,8.13,8.13,0.0,-3.96,1.15,12.83,81.96
2023-02-08,-1.97,10.27,10.27,0.0,-3.97,0.78,10.79,86.37
2023-02-09,-1.75,4.81,4.81,0.0,-3.48,2.49,7.58,87.71
2023-02-10,-1.19,1.57,1.57,0.0,-3.5,0.86,7.61,82.76
2023-02-11,-1.01,1.57,1.57,0.0,-3.4,1.2,7.53,76.72
2023-02-12,-0.37,0.0,0.0,0.0,-4.68,4.09,11.38,66.17
2023-02-13,-0.21,1.87,1.87,0.0,-2.46,3.36,13.05,63.54
2023-02-14,-0.44,2.5,2.5,0.0,-5.04,3.89,12.98,61.13
2023-02-15,0.64,28.78,28.78,0.0,-1.36,2.2,15.14,76.42
2023-02-16,0.49,12.99,12.99,0.0,-1.6,2.44,14.61,70.99
2023-02-17,2.72,0.0,0.0,0.0,-2.9,8.65,10.7,54.65
2023-02-18,7.43,0.3,0.0,0.3,1.5,11.24,14.57,50.15
2023-02-19,9.24,0.22,0.0,0.22,5.46,13.28,16.29,53.0
2023-02-20,4.46,6.42,0.0,6.42,-0.17,8.36,14.29,80.44
2023-02-21,6.14,0.0,0.0,0.0,-0.99,12.93,16.13,54.98
2023-02-22,7.41,0.0,0.0,0.0,2.65,12.4,12.32,61.89
2023-02-23,4.94,0.15,0.0,0.15,0.77,9.24,6.55,74.5
2023-02-24,3.6,0.0,0.0,0.0,-1.74,9.0,6.8,76.14
2023-02-25,8.25,0.06,0.0,0.06,2.36,14.45,10.23,56.4
2023-02-26,11.29,0.0,0.0,0.0,5.84,17.42,13.37,46.85
2023-02-27,12.52,0.0,0.0,0.0,6.24,18.38,11.18,47.7
2023-02-28,9.16,0.02,0.0,0.02,4.59,14.02,6.31,71.68
2023-03-01,7.25,4.91,0.0,4.91,5.33,10.12,4.4,96.11
2023-03-02,6.01,1.0,0.0,1.0,4.11,8.42,5.18,97.71
2023-03-03,5.63,0.15,0.0,0.15,3.85,9.26,4.8,95.63
2023-03-04,5.62,0.57,0.0,0.57,2.94,8.86,7.39,88.23
2023-03-05,6.8,7.38,0.0,7.38,3.28,12.0,5.81,82.56
2023-03-06,4.52,17.69,0.0,17.69,1.15,6.6,11.43,89.07
2023-03-07,6.6,0.13,0.0,0.13,1.33,12.66,10.12,60.96
2023-03-08,8.44,0.8,0.0,0.8,3.56,14.42,9.37,60.0
2023-03-09,9.87,0.26,0.0,0.26,4.86,14.81,8.8,60.86
2023-03-10,10.75,1.11,0.0,1.11,6.7,15.54,11.0,60.1
2023-03-11,12.08,6.47,0.0,6.47,7.29,17.71,14.62,62.75
2023-03-12,6.91,13.35,0.0,13.35,2.78,11.2,11.67,86.67
2023-03-13,2.96,2.37,0.0,2.37,1.01,4.47,8.81,79.66
2023-03-14,3.26,0.16,0.0,0.16,0.56,7.66,6.29,75.88
2023-03-15,5.6,0.0,0.0,0.0,0.94,10.98,5.53,82.2
2023-03-16,7.04,3.26,0.0,3.26,3.2,10.83,5.62,86.25
2023-03-17,6.06,12.14,0.0,12.14,3.08,9.83,8.16,93.27
2023-03-18,5.25,3.69,0.0,3.69,3.28,8.36,5.69,94.84
2023-03-19,5.29,3.81,0.0,3.81,4.38,6.77,5.95,95.55
2023-03-20,4.91,1.16,0.0,1.16,3.46,7.4,10.04,88.93
2023-03-21,5.78,0.04,0.0,0.04,0.39,12.08,4.96,76.18
2023-03-22,6.33,0.73,0.0,0.73,1.81,9.85,4.53,84.06
2023-03-23,6.19,3.81,0.0,3.81,4.66,9.28,5.93,92.18
2023-03-24,6.92,0.0,0.0,0.0,3.79,11.17,6.6,84.91
2023-03-25,7.68,0.0,0.0,0.0,2.98,13.1,5.53,81.53
2023-03-26,8.42,3.57,0.0,3.57,1.85,14.68,10.28,80.93
2023-03-27,10.47,0.12,0.0,0.12,4.07,16.47,9.45,60.72
2023-03-28,8.23,10.77,0.0,10.77,3.94,14.2,17.01,73.91
2023-03-29,0.89,11.05,11.05,0.0,-1.75,3.13,14.55,79.38
2023-03-30,-0.82,4.77,4.77,0.0,-3.8,3.07,13.71,74.95
2023-03-31,2.93,0.84,0.0,0.84,-2.63,9.27,9.87,52.1
2023-04-01,10.62,0.95,0.0,0.95,3.08,17.09,9.72,54.58
2023-04-02,10.21,1.95,0.0,1.95,6.85,14.54,8.91,76.32
2023-04-03,11.41,3.33,0.0,3.33,7.88,16.2,7.07,74.13
2023-04-04,13.43,1.1,0.0,1.1,7.51,20.46,10.08,57.53
2023-04-05,7.53,3.12,0.0,3.12,4.7,12.05,15.13,86.42
2023-04-06,6.43,3.09,0.0,3.09,4.16,9.38,6.76,83.45
2023-04-07,5.21,3.04,0.0,3.04,3.51,8.66,6.19,92.27
2023-04-08,6.63,3.14,0.0,3.14,3.28,11.04,6.91,83.2
2023-04-09,7.68,0.0,0.0,0.0,2.57,12.42,5.7,82.01
2023-04-10,7.65,6.52,0.0,6.52,4.26,12.53,5.67,87.39
2023-04-11,8.03,0.5,0.0,0.5,4.56,12.41,7.41,81.5
2023-04-12,7.51,1.27,0.0,1.27,4.86,11.68,6.43,82.2
2023-04-13,7.03,1.33,0.0,1.33,4.08,10.56,13.04,81.1
2023-04-14,12.77,0.0,0.0,0.0,4.24,19.34,10.83,49.42
2023-04-15,14.97,0.69,0.0,0.69,7.52,21.31,8.14,52.6
2023-04-16,11.67,2.95,0.0,2.95,8.48,16.03,6.92,77.64
2023-04-17,11.12,0.35,0.0,0.35,7.56,15.26,6.03,83.46
2023-04-18,11.77,2.02,0.0,2.02,8.04,16.03,8.05,76.05
2023-04-19,9.79,8.68,0.0,8.68,7.07,15.48,8.83,86.35
2023-04-20,8.47,0.47,0.0,0.47,5.71,11.45,11.51,84.71
2023-04-21,8.74,0.57,0.0,0.57,5.47,11.89,13.85,81.48
2023-04-22,9.3,0.74,0.0,0.74,4.71,13.72,13.54,68.25
2023-04-23,8.01,0.0,0.0,0.0,3.6,12.67,5.68,82.38
2023-04-24,7.75,7.48,0.0,7.48,4.62,12.41,5.88,86.21
2023-04-25,10.1,0.0,0.0,0.0,3.68,17.1,7.25,66.87
2023-04-26,11.53,2.91,0.0,2.91,7.65,16.44,8.32,71.25
2023-04-27,9.53,8.83,0.0,8.83,6.75,13.97,8.92,92.1
2023-04-28,6.34,16.69,0.0,16.69,5.24,9.17,16.42,82.56
2023-04-29,6.62,3.45,0.0,3.45,4.08,8.73,15.9,75.75
2023-04-30,7.39,0.86,0.0,0.86,4.54,11.24,13.21,69.41
2023-05-01,9.18,0.0,0.0,0.0,4.27,14.35,13.72,57.38
2023-05-02,9.09,0.0,0.0,0.0,2.67,15.64,9.04,55.94
2023-05-03,10.73,0.0,0.0,0.0,3.54,17.35,7.9,59.36
2023-05-04,12.88,0.0,0.0,0.0,6.32,18.64,7.14,63.69
2023-05-05,12.52,0.44,0.0,0.44,7.17,18.03,7.32,74.07
2023-05-06,10.33,8.16,0.0,8.16,7.36,14.04,5.74,76.75
2023-05-07,9.58,12.63,0.0,12.63,8.11,11.31,8.94,94.98
2023-05-08,10.06,2.15,0.0,2.15,7.49,13.68,9.42,92.11
2023-05-09,10.05,0.38,0.0,0.38,6.85,14.54,9.79,87.48
2023-05-10,8.67,4.32,0.0,4.32,6.26,10.57,6.03,91.52
2023-05-11,8.72,0.04,0.0,0.04,5.7,12.84,8.6,85.75
2023-05-12,8.7,0.15,0.0,0.15,5.9,12.72,6.88,88.85
2023-05-13,11.52,0.02,0.0,0.02,7.32,16.58,10.11,73.15
2023-05-14,11.32,0.0,0.0,0.0,4.83,16.43,9.75,65.53
2023-05-15,12.72,0.0,0.0,0.0,4.8,19.55,7.22,62.79
2023-05-16,14.8,0.0,0.0,0.0,8.18,21.76,6.37,63.96
2023-05-17,14.58,0.78,0.0,0.78,9.71,19.65,7.57,67.66
2023-05-18,13.11,8.89,0.0,8.89,9.87,19.47,6.29,84.4
2023-05-19,11.89,9.09,0.0,9.09,9.9,15.62,8.73,93.59
2023-05-20,12.79,0.29,0.0,0.29,9.57,17.15,8.02,88.08
2023-05-21,12.48,1.4,0.0,1.4,9.29,17.15,5.37,91.37
2023-05-22,12.89,1.7,0.0,1.7,8.83,17.41,5.15,90.68
2023-05-23,12.69,0.98,0.0,0.98,10.6,16.71,4.92,94.26
2023-05-24,12.99,9.22,0.0,9.22,10.31,17.09,5.0,93.75
2023-05-25,13.36,0.04,0.0,0.04,9.26,19.34,5.81,89.02
2023-05-26,13.61,1.77,0.0,1.77,9.94,18.85,5.82,91.02
2023-05-27,15.02,2.01,0.0,2.01,9.78,20.49,5.65,87.72
2023-05-28,14.94,4.65,0.0,4.65,12.09,19.83,5.33,93.91
2023-05-29,15.03,1.76,0.0,1.76,11.71,19.97,5.17,91.95
2023-05-30,14.47,6.83,0.0,6.83,12.62,18.65,6.74,93.82
2023-05-31,14.99,10.95,0.0,10.95,11.27,19.92,11.47,86.64
2023-06-01,15.23,0.0,0.0,0.0,10.04,21.02,10.36,70.2
2023-06-02,16.19,0.0,0.0,0.0,10.31,22.09,7.38,74.54
2023-06-03,14.79,7.51,0.0,7.51,12.56,19.57,6.62,93.17
2023-06-04,14.56,16.07,0.0,16.07,12.73,16.98,8.25,96.93
2023-06-05,14.36,31.99,0.0,31.99,12.09,17.63,8.52,92.49
2023-06-06,15.32,0.12,0.0,0.12,11.82,20.83,7.18,80.57
2023-06-07,16.0,0.0,0.0,0.0,10.76,22.02,6.27,80.46
2023-06-08,17.14,0.0,0.0,0.0,11.23,22.74,6.11,79.57
2023-06-09,16.77,0.29,0.0,0.29,12.32,21.42,6.59,79.69
2023-06-10,17.63,0.04,0.0,0.04,12.35,22.87,8.13,77.97
2023-06-11,17.65,0.0,0.0,0.0,11.79,22.65,8.1,76.88
2023-06-12,17.29,1.3,0.0,1.3,12.92,21.74,6.97,80.14
2023-06-13,16.36,2.68,0.0,2.68,13.66,20.51,7.18,86.13
2023-06-14,16.8,28.72,0.0,28.72,13.25,21.65,8.08,82.86
2023-06-15,16.92,0.0,0.0,0.0,12.3,22.46,9.85,78.42
2023-06-16,18.58,0.0,0.0,0.0,11.1,24.71,6.82,72.43
2023-06-17,17.44,4.99,0.0,4.99,14.31,21.83,5.44,87.25
2023-06-18,18.24,4.65,0.0,4.65,14.32,22.82,7.19,84.84
2023-06-19,17.34,4.36,0.0,4.36,12.97,22.3,9.08,85.24
2023-06-20,16.31,14.98,0.0,14.98,14.33,21.0,11.24,87.56
2023-06-21,18.4,0.06,0.0,0.06,13.91,22.89,9.58,76.71
2023-06-22,18.25,0.0,0.0,0.0,11.89,23.2,9.16,74.06
2023-06-23,18.33,0.0,0.0,0.0,11.83,24.53,8.14,68.1
2023-06-24,19.56,0.0,0.0,0.0,11.2,25.64,6.94,59.99
2023-06-25,20.65,0.0,0.0,0.0,12.38,26.33,6.36,67.92
2023-06-26,19.56,0.94,0.0,0.94,14.07,25.82,8.86,76.4
2023-06-27,18.84,0.31,0.0,0.31,14.1,23.63,8.89,78.37
2023-06-28,18.96,0.08,0.0,0.08,13.12,25.02,6.6,73.74
2023-06-29,17.78,2.12,0.0,2.12,13.45,23.9,9.6,76.67
2023-06-30,18.36,0.0,0.0,0.0,13.2,23.19,12.14,67.34
2023-07-01,19.31,0.0,0.0,0.0,11.82,25.05,7.42,61.56
2023-07-02,21.1,0.0,0.0,0.0,13.22,27.12,7.83,64.96
2023-07-03,21.51,0.04,0.0,0.04,14.37,27.78,6.62,70.18
2023-07-04,22.07,0.0,0.0,0.0,16.84,27.19,6.75,73.17
2023-07-05,22.54,0.0,0.0,0.0,15.52,27.68,6.97,68.45
2023-07-06,22.45,0.0,0.0,0.0,15.41,28.26,7.46,66.08
2023-07-07,21.23,1.13,0.0,1.13,16.38,27.6,12.06,73.97
2023-07-08,20.03,6.47,0.0,6.47,17.03,24.47,14.15,80.75
2023-07-09,17.4,27.77,0.0,27.77,14.89,20.62,14.19,89.46
2023-07-10,18.44,14.68,0.0,14.68,14.86,22.59,14.28,74.19
2023-07-11,19.15,0.39,0.0,0.39,12.61,24.77,12.12,64.99
2023-07-12,21.39,0.04,0.0,0.04,14.58,27.41,9.28,63.99
2023-07-13,22.19,0.0,0.0,0.0,14.25,28.12,8.21,64.93
2023-07-14,23.86,0.0,0.0,0.0,15.01,30.09,8.72,59.1
2023-07-15,22.04,0.0,0.0,0.0,17.38,26.89,11.37,61.9
2023-07-16,19.56,0.0,0.0,0.0,13.57,26.54,8.6,66.32
2023-07-17,20.61,0.0,0.0,0.0,13.55,26.54,10.21,62.83
2023-07-18,20.58,0.0,0.0,0.0,12.28,26.49,9.5,57.13
2023-07-19,20.85,0.0,0.0,0.0,13.62,28.88,9.44,56.95
2023-07-20,22.13,0.0,0.0,0.0,13.5,29.04,9.04,58.36
2023-07-21,22.67,0.04,0.0,0.04,15.04,27.8,8.08,62.82
2023-07-22,22.56,0.0,0.0,0.0,15.79,29.11,7.75,60.79
2023-07-23,24.59,0.37,0.0,0.37,16.41,30.19,9.73,53.0
2023-07-24,21.4,2.9,0.0,2.9,17.37,26.14,10.62,68.44
2023-07-25,20.91,0.0,0.0,0.0,12.63,26.77,8.61,62.44
2023-07-26,23.58,0.0,0.0,0.0,15.06,30.78,7.51,54.12
2023-07-27,25.27,5.41,0.0,5.41,17.08,33.44,12.54,52.72
2023-07-28,18.85,2.57,0.0,2.57,15.18,23.91,16.92,65.55
2023-07-29,19.08,0.0,0.0,0.0,12.33,25.32,9.2,63.28
2023-07-30,20.62,0.0,0.0,0.0,12.94,25.51,8.91,63.39
2023-07-31,20.34,0.0,0.0,0.0,12.24,27.06,7.89,62.4
2023-08-01,20.65,0.0,0.0,0.0,15.09,27.28,9.45,70.19
2023-08-02,22.46,0.0,0.0,0.0,17.24,28.85,7.73,70.19
2023-08-03,23.63,0.0,0.0,0.0,15.69,29.9,8.57,58.59
2023-08-04,23.52,0.0,0.0,0.0,15.89,29.51,8.77,59.02
2023-08-05,22.96,0.0,0.0,0.0,15.52,29.23,8.22,59.48
2023-08-06,26.35,0.0,0.0,0.0,17.21,33.21,8.9,50.99
2023-08-07,24.3,0.0,0.0,0.0,18.5,29.63,11.38,58.95
2023-08-08,21.41,0.0,0.0,0.0,16.31,28.36,9.46,69.56
2023-08-09,20.78,0.28,0.0,0.28,17.53,24.99,10.64,72.01
2023-08-10,21.92,1.22,0.0,1.22,16.27,27.22,8.2,73.17
2023-08-11,20.32,6.44,0.0,6.44,18.07,23.95,10.61,83.38
2023-08-12,21.84,0.0,0.0,0.0,17.46,25.55,9.37,71.48
2023-08-13,24.01,0.0,0.0,0.0,15.79,28.84,9.51,71.51
2023-08-14,23.21,0.0,0.0,0.0,17.41,28.86,8.0,76.48
2023-08-15,24.14,0.0,0.0,0.0,17.78,30.43,8.36,65.43
2023-08-16,24.2,0.0,0.0,0.0,16.68,29.95,7.72,65.38
2023-08-17,24.46,0.0,0.0,0.0,16.36,30.11,7.62,65.46
2023-08-18,23.98,0.0,0.0,0.0,15.48,30.24,8.76,65.37
2023-08-19,23.57,0.0,0.0,0.0,15.39,29.69,8.93,69.54
2023-08-20,23.04,0.0,0.0,0.0,14.65,28.95,9.43,59.72
2023-08-21,22.76,0.0,0.0,0.0,15.02,28.67,10.98,64.23
2023-08-22,23.0,0.0,0.0,0.0,15.01,29.75,10.27,54.42
2023-08-23,23.3,0.0,0.0,0.0,14.74,29.08,8.7,56.64
2023-08-24,22.3,0.0,0.0,0.0,14.48,28.82,9.1,65.0
2023-08-25,22.26,0.0,0.0,0.0,14.48,28.09,9.3,63.62
2023-08-26,21.94,0.0,0.0,0.0,13.02,28.46,9.57,59.72
2023-08-27,22.4,0.0,0.0,0.0,13.62,27.68,9.15,68.3
2023-08-28,21.52,0.0,0.0,0.0,13.78,27.02,9.37,64.11
2023-08-29,21.64,0.0,0.0,0.0,15.22,27.8,9.92,64.24
2023-08-30,24.19,0.0,0.0,0.0,16.02,30.49,8.02,60.3
2023-08-31,25.04,0.0,0.0,0.0,16.47,31.0,9.81,56.42
2023-09-01,22.78,2.17,0.0,2.17,17.52,28.67,11.35,67.1
2023-09-02,21.88,0.02,0.0,0.02,16.68,27.4,9.85,73.3
2023-09-03,20.32,5.84,0.0,5.84,17.55,24.98,9.59,77.12
2023-09-04,18.69,1.92,0.0,1.92,15.85,23.27,9.25,77.87
2023-09-05,19.87,0.0,0.0,0.0,15.07,26.76,8.5,79.62
2023-09-06,20.81,1.87,0.0,1.87,16.98,26.01,6.9,83.64
2023-09-07,20.76,0.0,0.0,0.0,16.11,26.16,9.2,78.66
2023-09-08,18.77,0.0,0.0,0.0,12.14,24.33,9.81,72.64
2023-09-09,17.78,0.0,0.0,0.0,11.23,24.23,9.7,64.29
2023-09-10,16.81,0.0,0.0,0.0,9.93,22.61,11.24,65.99
2023-09-11,15.62,0.0,0.0,0.0,8.08,22.58,9.4,70.09
2023-09-12,15.41,0.0,0.0,0.0,8.22,22.53,10.13,68.46
2023-09-13,16.6,0.0,0.0,0.0,8.53,23.31,10.02,62.56
2023-09-14,16.87,0.0,0.0,0.0,9.05,23.18,9.66,58.29
2023-09-15,17.39,0.0,0.0,0.0,8.01,23.78,8.84,61.65
2023-09-16,17.86,0.0,0.0,0.0,8.93,23.56,9.64,64.4
2023-09-17,17.47,0.07,0.0,0.07,9.99,23.9,9.01,67.95
2023-09-18,16.05,0.0,0.0,0.0,7.97,23.3,9.65,69.6
2023-09-19,15.28,0.0,0.0,0.0,8.05,22.79,9.33,68.23
2023-09-20,17.71,0.0,0.0,0.0,9.54,24.23,8.12,71.37
2023-09-21,18.33,0.0,0.0,0.0,9.51,24.93,8.41,73.76
2023-09-22,19.44,0.0,0.0,0.0,10.3,26.6,8.14,73.11
2023-09-23,19.66,0.0,0.0,0.0,9.79,26.54,8.24,63.1
2023-09-24,20.02,0.0,0.0,0.0,10.31,26.2,8.03,61.54
2023-09-25,19.88,0.0,0.0,0.0,10.96,25.62,8.75,70.27
2023-09-26,18.35,0.0,0.0,0.0,11.26,24.9,9.26,73.44
2023-09-27,19.03,0.0,0.0,0.0,10.34,25.11,8.85,72.03
2023-09-28,18.19,0.19,0.0,0.19,13.16,23.32,6.44,79.1
2023-09-29,17.73,3.67,0.0,3.67,13.7,23.39,8.26,83.44
2023-09-30,17.12,3.05,0.0,3.05,13.86,22.69,8.58,87.3
2023-10-01,16.46,7.97,0.0,7.97,13.08,21.54,10.1,87.54
2023-10-02,16.09,5.59,0.0,5.59,13.96,21.52,12.69,82.42
2023-10-03,13.9,1.13,0.0,1.13,9.59,19.17,10.73,74.23
2023-10-04,13.37,0.0,0.0,0.0,5.5,20.55,9.66,69.75
2023-10-05,14.59,0.0,0.0,0.0,6.36,22.02,8.87,69.43
2023-10-06,15.47,0.0,0.0,0.0,6.84,22.38,9.3,72.1
2023-10-07,15.5,0.64,0.0,0.64,9.4,21.87,9.15,74.52
2023-10-08,17.21,0.0,0.0,0.0,8.5,23.79,12.91,66.69
2023-10-09,11.58,7.31,0.0,7.31,7.49,16.55,11.86,77.63
2023-10-10,12.29,1.45,0.0,1.45,6.13,18.19,10.81,73.42
2023-10-11,11.37,4.43,0.0,4.43,8.58,15.8,9.68,82.58
2023-10-12,11.64,0.0,0.0,0.0,6.39,19.37,8.98,75.32
2023-10-13,14.23,0.0,0.0,0.0,5.56,22.35,9.13,73.45
2023-10-14,14.17,0.0,0.0,0.0,7.11,20.57,8.25,75.04
2023-10-15,15.06,0.0,0.0,0.0,6.06,21.44,9.01,68.86
2023-10-16,14.35,8.03,0.0,8.03,8.78,21.21,16.27,77.93
2023-10-17,10.7,0.24,0.0,0.24,7.81,14.75,8.73,79.45
2023-10-18,9.48,9.55,0.0,9.55,8.22,11.45,6.92,93.05
2023-10-19,11.7,2.71,0.0,2.71,7.87,17.35,8.05,82.96
2023-10-20,14.18,0.0,0.0,0.0,6.53,20.79,9.82,73.14
2023-10-21,18.7,0.0,0.0,0.0,9.86,26.68,10.78,61.07
2023-10-22,17.79,0.0,0.0,0.0,11.87,22.64,9.92,60.91
2023-10-23,18.65,0.0,0.0,0.0,11.17,25.83,9.24,60.44
2023-10-24,17.1,0.0,0.0,0.0,10.38,23.2,7.85,70.84
2023-10-25,15.42,0.0,0.0,0.0,9.45,20.77,8.63,70.38
2023-10-26,17.3,0.0,0.0,0.0,13.66,23.54,10.03,58.32
2023-10-27,19.35,0.04,0.0,0.04,13.85,25.22,11.66,58.38
2023-10-28,18.56,0.0,0.0,0.0,12.79,23.88,12.85,60.4
2023-10-29,16.48,1.73,0.0,1.73,12.63,22.02,7.77,77.86
2023-10-30,16.38,0.0,0.0,0.0,11.63,22.47,7.41,82.52
2023-10-31,16.46,0.0,0.0,0.0,10.02,21.52,7.06,76.14
2023-11-01,17.19,0.55,0.0,0.55,10.52,22.87,8.23,72.44
2023-11-02,14.35,0.85,0.0,0.85,9.39,18.33,7.85,84.45
2023-11-03,15.67,0.32,0.0,0.32,11.45,20.98,13.08,73.44
2023-11-04,18.17,0.0,0.0,0.0,11.9,24.04,11.62,59.19
2023-11-05,18.19,0.16,0.0,0.16,11.08,24.87,13.07,57.77
2023-11-06,14.93,2.88,0.0,2.88,10.67,19.99,15.15,75.51
2023-11-07,15.23,0.12,0.0,0.12,10.17,20.74,9.34,74.25
2023-11-08,14.78,0.0,0.0,0.0,7.95,20.42,9.51,69.86
2023-11-09,11.66,11.26,0.0,11.26,8.01,15.45,13.7,85.39
2023-11-10,10.36,0.0,0.0,0.0,4.75,16.6,9.96,81.64
2023-11-11,15.97,0.0,0.0,0.0,8.44,21.0,14.06,63.73
2023-11-12,13.21,4.94,0.0,4.94,10.29,17.26,16.31,73.04
2023-11-13,10.35,8.99,0.0,8.99,8.67,13.58,7.81,89.69
2023-11-14,10.33,10.72,0.0,10.72,5.49,15.58,12.95,79.04
2023-11-15,10.69,0.0,0.0,0.0,5.65,18.06,10.93,69.68
2023-11-16,8.87,22.24,0.0,22.24,6.73,11.9,14.04,86.39
2023-11-17,8.31,6.33,0.0,6.33,4.72,12.56,10.5,77.32
2023-11-18,9.3,11.93,0.0,11.93,5.05,12.28,11.78,74.24
2023-11-19,5.47,25.62,0.0,25.62,3.09,8.65,23.3,79.73
2023-11-20,4.09,20.92,0.0,20.92,2.06,7.2,22.4,85.25
2023-11-21,7.3,3.98,0.0,3.98,3.18,13.21,15.31,75.09
2023-11-22,10.19,0.04,0.0,0.04,6.18,17.37,13.06,66.83
2023-11-23,8.93,8.34,0.0,8.34,6.04,11.66,9.77,91.82
2023-11-24,11.57,2.29,0.0,2.29,7.93,15.22,12.35,84.67
2023-11-25,12.95,0.44,0.0,0.44,10.1,16.12,22.1,63.23
2023-11-26,9.44,7.14,0.0,7.14,0.89,17.27,28.38,67.12
2023-11-27,1.27,4.16,4.16,0.0,-0.78,4.24,22.19,68.4
2023-11-28,4.14,0.09,0.0,0.09,-1.55,9.41,15.02,52.64
2023-11-29,10.26,1.84,0.0,1.84,5.2,15.27,21.81,67.73
2023-11-30,9.02,8.87,0.0,8.87,6.87,12.72,12.1,87.13
2023-12-01,12.56,0.0,0.0,0.0,5.13,18.01,12.24,73.3
2023-12-02,13.68,0.0,0.0,0.0,6.98,19.41,12.85,65.45
2023-12-03,13.35,0.0,0.0,0.0,7.68,18.24,12.24,63.01
2023-12-04,8.95,3.45,0.0,3.45,3.95,13.88,10.65,84.67
2023-12-05,6.83,1.77,0.0,1.77,3.97,9.92,7.14,92.76
2023-12-06,6.69,0.28,0.0,0.28,3.9,9.7,6.8,93.35
2023-12-07,7.67,1.81,0.0,1.81,4.82,10.35,6.44,93.39
2023-12-08,7.35,4.96,0.0,4.96,4.85,9.38,9.0,94.74
2023-12-09,7.8,12.01,0.0,12.01,6.21,10.25,8.13,96.98
2023-12-10,6.48,5.32,0.0,5.32,4.14,9.27,14.87,88.32
2023-12-11,6.1,0.0,0.0,0.0,2.83,9.7,6.91,87.66
2023-12-12,7.23,1.84,0.0,1.84,4.38,10.53,8.04,88.85
2023-12-13,6.26,2.25,0.0,2.25,2.8,10.73,11.2,81.19
2023-12-14,9.27,0.0,0.0,0.0,3.65,14.08,12.27,62.84
2023-12-15,9.46,0.22,0.0,0.22,4.72,13.57,9.96,73.07
2023-12-16,6.12,9.81,0.0,9.81,2.61,9.0,8.33,92.36
2023-12-17,1.94,6.21,6.21,0.0,-1.56,5.55,10.69,87.16
2023-12-18,2.55,0.07,0.0,0.07,-2.16,7.36,11.34,77.48
2023-12-19,5.04,0.0,0.0,0.0,1.23,8.99,9.07,77.6
2023-12-20,5.12,0.0,0.0,0.0,0.15,9.99,9.28,76.98
2023-12-21,7.02,0.0,0.0,0.0,3.37,11.45,9.94,70.69
2023-12-22,6.3,2.64,0.0,2.64,3.09,9.71,9.19,86.84
2023-12-23,5.42,9.9,0.0,9.9,1.99,10.88,25.62,73.07
2023-12-24,1.05,20.12,20.12,0.0,-2.05,4.21,18.32,84.76
2023-12-25,9.06,3.59,0.0,3.59,2.83,14.34,18.84,63.36
2023-12-26,10.88,0.0,0.0,0.0,4.92,16.23,14.73,63.91
2023-12-27,9.42,0.0,0.0,0.0,3.18,14.49,15.05,72.69
2023-12-28,7.17,0.07,0.0,0.07,3.04,12.08,7.74,84.75
2023-12-29,6.37,0.0,0.0,0.0,0.7,11.62,9.29,65.46
2023-12-30,6.16,0.0,0.0,0.0,0.66,11.48,9.39,66.8
2023-12-31,6.17,0.09,0.0,0.09,2.59,9.62,10.39,79.4
2024-01-01,7.63,0.0,0.0,0.0,3.91,12.48,8.57,78.11
2024-01-02,7.52,7.04,0.0,7.04,3.59,10.47,9.7,79.85
2024-01-03,7.85,3.03,0.0,3.03,4.7,11.86,10.38,84.34
2024-01-04,9.39,4.28,0.0,4.28,6.2,14.21,13.99,74.09
2024-01-05,7.64,11.7,0.0,11.7,3.69,11.3,16.95,76.48
2024-01-06,6.96,0.0,0.0,0.0,2.36,12.15,10.42,59.25
2024-01-07,9.81,2.3,0.0,2.3,4.27,14.94,13.37,59.89
2024-01-08,9.18,5.21,0.0,5.21,5.65,13.68,12.89,74.89
2024-01-09,4.93,3.84,0.0,3.84,2.0,7.75,11.3,92.22
2024-01-10,2.12,0.94,0.0,0.94,-0.26,5.18,11.3,84.44
2024-01-11,0.78,0.04,0.04,0.0,-1.65,3.83,9.86,80.27
2024-01-12,0.14,6.85,6.85,0.0,-2.19,3.01,16.58,83.63
2024-01-13,-2.89,6.23,6.23,0.0,-4.65,-0.53,12.75,79.05
2024-01-14,-1.07,0.0,0.0,0.0,-5.96,4.22,11.58,66.95
2024-01-15,2.54,0.0,0.0,0.0,-4.7,8.27,13.01,60.36
2024-01-16,6.76,2.06,0.0,2.06,1.79,10.26,17.22,74.33
2024-01-17,3.56,0.93,0.0,0.93,0.74,6.85,7.46,89.72
2024-01-18,7.26,0.04,0.0,0.04,1.91,12.77,14.37,68.84
2024-01-19,10.92,0.84,0.0,0.84,6.68,14.33,16.59,68.75
2024-01-20,7.47,2.79,0.0,2.79,1.64,13.11,13.22,81.89
2024-01-21,1.39,10.93,10.93,0.0,-0.27,3.44,10.37,88.61
2024-01-22,-0.81,1.94,1.94,0.0,-3.44,3.0,8.83,82.76
2024-01-23,-1.27,0.0,0.0,0.0,-5.71,4.47,8.69,78.09
2024-01-24,-0.83,0.0,0.0,0.0,-5.68,4.92,8.41,74.34
2024-01-25,1.74,0.75,0.75,0.0,-2.53,5.61,12.89,72.34
2024-01-26,2.51,7.22,0.0,7.22,0.42,5.67,13.55,85.44
2024-01-27,1.12,9.43,9.43,0.0,-0.67,3.37,16.27,85.5
2024-01-28,0.54,5.65,5.65,0.0,-1.32,2.57,10.74,88.42
2024-01-29,-0.31,6.03,6.03,0.0,-2.88,3.46,8.88,89.5
2024-01-30,-0.05,2.9,2.9,0.0,-3.31,3.27,8.76,85.44
2024-01-31,0.91,0.0,0.0,0.0,-4.25,6.04,9.94,81.49
2024-02-01,0.74,0.0,0.0,0.0,-4.36,6.65,7.74,79.11
2024-02-02,2.45,0.0,0.0,0.0,-4.21,7.6,12.31,75.51
2024-02-03,2.11,2.42,0.0,2.42,-1.03,6.83,12.43,78.12
2024-02-04,3.92,0.52,0.0,0.52,0.25,7.43,14.08,70.03
2024-02-05,7.07,0.73,0.0,0.73,3.82,11.3,19.44,69.37
2024-02-06,9.76,0.52,0.0,0.52,7.43,14.24,20.4,61.46
2024-02-07,11.98,0.0,0.0,0.0,3.4,17.45,16.12,53.36
2024-02-08,10.74,0.0,0.0,0.0,5.67,15.05,12.03,64.03
2024-02-09,10.99,0.0,0.0,0.0,3.89,16.17,10.03,66.0
2024-02-10,11.11,0.0,0.0,0.0,3.47,16.27,11.29,60.24
2024-02-11,12.1,0.0,0.0,0.0,5.45,16.93,10.57,54.11
2024-02-12,13.8,0.06,0.0,0.06,7.56,18.88,11.92,50.43
2024-02-13,11.47,1.64,0.0,1.64,6.86,15.86,10.21,61.41
2024-02-14,7.33,1.42,0.0,1.42,5.17,10.04,7.72,90.69
2024-02-15,5.51,6.27,0.0,6.27,4.23,6.77,11.07,95.95
2024-02-16,5.43,3.11,0.0,3.11,3.64,7.9,9.88,91.23
2024-02-17,4.46,3.88,0.0,3.88,2.82,6.61,6.46,94.54
2024-02-18,3.37,3.74,0.0,3.74,2.26,5.47,12.27,87.74
2024-02-19,3.09,0.26,0.0,0.26,1.45,5.9,9.62,85.15
2024-02-20,4.22,0.06,0.0,0.06,1.48,7.52,5.93,85.6
2024-02-21,4.96,2.47,0.0,2.47,0.03,8.47,7.54,85.33
2024-02-22,3.38,0.64,0.0,0.64,-0.01,7.65,8.21,80.95
2024-02-23,6.8,0.0,0.0,0.0,-0.57,12.66,9.6,64.8
2024-02-24,9.61,0.0,0.0,0.0,2.51,14.75,9.19,62.4
2024-02-25,9.85,0.0,0.0,0.0,2.7,14.99,7.04,68.07
2024-02-26,8.69,0.0,0.0,0.0,3.43,13.63,5.3,71.18
2024-02-27,8.54,0.0,0.0,0.0,3.25,13.16,7.24,77.63
2024-02-28,7.9,0.0,0.0,0.0,1.54,13.64,5.93,80.58
2024-02-29,8.02,0.0,0.0,0.0,1.17,13.61,6.13,76.26
2024-03-01,7.74,0.0,0.0,0.0,3.23,12.98,5.16,74.85
2024-03-02,8.1,0.0,0.0,0.0,3.38,11.83,7.27,80.54
2024-03-03,7.64,0.0,0.0,0.0,4.81,10.67,10.01,86.98
2024-03-04,6.47,0.81,0.0,0.81,3.61,10.37,5.25,91.07
2024-03-05,7.09,5.22,0.0,5.22,2.55,13.29,6.91,85.34
2024-03-06,5.14,18.75,0.0,18.75,3.71,7.72,15.76,91.09
2024-03-07,4.29,3.12,0.0,3.12,1.75,6.94,11.49,83.59
2024-03-08,5.29,0.56,0.0,0.56,1.0,10.17,7.4,86.2
2024-03-09,3.08,8.51,0.0,8.51,1.07,5.22,6.78,89.19
2024-03-10,4.81,1.15,0.0,1.15,-0.06,9.22,7.4,79.49
2024-03-11,7.36,0.0,0.0,0.0,-0.07,12.72,8.41,72.81
2024-03-12,10.89,0.02,0.0,0.02,4.42,17.75,8.59,64.68
2024-03-13,10.0,0.58,0.0,0.58,5.45,13.21,8.86,72.53
2024-03-14,7.77,2.12,0.0,2.12,5.55,11.34,7.16,86.24
2024-03-15,6.15,2.99,0.0,2.99,3.24,10.39,8.66,90.16
2024-03-16,5.07,10.28,0.0,10.28,3.57,7.53,7.08,91.0
2024-03-17,6.06,1.89,0.0,1.89,2.65,10.75,5.91,87.01
2024-03-18,5.53,4.39,0.0,4.39,0.42,11.83,7.23,85.56
2024-03-19,6.88,0.0,0.0,0.0,0.79,12.47,8.48,77.08
2024-03-20,5.54,8.04,0.0,8.04,1.29,9.75,9.48,86.07
2024-03-21,2.41,6.25,0.0,6.25,-0.18,5.29,9.92,87.68
2024-03-22,1.99,8.66,8.66,0.0,-0.61,5.95,13.46,89.04
2024-03-23,2.28,5.85,0.0,5.85,0.34,5.96,14.09,86.57
2024-03-24,5.72,0.0,0.0,0.0,-0.51,12.43,9.78,72.28
2024-03-25,8.98,7.65,0.0,7.65,1.41,15.55,15.24,67.43
2024-03-26,5.88,2.3,0.0,2.3,2.19,10.35,21.94,70.53
2024-03-27,6.07,0.6,0.0,0.6,1.03,11.95,8.07,73.28
2024-03-28,13.19,1.05,0.0,1.05,6.52,20.3,10.53,62.02
2024-03-29,13.49,0.16,0.0,0.16,9.53,19.31,11.97,70.46
2024-03-30,13.29,0.0,0.0,0.0,7.24,19.13,8.86,61.1
2024-03-31,15.78,0.0,0.0,0.0,9.73,21.77,9.43,52.76
2024-04-01,16.35,0.0,0.0,0.0,9.29,23.28,9.48,52.6
2024-04-02,17.75,0.0,0.0,0.0,10.88,25.65,10.94,45.69
2024-04-03,13.29,0.0,0.0,0.0,8.53,18.51,14.89,59.16
2024-04-04,11.21,0.0,0.0,0.0,4.2,17.67,8.77,70.8
2024-04-05,10.4,1.97,0.0,1.97,4.68,15.86,10.94,71.33
2024-04-06,9.58,0.0,0.0,0.0,2.15,15.89,9.04,64.51
2024-04-07,9.65,0.0,0.0,0.0,2.61,14.82,10.31,71.1
2024-04-08,10.02,0.0,0.0,0.0,3.93,15.06,10.17,75.4
2024-04-09,12.04,0.0,0.0,0.0,4.46,17.17,7.99,79.82
2024-04-10,11.19,0.0,0.0,0.0,6.32,16.21,9.87,80.85
2024-04-11,11.6,0.0,0.0,0.0,7.18,15.89,11.4,81.33
2024-04-12,12.52,0.0,0.0,0.0,8.94,17.8,7.46,85.08
2024-04-13,12.4,0.0,0.0,0.0,7.28,17.36,14.3,80.29
2024-04-14,11.92,0.0,0.0,0.0,6.25,18.08,12.8,72.26
2024-04-15,15.67,0.0,0.0,0.0,6.36,22.86,9.41,59.04
2024-04-16,20.69,0.0,0.0,0.0,9.63,27.52,12.71,40.95
2024-04-17,19.84,0.0,0.0,0.0,12.23,26.95,10.84,42.31
2024-04-18,17.98,0.29,0.0,0.29,12.64,24.99,17.93,52.98
2024-04-19,12.87,1.23,0.0,1.23,9.71,17.51,8.75,80.54
2024-04-20,11.78,2.6,0.0,2.6,7.56,19.3,11.33,83.38
2024-04-21,11.55,0.11,0.0,0.11,7.45,15.93,16.63,69.05
2024-04-22,12.44,0.0,0.0,0.0,5.63,19.64,12.61,70.01
2024-04-23,13.37,0.04,0.0,0.04,7.67,18.76,6.97,76.77
2024-04-24,20.84,0.0,0.0,0.0,13.32,28.65,12.28,44.72
2024-04-25,19.18,0.51,0.0,0.51,12.96,25.17,13.34,49.68
2024-04-26,15.73,1.26,0.0,1.26,11.03,22.11,12.15,75.84
2024-04-27,13.2,0.0,0.0,0.0,8.94,18.11,7.05,86.49
2024-04-28,12.96,3.4,0.0,3.4,10.9,17.36,7.33,91.27
2024-04-29,11.91,1.76,0.0,1.76,10.32,15.51,7.32,95.96
2024-04-30,13.68,0.84,0.0,0.84,10.32,18.3,7.14,92.45
2024-05-01,12.29,3.25,0.0,3.25,9.86,15.69,7.2,89.45
2024-05-02,10.12,8.12,0.0,8.12,8.76,12.43,8.15,94.14
2024-05-03,10.18,9.84,0.0,9.84,8.85,12.6,12.43,94.65
2024-05-04,10.15,7.27,0.0,7.27,7.72,13.56,7.8,90.58
2024-05-05,9.28,3.87,0.0,3.87,4.65,13.41,9.49,77.7
2024-05-06,8.79,0.0,0.0,0.0,1.19,15.45,9.17,70.35
2024-05-07,10.26,0.0,0.0,0.0,2.72,18.56,8.49,63.48
2024-05-08,15.3,0.0,0.0,0.0,4.46,22.08,9.51,54.67
2024-05-09,14.68,0.0,0.0,0.0,7.8,19.63,7.42,74.02
2024-05-10,13.54,1.77,0.0,1.77,8.89,18.3,7.76,85.12
2024-05-11,11.6,4.49,0.0,4.49,9.1,15.72,9.87,88.8
2024-05-12,11.88,3.24,0.0,3.24,8.94,16.01,11.67,75.26
2024-05-13,9.28,1.42,0.0,1.42,4.92,13.76,13.3,84.17
2024-05-14,8.11,2.0,0.0,2.0,3.24,12.87,12.78,78.52
2024-05-15,9.99,0.11,0.0,0.11,3.38,16.22,11.36,73.98
2024-05-16,10.83,0.04,0.0,0.04,5.94,17.03,8.45,76.82
2024-05-17,11.87,1.07,0.0,1.07,4.35,16.62,7.09,78.83
2024-05-18,14.05,0.49,0.0,0.49,6.94,20.32,7.3,83.04
2024-05-19,14.96,0.08,0.0,0.08,8.65,20.16,6.88,81.74
2024-05-20,14.65,0.0,0.0,0.0,8.78,20.27,7.36,77.76
2024-05-21,15.47,0.0,0.0,0.0,8.87,20.92,6.93,73.32
2024-05-22,16.22,0.0,0.0,0.0,8.62,23.24,6.27,73.28
2024-05-23,15.67,1.98,0.0,1.98,10.87,22.38,8.1,77.94
2024-05-24,14.93,0.51,0.0,0.51,11.74,19.65,12.62,81.46
2024-05-25,14.79,2.11,0.0,2.11,10.12,19.68,13.14,82.55
2024-05-26,14.42,1.47,0.0,1.47,10.07,18.69,9.76,83.88
2024-05-27,13.18,1.42,0.0,1.42,8.34,17.79,7.53,87.13
2024-05-28,14.5,2.63,0.0,2.63,11.19,19.28,7.26,86.33
2024-05-29,15.88,0.0,0.0,0.0,9.84,21.3,8.15,79.06
2024-05-30,16.75,0.95,0.0,0.95,11.15,22.88,7.12,78.4
2024-05-31,17.64,0.06,0.0,0.06,11.65,23.32,8.69,74.73
2024-06-01,20.02,2.63,0.0,2.63,11.34,26.18,9.12,65.24
2024-06-02,22.24,0.0,0.0,0.0,13.68,27.62,8.53,61.15
2024-06-03,22.04,0.0,0.0,0.0,14.01,27.55,7.6,68.38
2024-06-04,22.72,0.09,0.0,0.09,15.13,29.24,7.67,67.24
2024-06-05,23.35,0.16,0.0,0.16,16.51,28.9,9.71,67.93
2024-06-06,22.27,0.33,0.0,0.33,14.52,28.14,8.81,71.76
2024-06-07,20.83,0.0,0.0,0.0,14.85,25.92,8.43,76.18
2024-06-08,19.87,0.25,0.0,0.25,14.64,25.05,7.97,74.14
2024-06-09,20.64,0.0,0.0,0.0,12.62,25.43,8.5,70.98
2024-06-10,20.89,0.0,0.0,0.0,14.35,27.53,8.65,64.02
2024-06-11,22.44,0.0,0.0,0.0,15.5,29.65,7.34,59.14
2024-06-12,24.02,0.0,0.0,0.0,17.51,31.09,9.81,57.36
2024-06-13,23.51,0.0,0.0,0.0,17.91,30.32,7.86,67.24
2024-06-14,23.14,2.57,0.0,2.57,18.08,31.48,10.55,67.75
2024-06-15,18.98,2.2,0.0,2.2,15.86,23.0,18.57,76.55
2024-06-16,20.08,0.04,0.0,0.04,13.63,25.19,11.59,73.69
2024-06-17,20.39,0.0,0.0,0.0,13.29,26.77,8.36,73.25
2024-06-18,21.74,0.0,0.0,0.0,13.54,26.66,9.2,72.07
2024-06-19,21.13,0.0,0.0,0.0,13.78,27.19,9.18,71.69
2024-06-20,22.16,0.0,0.0,0.0,13.91,28.23,8.38,70.98
2024-06-21,21.05,0.0,0.0,0.0,15.13,27.2,9.0,69.78
2024-06-22,20.08,0.0,0.0,0.0,14.29,26.67,9.05,67.73
2024-06-23,21.38,0.0,0.0,0.0,11.73,27.24,8.34,63.78
2024-06-24,21.76,0.0,0.0,0.0,13.13,27.77,7.98,66.63
2024-06-25,21.96,0.04,0.0,0.04,15.94,27.21,10.55,75.17
2024-06-26,19.96,0.3,0.0,0.3,14.86,25.71,10.54,75.58
2024-06-27,20.96,0.0,0.0,0.0,11.92,27.3,8.82,64.51
2024-06-28,20.91,0.0,0.0,0.0,12.75,26.63,10.22,63.95
2024-06-29,19.01,0.0,0.0,0.0,12.85,24.91,11.07,68.87
2024-06-30,19.32,0.0,0.0,0.0,13.13,25.55,11.07,69.88
2024-07-01,20.24,0.0,0.0,0.0,14.43,26.21,12.53,69.35
2024-07-02,21.18,0.0,0.0,0.0,14.63,27.91,9.9,63.16
2024-07-03,22.39,0.0,0.0,0.0,15.82,29.63,7.81,58.25
2024-07-04,22.02,4.42,0.0,4.42,17.52,28.18,8.4,73.08
2024-07-05,19.86,1.64,0.0,1.64,16.59,24.25,12.28,83.11
2024-07-06,19.78,1.69,0.0,1.69,15.42,25.05,11.7,82.38
2024-07-07,21.9,0.0,0.0,0.0,16.19,27.42,12.35,74.71
2024-07-08,22.52,0.0,0.0,0.0,16.93,28.69,12.82,74.42
2024-07-09,22.56,1.03,0.0,1.03,17.89,27.69,12.01,76.49
2024-07-10,22.42,4.8,0.0,4.8,17.89,27.81,10.1,78.69
2024-07-11,22.19,0.89,0.0,0.89,18.0,27.25,7.53,82.7
2024-07-12,22.61,6.29,0.0,6.29,18.41,27.81,9.58,80.43
2024-07-13,23.65,0.8,0.0,0.8,17.66,28.89,10.25,76.81
2024-07-14,22.69,0.0,0.0,0.0,17.36,30.15,11.92,68.74
2024-07-15,22.85,0.0,0.0,0.0,16.69,28.39,12.67,64.2
2024-07-16,24.27,0.78,0.0,0.78,17.38,28.91,11.15,70.74
2024-07-17,24.47,2.09,0.0,2.09,18.43,30.32,10.66,74.73
2024-07-18,25.68,0.0,0.0,0.0,18.68,30.95,12.41,71.74
2024-07-19,25.47,0.0,0.0,0.0,18.25,30.82,13.42,67.86
2024-07-20,23.89,0.27,0.0,0.27,18.2,30.73,11.14,74.22
2024-07-21,24.07,0.0,0.0,0.0,17.56,30.83,8.01,74.67
2024-07-22,24.85,0.0,0.0,0.0,18.23,31.35,8.92,71.11
2024-07-23,24.77,0.97,0.0,0.97,17.25,30.7,10.15,71.72
2024-07-24,23.66,0.83,0.0,0.83,17.7,28.82,10.0,73.83
2024-07-25,24.05,0.0,0.0,0.0,15.71,29.28,9.73,69.45
2024-07-26,19.53,22.53,0.0,22.53,17.11,23.71,9.37,87.46
2024-07-27,18.85,18.9,0.0,18.9,16.1,22.76,14.4,84.53
2024-07-28,22.43,0.12,0.0,0.12,16.31,28.13,11.13,75.34
2024-07-29,22.48,0.0,0.0,0.0,13.54,29.27,9.95,62.58
2024-07-30,22.0,0.28,0.0,0.28,13.88,27.3,12.54,68.02
2024-07-31,20.29,0.17,0.0,0.17,14.13,25.61,10.84,73.66
2024-08-01,20.87,0.0,0.0,0.0,13.91,27.44,8.75,73.22
2024-08-02,22.47,0.0,0.0,0.0,13.59,28.23,8.64,74.5
2024-08-03,22.56,0.0,0.0,0.0,14.47,29.5,8.31,70.08
2024-08-04,23.75,0.0,0.0,0.0,15.14,29.35,11.56,68.08
2024-08-05,22.68,1.97,0.0,1.97,16.92,28.1,11.65,71.54
2024-08-06,22.68,0.02,0.0,0.02,15.24,28.31,9.3,71.49
2024-08-07,21.83,0.47,0.0,0.47,14.75,27.85,10.48,71.74
2024-08-08,21.9,0.0,0.0,0.0,15.0,28.36,9.45,75.96
2024-08-09,22.57,0.0,0.0,0.0,16.62,29.33,8.34,78.0
2024-08-10,23.15,0.57,0.0,0.57,17.1,28.72,8.63,74.78
2024-08-11,23.68,0.0,0.0,0.0,16.32,28.9,10.58,69.44
2024-08-12,21.99,0.0,0.0,0.0,15.64,28.26,12.36,68.56
2024-08-13,22.71,0.0,0.0,0.0,16.36,30.71,9.13,62.05
2024-08-14,22.5,0.0,0.0,0.0,15.75,29.95,9.21,60.25
2024-08-15,21.18,0.0,0.0,0.0,14.67,28.3,8.99,71.14
2024-08-16,19.74,0.0,0.0,0.0,13.35,27.06,10.73,68.65
2024-08-17,19.44,0.0,0.0,0.0,12.66,26.59,11.65,70.25
2024-08-18,20.6,0.0,0.0,0.0,13.08,28.39,8.6,67.44
2024-08-19,22.19,0.0,0.0,0.0,15.66,29.34,8.28,68.03
2024-08-20,23.1,0.0,0.0,0.0,17.03,29.93,7.71,67.89
2024-08-21,22.63,1.19,0.0,1.19,17.55,28.64,7.65,71.85
2024-08-22,22.59,1.37,0.0,1.37,18.38,28.33,10.35,76.79
2024-08-23,21.83,0.0,0.0,0.0,17.3,28.57,11.16,80.03
2024-08-24,21.43,2.92,0.0,2.92,16.99,27.72,12.39,77.15
2024-08-25,22.01,0.45,0.0,0.45,17.1,27.13,12.74,73.73
2024-08-26,19.94,4.17,0.0,4.17,16.08,24.78,12.76,82.07
2024-08-27,21.61,0.12,0.0,0.12,15.42,27.11,10.06,76.21
2024-08-28,19.38,1.23,0.0,1.23,15.75,25.81,8.31,74.48
2024-08-29,21.1,0.94,0.0,0.94,15.42,27.27,8.75,74.03
2024-08-30,20.88,0.0,0.0,0.0,16.0,27.41,9.35,74.65
2024-08-31,20.68,0.0,0.0,0.0,16.4,27.34,9.06,75.71
2024-09-01,20.29,0.0,0.0,0.0,16.61,27.02,9.26,77.57
2024-09-02,20.28,0.21,0.0,0.21,16.51,25.26,8.85,79.12
2024-09-03,20.92,0.0,0.0,0.0,15.72,26.57,9.77,79.57
2024-09-04,21.77,0.62,0.0,0.62,15.95,27.3,10.91,82.01
2024-09-05,20.87,0.02,0.0,0.02,15.7,26.79,10.23,80.97
2024-09-06,20.73,0.13,0.0,0.13,15.72,26.8,8.73,80.89
2024-09-07,19.29,2.42,0.0,2.42,15.71,26.06,8.51,84.65
2024-09-08,18.59,12.47,0.0,12.47,15.49,23.54,8.16,88.04
2024-09-09,19.3,6.38,0.0,6.38,14.52,25.11,8.65,83.59
2024-09-10,21.64,0.11,0.0,0.11,14.83,27.22,8.1,77.07
2024-09-11,22.91,1.64,0.0,1.64,15.03,28.85,8.32,70.3
2024-09-12,20.36,2.48,0.0,2.48,16.49,25.45,9.47,78.48
2024-09-13,20.34,0.0,0.0,0.0,14.8,26.49,8.31,74.89
2024-09-14,22.67,0.0,0.0,0.0,15.27,27.9,8.1,71.97
2024-09-15,22.5,2.82,0.0,2.82,15.08,28.21,9.68,74.94
2024-09-16,18.36,10.44,0.0,10.44,15.21,22.64,11.87,81.79
2024-09-17,18.45,0.0,0.0,0.0,12.26,24.05,10.6,77.89
2024-09-18,18.14,0.72,0.0,0.72,12.55,22.93,9.03,81.85
2024-09-19,15.98,8.35,0.0,8.35,13.44,20.86,8.52,89.85
2024-09-20,16.71,6.01,0.0,6.01,11.68,21.6,10.46,84.85
2024-09-21,15.24,4.73,0.0,4.73,11.62,19.74,9.44,84.47
2024-09-22,14.77,1.94,0.0,1.94,11.55,19.39,12.29,83.88
2024-09-23,15.29,10.07,0.0,10.07,12.61,19.67,15.33,86.57
2024-09-24,17.38,0.04,0.0,0.04,11.24,23.49,10.39,79.68
2024-09-25,17.6,0.0,0.0,0.0,10.42,22.73,7.77,81.2
2024-09-26,17.92,0.0,0.0,0.0,10.99,23.67,7.43,80.25
2024-09-27,18.8,0.0,0.0,0.0,10.84,24.43,7.16,77.98
2024-09-28,19.23,0.0,0.0,0.0,12.0,25.18,5.97,72.73
2024-09-29,19.87,0.0,0.0,0.0,11.26,25.51,8.19,74.0
2024-09-30,15.31,15.27,0.0,15.27,12.02,19.85,14.31,83.07
2024-10-01,12.26,21.9,0.0,21.9,10.27,15.69,17.05,80.83
2024-10-02,14.01,16.15,0.0,16.15,11.12,17.94,15.49,84.93
2024-10-03,14.47,0.21,0.0,0.21,9.53,20.43,7.96,85.15
2024-10-04,17.74,0.0,0.0,0.0,10.35,23.21,7.97,76.42
2024-10-05,18.46,0.0,0.0,0.0,13.14,24.57,7.85,71.79
2024-10-06,19.09,0.06,0.0,0.06,13.93,24.62,8.03,70.48
2024-10-07,16.66,2.61,0.0,2.61,13.19,22.1,12.28,81.48
2024-10-08,15.14,0.0,0.0,0.0,11.33,20.39,7.0,85.02
2024-10-09,15.93,0.0,0.0,0.0,10.94,22.62,8.03,83.8
2024-10-10,16.73,0.0,0.0,0.0,12.3,22.38,9.45,76.26
2024-10-11,16.93,0.0,0.0,0.0,11.78,23.32,8.36,75.89
2024-10-12,17.47,4.6,0.0,4.6,13.59,23.5,7.83,82.42
2024-10-13,14.6,10.69,0.0,10.69,11.46,17.63,11.61,89.36
2024-10-14,13.37,0.02,0.0,0.02,9.61,18.34,8.68,86.41
2024-10-15,13.43,0.0,0.0,0.0,8.41,19.06,8.74,82.03
2024-10-16,12.06,12.55,0.0,12.55,8.15,17.4,11.61,86.57
2024-10-17,8.34,8.83,0.0,8.83,5.93,11.73,12.24,88.77
2024-10-18,5.95,16.24,0.0,16.24,4.15,9.36,14.15,87.98
2024-10-19,6.36,10.33,0.0,10.33,4.01,10.54,15.88,86.52
2024-10-20,6.97,17.33,0.0,17.33,5.08,10.26,13.52,88.23
2024-10-21,8.14,7.44,0.0,7.44,5.18,11.43,14.4,87.44
2024-10-22,9.31,1.46,0.0,1.46,5.52,13.17,9.65,83.94
2024-10-23,9.58,0.0,0.0,0.0,3.51,15.77,9.01,83.94
2024-10-24,9.55,0.0,0.0,0.0,3.53,14.99,10.0,86.69
2024-10-25,10.58,0.37,0.0,0.37,6.5,15.25,10.11,85.06
2024-10-26,9.3,0.0,0.0,0.0,4.19,14.72,10.26,83.02
2024-10-27,9.71,0.0,0.0,0.0,3.19,15.49,7.86,83.83
2024-10-28,10.54,0.0,0.0,0.0,2.49,16.82,8.8,82.84
2024-10-29,10.85,0.0,0.0,0.0,3.61,15.85,10.12,83.47
2024-10-30,10.92,1.58,0.0,1.58,7.7,14.73,7.95,87.67
2024-10-31,10.29,0.79,0.0,0.79,7.79,14.95,9.86,88.34
2024-11-01,10.39,4.88,0.0,4.88,5.02,15.82,9.26,83.82
2024-11-02,9.88,0.0,0.0,0.0,4.76,15.25,8.87,82.36
2024-11-03,7.42,6.25,0.0,6.25,3.92,10.04,11.36,82.48
2024-11-04,5.68,0.26,0.0,0.26,0.48,11.34,13.0,75.36
2024-11-05,5.58,4.18,0.0,4.18,3.25,8.77,12.08,80.4
2024-11-06,4.69,0.15,0.0,0.15,-0.14,10.35,9.92,79.5
2024-11-07,5.25,0.0,0.0,0.0,0.01,12.37,9.02,79.1
2024-11-08,5.8,0.0,0.0,0.0,0.89,13.7,8.15,82.5
2024-11-09,5.73,0.0,0.0,0.0,1.4,12.25,8.4,87.77
2024-11-10,6.48,0.0,0.0,0.0,1.51,14.46,7.51,88.47
2024-11-11,9.58,0.22,0.0,0.22,5.81,14.51,4.74,89.89
2024-11-12,9.96,0.04,0.0,0.04,7.6,13.86,2.8,90.92
2024-11-13,9.19,0.06,0.0,0.06,6.08,14.48,5.35,90.67
2024-11-14,9.29,0.85,0.0,0.85,6.18,13.14,4.73,91.53
2024-11-15,8.37,7.36,0.0,7.36,6.57,10.58,5.12,91.78
2024-11-16,7.99,10.04,0.0,10.04,5.55,10.41,5.43,90.43
2024-11-17,6.95,0.04,0.0,0.04,3.24,11.45,7.09,91.37
2024-11-18,8.71,2.12,0.0,2.12,6.11,12.5,7.96,90.85
2024-11-19,8.88,0.73,0.0,0.73,6.44,11.26,7.64,88.43
2024-11-20,9.73,0.0,0.0,0.0,5.48,15.49,10.64,81.06
2024-11-21,12.75,3.96,0.0,3.96,5.37,18.73,26.57,63.97
2024-11-22,10.29,0.93,0.0,0.93,6.0,18.11,6.87,86.7
2024-11-23,10.65,15.66,0.0,15.66,1.47,19.75,18.03,78.98
2024-11-24,2.66,23.73,0.0,23.73,-0.37,5.28,9.76,87.48
2024-11-25,1.44,6.32,6.32,0.0,-0.52,3.57,8.67,92.15
2024-11-26,2.96,5.11,0.0,5.11,0.21,6.1,11.05,91.37
2024-11-27,3.63,0.0,0.0,0.0,-0.79,8.59,11.2,84.23
2024-11-28,4.8,3.16,0.0,3.16,3.51,6.43,8.2,94.16
2024-11-29,5.77,0.0,0.0,0.0,3.81,8.51,8.04,88.5
2024-11-30,5.56,0.0,0.0,0.0,3.65,8.26,8.12,85.99
2024-12-01,4.43,0.0,0.0,0.0,1.07,9.35,8.4,86.04
2024-12-02,4.15,0.0,0.0,0.0,1.44,7.25,8.13,91.58
2024-12-03,3.28,0.0,0.0,0.0,0.95,6.76,8.72,90.04
2024-12-04,3.93,1.19,0.0,1.19,2.06,6.45,6.83,94.22
2024-12-05,5.36,0.86,0.0,0.86,3.95,7.11,5.84,91.25
2024-12-06,5.32,0.0,0.0,0.0,2.34,8.29,7.6,89.42
2024-12-07,7.05,0.08,0.0,0.08,5.14,8.99,8.18,81.2
2024-12-08,9.26,0.98,0.0,0.98,6.94,12.68,10.65,69.99
2024-12-09,10.24,0.17,0.0,0.17,7.9,14.85,10.05,71.38
2024-12-10,10.15,0.0,0.0,0.0,6.77,14.15,8.73,75.41
2024-12-11,7.52,0.0,0.0,0.0,4.89,10.69,8.47,88.14
2024-12-12,5.21,4.84,0.0,4.84,3.15,6.78,14.08,90.48
2024-12-13,3.07,2.85,0.0,2.85,1.3,4.81,19.76,89.14
2024-12-14,2.29,0.48,0.0,0.48,-0.64,6.17,9.49,76.8
2024-12-15,3.46,0.44,0.0,0.44,-0.82,7.84,11.41,76.32
2024-12-16,3.45,8.72,0.0,8.72,1.55,6.96,12.06,92.43
2024-12-17,6.77,0.0,0.0,0.0,2.17,11.15,12.83,79.08
2024-12-18,8.39,0.6,0.0,0.6,4.49,10.89,15.23,85.84
2024-12-19,5.3,0.0,0.0,0.0,2.04,10.59,9.82,89.27
2024-12-20,5.65,0.0,0.0,0.0,2.52,9.97,10.53,82.63
2024-12-21,7.45,3.49,0.0,3.49,3.49,12.23,9.21,78.62
2024-12-22,6.73,4.53,0.0,4.53,3.49,10.49,14.98,93.0
2024-12-23,5.6,0.0,0.0,0.0,2.47,9.32,8.43,85.72
2024-12-24,9.09,1.4,0.0,1.4,6.67,11.55,8.3,69.4
2024-12-25,10.56,0.45,0.0,0.45,7.64,14.45,7.13,67.01
2024-12-26,8.51,0.61,0.0,0.61,5.18,12.96,6.54,87.89
2024-12-27,3.43,10.06,0.0,10.06,1.72,5.95,7.94,94.86
2024-12-28,3.57,1.86,0.0,1.86,1.66,5.97,7.42,94.27
2024-12-29,4.5,0.1,0.0,0.1,3.34,6.08,5.37,88.76
2024-12-30,3.93,0.52,0.0,0.52,2.58,5.15,6.06,84.02
2024-12-31,2.99,0.0,0.0,0.0,-0.45,8.04,9.21,85.46
2025-01-01,3.42,0.0,0.0,0.0,0.0,9.32,9.72,84.66
2025-01-02,4.53,0.0,0.0,0.0,1.03,10.39,10.57,75.03
2025-01-03,5.37,0.0,0.0,0.0,0.97,12.24,12.53,69.42
2025-01-04,6.23,8.12,0.0,8.12,1.42,10.47,12.25,82.6
2025-01-05,3.42,2.47,0.0,2.47,1.79,5.49,5.19,90.7
2025-01-06,2.49,0.0,0.0,0.0,-1.29,7.69,9.32,84.65
2025-01-07,5.43,0.0,0.0,0.0,1.52,12.37,10.36,73.98
2025-01-08,8.35,0.0,0.0,0.0,4.05,14.55,11.85,69.88
2025-01-09,8.34,0.0,0.0,0.0,4.63,13.91,10.42,76.14
2025-01-10,7.18,0.0,0.0,0.0,4.13,12.98,10.37,75.59
2025-01-11,6.21,0.93,0.0,0.93,3.7,9.46,9.19,82.01
2025-01-12,5.54,3.29,0.0,3.29,3.82,7.66,3.13,95.57
2025-01-13,3.91,11.69,0.0,11.69,2.01,7.27,7.86,96.57
2025-01-14,2.5,4.44,0.0,4.44,1.55,3.86,4.93,92.9
2025-01-15,3.61,3.63,0.0,3.63,1.7,5.9,5.83,92.81
2025-01-16,3.74,3.06,0.0,3.06,2.19,6.1,6.46,94.22
2025-01-17,3.75,0.0,0.0,0.0,0.74,8.2,13.71,88.91
2025-01-18,5.8,0.0,0.0,0.0,1.64,9.74,16.0,80.7
2025-01-19,6.97,0.99,0.0,0.99,4.23,10.28,18.79,81.5
2025-01-20,4.81,0.17,0.0,0.17,1.14,9.14,9.72,79.83
2025-01-21,3.46,0.0,0.0,0.0,-0.84,9.3,8.34,82.63
2025-01-22,6.16,0.04,0.0,0.04,3.37,9.5,5.87,79.38
2025-01-23,5.88,3.98,0.0,3.98,3.54,8.57,4.86,92.04
2025-01-24,6.57,0.21,0.0,0.21,3.68,10.61,9.03,82.94
2025-01-25,6.95,3.97,0.0,3.97,4.77,9.83,8.54,86.89
2025-01-26,7.57,0.0,0.0,0.0,4.39,11.08,4.49,92.15
2025-01-27,4.61,0.0,0.0,0.0,0.75,9.93,6.26,92.23
2025-01-28,3.58,0.0,0.0,0.0,1.53,6.56,5.06,89.46
2025-01-29,5.0,0.0,0.0,0.0,1.14,11.13,9.26,71.21
2025-01-30,5.51,0.0,0.0,0.0,1.73,12.22,11.89,69.51
2025-01-31,5.32,0.0,0.0,0.0,1.47,11.83,7.99,75.81
2025-02-01,4.95,0.06,0.0,0.06,0.52,10.93,8.54,82.78
2025-02-02,5.2,0.67,0.0,0.67,3.04,9.13,7.65,90.1
2025-02-03,4.63,1.44,0.0,1.44,0.74,9.89,10.98,88.24
2025-02-04,1.78,6.28,6.28,0.0,-0.71,4.69,11.2,88.57
2025-02-05,-0.97,3.78,3.78,0.0,-2.57,1.13,10.67,92.4
2025-02-06,-1.69,10.68,10.68,0.0,-3.29,1.01,11.09,89.34
2025-02-07,-0.93,7.76,7.76,0.0,-2.44,1.1,9.09,92.34
2025-02-08,-0.08,4.77,4.77,0.0,-1.27,1.66,10.28,93.9
2025-02-09,-0.09,2.89,2.89,0.0,-1.39,1.46,10.1,93.55
2025-02-10,-0.29,5.04,5.04,0.0,-2.21,2.45,7.81,92.17
2025-02-11,-0.68,1.55,1.55,0.0,-2.63,2.0,8.19,88.94
2025-02-12,0.3,3.2,3.2,0.0,-1.55,2.56,9.35,93.51
2025-02-13,0.76,2.36,2.36,0.0,-1.84,3.61,10.49,91.43
2025-02-14,0.56,0.0,0.0,0.0,-4.51,5.96,9.82,78.07
2025-02-15,5.3,1.47,0.0,1.47,1.48,11.19,10.35,79.15
2025-02-16,3.52,5.84,0.0,5.84,1.45,6.08,5.53,95.61
2025-02-17,1.95,14.15,14.15,0.0,-0.32,4.24,7.49,95.79
2025-02-18,0.15,5.29,5.29,0.0,-0.78,1.48,5.37,91.26
2025-02-19,-0.34,1.09,1.09,0.0,-1.63,1.26,7.52,80.57
2025-02-20,-3.45,6.56,6.56,0.0,-6.7,-0.86,11.31,86.94
2025-02-21,-5.28,8.5,8.5,0.0,-8.84,-1.05,13.2,87.8
2025-02-22,-5.31,17.51,17.51,0.0,-7.72,-2.92,10.51,90.72
2025-02-23,-5.52,10.87,10.87,0.0,-7.71,-2.33,10.73,92.63
2025-02-24,-4.15,2.5,2.5,0.0,-7.84,0.22,13.33,82.09
2025-02-25,-2.76,0.19,0.19,0.0,-8.48,3.19,14.83,70.07
2025-02-26,0.63,2.76,2.76,0.0,-2.16,5.03,11.19,80.71
2025-02-27,1.17,0.0,0.0,0.0,-3.96,7.57,8.49,79.28
2025-02-28,3.11,1.89,0.0,1.89,0.31,7.26,6.66,86.27
2025-03-01,3.0,0.0,0.0,0.0,-0.12,7.04,5.93,83.65
2025-03-02,2.9,0.57,0.0,0.57,-1.66,8.03,7.55,84.53
2025-03-03,2.31,7.5,0.0,7.5,0.02,4.68,10.68,91.93
2025-03-04,2.02,0.21,0.0,0.21,-1.09,6.38,8.09,80.42
2025-03-05,2.27,0.0,0.0,0.0,-3.35,10.33,10.01,77.25
2025-03-06,4.17,0.0,0.0,0.0,-1.44,11.4,10.23,72.06
2025-03-07,5.03,0.0,0.0,0.0,-1.2,12.36,8.97,63.75
2025-03-08,5.32,0.0,0.0,0.0,0.16,11.9,7.55,77.91
2025-03-09,5.92,0.0,0.0,0.0,1.03,12.91,7.56,80.79
2025-03-10,7.65,0.0,0.0,0.0,1.24,15.22,9.2,71.77
2025-03-11,10.43,0.0,0.0,0.0,3.92,19.75,11.05,57.08
2025-03-12,12.26,0.0,0.0,0.0,5.05,21.54,11.37,48.51
2025-03-13,15.06,0.0,0.0,0.0,9.34,21.37,10.8,42.27
2025-03-14,16.11,0.0,0.0,0.0,11.6,21.83,8.47,38.48
2025-03-15,16.05,0.0,0.0,0.0,9.87,23.69,9.33,46.26
2025-03-16,17.42,0.0,0.0,0.0,11.25,24.58,10.9,43.4
2025-03-17,13.3,0.0,0.0,0.0,7.77,19.61,12.07,60.93
2025-03-18,6.37,0.0,0.0,0.0,2.64,9.0,11.03,86.61
2025-03-19,1.52,0.0,0.0,0.0,-0.16,3.46,9.86,80.23
2025-03-20,0.4,0.0,0.0,0.0,-2.49,3.2,8.49,86.33
2025-03-21,1.35,0.0,0.0,0.0,-0.69,4.06,10.17,81.85
2025-03-22,3.62,0.0,0.0,0.0,0.04,8.02,9.03,79.8
2025-03-23,4.82,0.0,0.0,0.0,-1.96,13.1,7.6,71.17
2025-03-24,10.09,0.0,0.0,0.0,5.15,14.68,7.29,62.75
2025-03-25,14.87,0.0,0.0,0.0,10.46,20.8,8.93,56.08
2025-03-26,12.68,0.0,0.0,0.0,8.38,17.88,7.17,61.48
2025-03-27,12.16,0.0,0.0,0.0,6.9,18.39,7.67,65.82
2025-03-28,13.13,0.06,0.0,0.06,7.89,18.97,6.12,72.59
2025-03-29,12.02,0.0,0.0,0.0,7.2,17.78,10.49,79.02
2025-03-30,9.83,1.6,0.0,1.6,5.95,15.28,6.99,86.02
2025-03-31,8.33,4.04,0.0,4.04,6.14,13.07,5.19,93.14
2025-04-01,9.8,0.14,0.0,0.14,5.27,14.84,12.4,84.45
2025-04-02,8.87,2.84,0.0,2.84,6.41,13.24,7.92,92.23
2025-04-03,7.23,8.67,0.0,8.67,5.1,10.04,15.81,94.81
2025-04-04,7.37,0.72,0.0,0.72,3.28,11.31,5.78,90.8
2025-04-05,7.74,2.3,0.0,2.3,6.34,10.91,4.63,93.88
2025-04-06,8.68,3.21,0.0,3.21,4.17,14.37,8.57,82.67
2025-04-07,6.98,4.87,0.0,4.87,1.96,11.77,8.44,89.67
2025-04-08,3.1,4.52,0.0,4.52,0.84,5.83,8.73,85.71
2025-04-09,2.24,4.07,0.0,4.07,0.07,5.17,8.13,87.87
2025-04-10,3.5,0.02,0.0,0.02,-2.0,9.08,11.02,69.97
2025-04-11,0.61,6.5,6.5,0.0,-3.09,4.67,18.65,76.69
2025-04-12,1.39,6.21,6.21,0.0,-2.02,4.68,18.98,77.93
2025-04-13,2.55,9.75,0.0,9.75,0.69,6.26,13.2,88.67
2025-04-14,4.18,6.46,0.0,6.46,0.32,9.2,10.29,84.13
2025-04-15,6.13,0.0,0.0,0.0,0.36,11.52,11.98,77.49
2025-04-16,9.82,0.0,0.0,0.0,5.35,14.89,7.63,74.88
2025-04-17,9.6,0.0,0.0,0.0,3.75,15.97,6.15,80.32
2025-04-18,9.54,0.0,0.0,0.0,3.67,15.84,5.27,79.78
2025-04-19,9.02,3.04,0.0,3.04,4.71,13.59,5.99,87.76
2025-04-20,9.27,1.93,0.0,1.93,7.06,12.19,8.57,90.97
2025-04-21,9.34,0.0,0.0,0.0,4.24,15.56,5.22,85.26
2025-04-22,8.95,0.0,0.0,0.0,4.58,15.06,4.38,90.39
2025-04-23,9.11,0.37,0.0,0.37,6.21,14.03,4.05,92.03
2025-04-24,9.25,2.55,0.0,2.55,5.32,14.25,4.96,90.83
2025-04-25,8.3,15.82,0.0,15.82,6.58,9.56,8.27,95.24
2025-04-26,10.66,1.56,0.0,1.56,6.16,15.89,6.65,84.18
2025-04-27,8.97,4.21,0.0,4.21,5.45,12.39,7.71,92.62
2025-04-28,7.24,0.0,0.0,0.0,2.85,11.6,12.82,72.3
2025-04-29,6.22,0.0,0.0,0.0,-0.46,12.84,9.86,78.13
2025-04-30,7.71,0.0,0.0,0.0,0.87,14.06,8.66,77.66
2025-05-01,8.7,1.11,0.0,1.11,5.05,12.77,6.05,93.0
2025-05-02,9.39,3.97,0.0,3.97,6.57,12.92,7.27,91.9
2025-05-03,9.73,0.0,0.0,0.0,5.04,14.78,7.31,78.81
2025-05-04,9.83,0.0,0.0,0.0,3.16,16.67,8.51,73.85
2025-05-05,11.17,0.0,0.0,0.0,3.02,18.2,9.41,56.25
2025-05-06,14.39,0.23,0.0,0.23,7.62,20.64,9.36,60.04
2025-05-07,17.41,1.63,0.0,1.63,11.69,24.03,11.17,63.16
2025-05-08,15.55,2.41,0.0,2.41,10.67,21.34,9.25,74.17
2025-05-09,14.77,1.12,0.0,1.12,9.84,20.38,13.81,78.15
2025-05-10,11.71,4.34,0.0,4.34,8.71,16.7,7.24,90.64
2025-05-11,10.69,6.31,0.0,6.31,9.01,13.99,5.51,92.31
2025-05-12,10.5,0.33,0.0,0.33,7.27,14.72,5.41,89.2
2025-05-13,8.77,0.16,0.0,0.16,4.59,14.08,12.55,79.97
2025-05-14,7.36,0.82,0.0,0.82,1.59,12.85,10.37,81.26
2025-05-15,9.08,0.0,0.0,0.0,3.71,14.99,9.76,77.56
2025-05-16,13.12,0.2,0.0,0.2,5.96,19.04,8.78,69.55
2025-05-17,16.68,1.22,0.0,1.22,9.84,25.59,15.29,66.39
2025-05-18,12.84,6.94,0.0,6.94,8.41,18.47,6.19,89.24
2025-05-19,12.42,0.0,0.0,0.0,5.24,19.63,10.01,66.05
2025-05-20,12.27,0.12,0.0,0.12,6.92,17.25,18.12,68.76
2025-05-21,13.13,0.0,0.0,0.0,4.68,20.54,9.15,61.4
2025-05-22,15.73,0.04,0.0,0.04,8.98,22.35,8.78,66.74
2025-05-23,17.48,0.62,0.0,0.62,12.51,24.78,7.61,71.79
2025-05-24,18.6,0.0,0.0,0.0,12.45,24.44,8.47,62.64
2025-05-25,20.67,0.06,0.0,0.06,13.11,29.18,9.4,62.57
2025-05-26,16.74,4.67,0.0,4.67,13.05,22.61,9.98,82.74
2025-05-27,13.36,0.4,0.0,0.4,10.63,15.33,11.25,86.58
2025-05-28,15.05,0.0,0.0,0.0,9.13,20.89,10.21,70.34
2025-05-29,14.07,1.27,0.0,1.27,9.68,19.14,8.91,80.28
2025-05-30,14.32,2.42,0.0,2.42,9.92,19.11,8.05,82.18
2025-05-31,14.59,2.47,0.0,2.47,10.66,18.91,7.9,88.06
2025-06-01,14.58,3.39,0.0,3.39,11.17,19.7,7.65,88.15
2025-06-02,15.42,0.78,0.0,0.78,10.77,19.94,11.09,82.34
2025-06-03,16.07,0.06,0.0,0.06,10.03,21.9,10.29,76.55
2025-06-04,17.12,0.0,0.0,0.0,10.05,23.5,9.08,66.17
2025-06-05,18.31,0.0,0.0,0.0,11.15,24.9,9.03,60.61
2025-06-06,17.71,0.0,0.0,0.0,11.14,23.6,8.38,75.04
2025-06-07,17.8,0.0,0.0,0.0,11.6,23.6,7.56,74.93
2025-06-08,16.81,0.0,0.0,0.0,9.74,23.93,8.1,69.58
2025-06-09,17.27,0.0,0.0,0.0,9.82,24.47,9.45,72.15
2025-06-10,19.12,0.0,0.0,0.0,13.06,24.01,11.6,76.84
2025-06-11,19.58,0.0,0.0,0.0,13.85,24.98,8.38,81.86
2025-06-12,19.84,0.0,0.0,0.0,14.14,25.01,7.99,82.02
2025-06-13,18.74,0.0,0.0,0.0,14.21,23.18,9.35,77.47
2025-06-14,16.44,0.0,0.0,0.0,10.44,21.35,12.62,69.59
2025-06-15,15.06,0.66,0.0,0.66,9.79,19.51,12.96,79.22
2025-06-16,15.58,0.53,0.0,0.53,9.99,20.05,13.01,76.88
2025-06-17,17.21,0.0,0.0,0.0,10.62,23.19,12.92,66.41
2025-06-18,18.16,0.0,0.0,0.0,11.16,24.18,10.7,70.07
2025-06-19,18.85,0.0,0.0,0.0,12.14,24.74,9.23,69.98
2025-06-20,19.24,0.11,0.0,0.11,11.35,26.17,10.23,64.05
2025-06-21,18.31,0.91,0.0,0.91,12.87,22.99,9.9,66.05
2025-06-22,15.97,0.0,0.0,0.0,9.39,22.03,10.95,67.56
2025-06-23,17.31,0.0,0.0,0.0,9.33,23.23,12.25,64.61
2025-06-24,19.09,0.0,0.0,0.0,10.96,26.06,10.01,51.24
2025-06-25,20.36,0.0,0.0,0.0,12.16,27.88,9.86,46.88
2025-06-26,21.61,0.0,0.0,0.0,13.59,28.62,9.9,49.26
2025-06-27,21.52,0.0,0.0,0.0,14.91,27.22,10.12,55.27
2025-06-28,19.03,0.0,0.0,0.0,10.96,25.7,9.83,57.15
2025-06-29,16.92,7.06,0.0,7.06,13.95,20.84,12.54,77.55
2025-06-30,17.55,0.45,0.0,0.45,12.7,22.34,12.56,80.71
2025-07-01,19.24,1.27,0.0,1.27,13.37,24.39,11.01,70.83
2025-07-02,17.27,0.22,0.0,0.22,11.41,22.49,11.41,69.38
2025-07-03,16.06,1.79,0.0,1.79,11.48,21.96,12.52,79.19
2025-07-04,17.06,0.77,0.0,0.77,11.93,21.58,13.22,79.33
2025-07-05,18.85,0.0,0.0,0.0,11.7,24.86,11.2,69.78
2025-07-06,20.41,0.0,0.0,0.0,12.61,27.26,10.44,59.6
2025-07-07,21.21,0.0,0.0,0.0,14.06,27.63,8.84,62.88
2025-07-08,21.2,0.0,0.0,0.0,14.22,27.77,9.1,72.0
2025-07-09,22.21,0.0,0.0,0.0,14.24,30.01,8.63,65.74
2025-07-10,21.59,0.37,0.0,0.37,15.56,27.73,12.41,69.04
2025-07-11,21.19,0.0,0.0,0.0,15.27,27.3,9.27,77.8
2025-07-12,21.22,0.43,0.0,0.43,16.01,27.22,11.15,79.22
2025-07-13,21.86,0.0,0.0,0.0,16.31,27.47,11.36,73.09
2025-07-14,22.3,0.0,0.0,0.0,15.9,28.86,10.52,68.27
2025-07-15,22.14,0.0,0.0,0.0,15.67,27.3,10.2,66.08
2025-07-16,22.01,0.0,0.0,0.0,15.91,27.9,10.17,55.92
2025-07-17,22.12,0.0,0.0,0.0,14.36,28.84,9.81,59.3
2025-07-18,22.48,0.25,0.0,0.25,17.38,28.39,11.71,75.04
2025-07-19,21.48,1.81,0.0,1.81,17.4,27.31,8.26,81.48
2025-07-20,21.13,0.12,0.0,0.12,15.63,27.19,9.89,73.14
2025-07-21,20.94,0.0,0.0,0.0,14.46,27.14,9.46,66.79
2025-07-22,21.54,0.0,0.0,0.0,14.46,29.4,8.95,67.09
2025-07-23,23.3,0.0,0.0,0.0,15.73,30.2,8.6,62.46
2025-07-24,23.39,0.0,0.0,0.0,16.45,30.86,9.23,60.33
2025-07-25,22.38,0.0,0.0,0.0,16.18,28.12,10.32,61.41
2025-07-26,22.13,0.0,0.0,0.0,15.35,28.37,11.87,55.11
2025-07-27,22.92,0.0,0.0,0.0,15.1,30.0,10.95,56.59
2025-07-28,24.1,0.0,0.0,0.0,17.63,31.22,8.15,63.37
2025-07-29,24.14,0.0,0.0,0.0,18.55,30.93,9.13,65.01
2025-07-30,23.71,0.02,0.0,0.02,17.41,29.98,9.93,72.19
2025-07-31,22.97,0.66,0.0,0.66,19.13,27.97,8.66,82.63
2025-08-01,21.21,7.28,0.0,7.28,18.84,26.2,9.7,82.71
2025-08-02,21.16,1.35,0.0,1.35,18.44,24.44,9.43,82.6
2025-08-03,21.0,0.38,0.0,0.38,17.05,25.69,9.21,83.89
2025-08-04,22.16,0.0,0.0,0.0,15.58,28.09,9.41,73.65
2025-08-05,22.84,0.0,0.0,0.0,16.57,29.06,9.13,72.68
2025-08-06,23.07,0.0,0.0,0.0,16.1,29.86,9.24,69.66
2025-08-07,22.53,0.0,0.0,0.0,16.84,28.36,13.17,75.25
2025-08-08,22.76,0.95,0.0,0.95,18.32,27.41,10.82,79.57
2025-08-09,22.21,0.0,0.0,0.0,16.44,27.53,9.56,76.57
2025-08-10,21.69,0.0,0.0,0.0,14.87,28.03,10.13,71.27
2025-08-11,20.93,0.0,0.0,0.0,13.49,27.96,10.31,60.01
2025-08-12,20.85,0.0,0.0,0.0,14.27,27.1,10.22,67.87
2025-08-13,21.23,0.0,0.0,0.0,15.7,26.8,8.63,73.11
2025-08-14,20.57,0.0,0.0,0.0,14.46,27.28,9.41,69.39
2025-08-15,19.92,0.0,0.0,0.0,13.57,26.97,10.85,67.22
2025-08-16,18.97,0.0,0.0,0.0,12.89,24.83,10.95,69.44
2025-08-17,19.27,0.0,0.0,0.0,11.99,26.55,8.51,67.88
2025-08-18,20.19,0.04,0.0,0.04,15.0,27.08,10.29,69.98
2025-08-19,19.95,0.0,0.0,0.0,14.99,25.18,9.74,77.29
2025-08-20,19.43,0.56,0.0,0.56,14.9,24.35,11.69,78.14
2025-08-21,19.85,0.0,0.0,0.0,14.22,25.47,10.52,77.95
2025-08-22,20.68,0.0,0.0,0.0,13.84,28.43,9.28,69.3
2025-08-23,22.31,0.0,0.0,0.0,16.73,28.38,13.77,64.87
2025-08-24,19.64,0.63,0.0,0.63,15.39,22.86,8.95,79.93
2025-08-25,17.3,0.93,0.0,0.93,13.43,21.68,13.3,72.29
2025-08-26,17.28,0.0,0.0,0.0,13.28,22.27,10.07,72.45
2025-08-27,17.63,0.0,0.0,0.0,11.5,24.41,10.8,66.61
2025-08-28,18.07,0.0,0.0,0.0,11.97,24.29,10.6,65.11
2025-08-29,19.16,0.0,0.0,0.0,13.09,25.05,10.23,72.93
2025-08-30,20.89,0.0,0.0,0.0,14.87,26.97,10.17,73.37
2025-08-31,22.01,0.0,0.0,0.0,15.72,29.27,10.01,62.71
2025-09-01,21.42,0.0,0.0,0.0,17.03,26.45,14.52,61.55
2025-09-02,19.81,0.0,0.0,0.0,14.29,24.75,12.43,66.78
2025-09-03,18.45,1.2,0.0,1.2,15.12,22.22,12.59,77.47
2025-09-04,19.16,0.0,0.0,0.0,13.32,25.18,12.56,74.63
2025-09-05,20.25,0.0,0.0,0.0,14.83,25.6,10.44,77.53
2025-09-06,19.76,5.65,0.0,5.65,16.1,25.67,8.01,80.45
2025-09-07,17.09,5.43,0.0,5.43,14.59,20.21,10.24,85.71
2025-09-08,16.27,0.62,0.0,0.62,12.33,21.07,10.31,77.55
2025-09-09,17.47,0.04,0.0,0.04,13.39,22.51,12.47,76.85
2025-09-10,17.03,0.19,0.0,0.19,12.48,22.48,16.38,77.21
2025-09-11,16.98,1.94,0.0,1.94,13.67,22.08,11.88,84.87
2025-09-12,17.53,0.06,0.0,0.06,12.56,23.58,10.15,79.87
2025-09-13,17.75,0.0,0.0,0.0,13.9,23.78,10.41,75.8
2025-09-14,16.18,0.0,0.0,0.0,11.05,22.8,9.55,71.07
2025-09-15,16.38,0.0,0.0,0.0,9.9,23.52,10.06,69.69
2025-09-16,15.76,0.06,0.0,0.06,10.52,21.78,14.08,72.11
2025-09-17,16.57,0.0,0.0,0.0,10.03,23.93,11.27,65.76
2025-09-18,13.76,14.75,0.0,14.75,11.36,16.63,18.72,80.2
2025-09-19,13.47,11.37,0.0,11.37,10.75,15.33,23.19,78.23
2025-09-20,14.57,0.52,0.0,0.52,10.2,19.66,13.59,70.75
2025-09-21,14.58,0.11,0.0,0.11,9.79,20.99,11.69,75.15
2025-09-22,14.55,0.0,0.0,0.0,7.63,22.26,10.5,68.05
2025-09-23,15.83,0.0,0.0,0.0,9.66,22.7,9.24,67.4
2025-09-24,16.63,0.0,0.0,0.0,10.28,23.37,9.44,72.17
2025-09-25,15.76,0.21,0.0,0.21,10.64,21.71,11.34,78.37
2025-09-26,13.1,6.86,0.0,6.86,9.47,15.63,10.1,80.35
2025-09-27,11.32,0.0,0.0,0.0,6.91,17.4,11.96,67.78
2025-09-28,11.84,0.0,0.0,0.0,6.03,18.23,9.87,71.44
2025-09-29,12.2,14.78,0.0,14.78,10.58,14.8,7.42,91.96
2025-09-30,12.14,9.42,0.0,9.42,9.86,15.71,11.31,89.54
2025-10-01,12.13,1.01,0.0,1.01,8.68,17.1,10.39,81.14
2025-10-02,13.46,0.0,0.0,0.0,9.13,19.01,12.44,75.33
2025-10-03,14.58,0.0,0.0,0.0,8.73,21.67,10.4,69.12
2025-10-04,15.97,3.43,0.0,3.43,11.39,20.99,12.17,72.68
2025-10-05,14.58,1.12,0.0,1.12,11.21,19.19,11.13,75.74
2025-10-06,14.34,0.0,0.0,0.0,10.37,20.57,9.66,73.23
2025-10-07,15.05,1.47,0.0,1.47,9.93,20.98,9.97,70.55
2025-10-08,13.96,10.22,0.0,10.22,10.68,18.94,12.33,81.23
2025-10-09,11.75,7.93,0.0,7.93,8.99,16.46,15.8,77.78
2025-10-10,10.64,4.8,0.0,4.8,9.07,13.55,16.32,83.26
2025-10-11,10.13,16.62,0.0,16.62,6.49,14.75,16.61,81.69
2025-10-12,8.33,4.85,0.0,4.85,6.02,12.43,18.56,83.76
2025-10-13,10.52,1.49,0.0,1.49,7.23,15.26,14.0,80.13
2025-10-14,10.89,0.13,0.0,0.13,7.1,16.31,8.77,81.91
2025-10-15,10.23,2.87,0.0,2.87,6.72,14.55,9.07,87.92
2025-10-16,10.63,3.71,0.0,3.71,7.77,15.18,9.12,87.63
2025-10-17,11.02,0.0,0.0,0.0,6.54,16.65,9.06,85.39
2025-10-18,12.72,0.64,0.0,0.64,8.35,18.7,8.72,81.04
2025-10-19,11.51,12.14,0.0,12.14,8.39,15.17,12.44,90.66
2025-10-20,9.0,2.18,0.0,2.18,5.28,13.79,12.03,77.99
2025-10-21,8.42,0.0,0.0,0.0,3.74,14.89,10.97,75.28
2025-10-22,10.32,0.36,0.0,0.36,6.07,16.52,9.13,81.49
2025-10-23,12.31,2.96,0.0,2.96,9.29,16.52,9.88,89.03
2025-10-24,14.28,0.56,0.0,0.56,10.77,18.98,11.03,79.29
2025-10-25,13.11,5.86,0.0,5.86,9.62,17.65,9.45,84.78
2025-10-26,12.22,2.16,0.0,2.16,8.65,15.82,9.13,80.58
2025-10-27,16.1,1.12,0.0,1.12,9.38,22.59,16.18,62.81
2025-10-28,12.89,18.34,0.0,18.34,9.78,16.19,10.35,84.29
2025-10-29,9.44,6.93,0.0,6.93,5.54,13.31,14.91,80.4
2025-10-30,8.97,0.0,0.0,0.0,3.81,16.06,11.14,69.14
2025-10-31,10.82,0.0,0.0,0.0,6.09,16.92,11.68,62.03
2025-11-01,9.95,0.0,0.0,0.0,4.85,16.85,10.09,73.48
2025-11-02,9.81,0.0,0.0,0.0,5.36,15.94,9.05,73.33
2025-11-03,10.99,0.0,0.0,0.0,6.77,16.44,8.15,65.83
2025-11-04,11.76,0.0,0.0,0.0,8.34,17.4,8.24,70.21
2025-11-05,11.09,0.25,0.0,0.25,7.25,14.95,7.58,81.2
2025-11-06,10.84,0.0,0.0,0.0,7.7,15.54,7.44,87.22
2025-11-07,12.12,0.56,0.0,0.56,8.94,16.86,7.5,85.56
2025-11-08,12.48,0.0,0.0,0.0,9.07,17.51,7.3,82.79
2025-11-09,12.17,0.0,0.0,0.0,8.03,17.7,8.57,76.06
2025-11-10,12.47,0.0,0.0,0.0,8.49,17.47,8.6,75.42
2025-11-11,12.36,2.31,0.0,2.31,8.58,18.03,9.19,70.12
2025-11-12,9.79,5.73,0.0,5.73,7.46,12.27,12.35,90.18
2025-11-13,8.28,2.65,0.0,2.65,4.91,11.27,8.82,91.1
2025-11-14,5.78,7.0,0.0,7.0,3.21,9.52,10.74,88.36
2025-11-15,5.79,0.79,0.0,0.79,2.53,9.68,11.18,88.34
2025-11-16,6.33,0.0,0.0,0.0,2.65,12.68,10.67,77.45
2025-11-17,9.59,0.0,0.0,0.0,4.05,17.01,11.04,59.85
2025-11-18,12.09,0.0,0.0,0.0,7.45,18.23,13.57,51.68
2025-11-19,11.11,0.0,0.0,0.0,7.86,16.1,10.52,63.23
2025-11-20,10.75,0.0,0.0,0.0,7.05,16.6,10.87,63.65
2025-11-21,12.47,0.0,0.0,0.0,8.28,17.38,12.09,56.26
2025-11-22,13.61,0.0,0.0,0.0,9.4,20.82,12.93,50.4
2025-11-23,14.68,0.71,0.0,0.71,10.2,19.57,11.47,54.4
2025-11-24,10.3,7.4,0.0,7.4,6.91,13.36,11.45,84.86
2025-11-25,8.03,0.0,0.0,0.0,5.61,12.02,8.92,90.18
2025-11-26,8.72,0.0,0.0,0.0,5.5,13.92,9.49,79.74
2025-11-27,10.06,0.0,0.0,0.0,6.46,16.28,10.88,69.48
2025-11-28,10.03,0.0,0.0,0.0,7.31,14.36,8.5,71.13
2025-11-29,10.24,0.24,0.0,0.24,6.93,15.97,9.57,69.71
2025-11-30,8.64,2.03,0.0,2.03,5.56,12.39,10.86,80.15
2025-12-01,6.54,7.22,0.0,7.22,4.28,9.64,12.85,87.49
2025-12-02,6.09,0.0,0.0,0.0,3.2,10.12,8.07,82.55
2025-12-03,5.96,0.0,0.0,0.0,2.78,10.98,10.15,72.57
2025-12-04,6.31,0.0,0.0,0.0,3.12,10.87,8.8,71.26
2025-12-05,6.74,0.0,0.0,0.0,3.07,11.66,10.18,67.65
2025-12-06,10.56,0.0,0.0,0.0,7.72,15.35,9.91,65.43
2025-12-07,8.88,1.92,0.0,1.92,6.03,13.41,8.44,83.14
2025-12-08,7.59,7.9,0.0,7.9,5.32,10.24,11.26,89.57
2025-12-09,6.9,3.99,0.0,3.99,5.06,9.5,11.18,89.49
2025-12-10,5.96,4.66,0.0,4.66,3.9,8.8,11.57,90.18
2025-12-11,5.63,6.86,0.0,6.86,3.53,9.05,9.63,91.03
2025-12-12,5.56,4.53,0.0,4.53,2.93,8.79,12.81,84.66
2025-12-13,5.6,11.62,0.0,11.62,3.88,8.04,16.16,88.57
2025-12-14,4.69,2.51,0.0,2.51,3.31,7.41,9.14,88.54
2025-12-15,3.45,9.6,0.0,9.6,2.45,5.18,15.87,89.36
2025-12-16,3.74,8.98,0.0,8.98,1.93,6.92,15.28,88.69
2025-12-17,2.6,0.0,0.0,0.0,0.07,6.72,11.51,84.22
2025-12-18,2.94,0.0,0.0,0.0,-0.29,9.31,9.85,75.54
2025-12-19,3.74,0.0,0.0,0.0,0.13,9.09,10.2,68.35
2025-12-20,3.84,0.0,0.0,0.0,0.47,9.73,9.66,68.95
2025-12-21,4.28,0.19,0.0,0.19,1.3,8.37,9.54,77.07
2025-12-22,4.78,3.45,0.0,3.45,2.84,7.16,6.85,84.54
2025-12-23,4.68,5.06,0.0,5.06,2.76,6.68,6.65,93.4
2025-12-24,5.15,1.94,0.0,1.94,1.9,8.14,6.49,88.28
2025-12-25,3.69,0.0,0.0,0.0,2.2,5.97,7.21,88.6
2025-12-26,2.61,4.78,0.0,4.78,1.37,4.14,9.23,88.54
2025-12-27,-0.03,18.37,18.37,0.0,-1.74,1.73,16.85,85.92
2025-12-28,0.33,15.37,15.37,0.0,-2.11,3.09,21.9,82.24
2025-12-29,-0.93,25.49,25.49,0.0,-2.52,0.47,26.81,83.9
2025-12-30,1.68,1.66,1.66,0.0,-3.12,6.95,17.63,62.68
2025-12-31,-2.06,21.66,21.66,0.0,-5.24,0.52,13.74,90.6
2026-01-01,-5.97,6.38,6.38,0.0,-8.64,-2.48,14.67,88.84
