,Perşembe Yaylası - Ordu_temp,Perşembe Yaylası - Ordu_prcp,Perşembe Yaylası - Ordu_snow,Perşembe Yaylası - Ordu_rain,Perşembe Yaylası - Ordu_tmin,Perşembe Yaylası - Ordu_tmax,Perşembe Yaylası - Ordu_wspd,Perşembe Yaylası - Ordu_rhum
2021-12-31,-0.73,0.0,0.0,0.0,-6.14,3.08,8.89,70.26
2022-01-01,0.66,1.28,1.28,0.0,-2.01,3.31,6.49,80.69
2022-01-02,-0.33,10.2,10.2,0.0,-3.28,2.46,15.31,83.29
2022-01-03,-2.36,0.52,0.52,0.0,-6.98,1.67,9.33,67.14
2022-01-04,-1.14,2.31,2.31,0.0,-4.04,2.23,7.28,66.85
2022-01-05,-0.84,0.0,0.0,0.0,-6.08,6.37,9.6,69.44
2022-01-06,2.86,0.0,0.0,0.0,-3.64,9.98,10.97,56.42
2022-01-07,2.71,0.0,0.0,0.0,-0.67,6.46,8.18,68.37
2022-01-08,1.48,0.0,0.0,0.0,-2.61,5.81,6.71,75.41
2022-01-09,3.72,0.0,0.0,0.0,-2.01,9.39,10.22,55.61
2022-01-10,4.77,1.63,0.0,1.63,2.22,7.92,10.87,52.21
2022-01-11,3.51,0.64,0.0,0.64,-0.05,6.9,5.93,62.19
2022-01-12,0.98,5.97,5.97,0.0,-3.18,3.54,9.52,85.91
2022-01-13,-5.51,9.99,9.99,0.0,-7.28,-3.64,19.92,80.23
2022-01-14,-6.34,0.12,0.12,0.0,-9.52,-3.45,7.03,65.21
2022-01-15,-5.64,1.52,1.52,0.0,-7.9,-2.33,13.3,71.23
2022-01-16,-7.01,3.81,3.81,0.0,-8.63,-5.48,11.32,79.32
2022-01-17,-4.77,3.96,3.96,0.0,-8.14,-1.06,8.54,65.08
2022-01-18,-3.64,3.44,3.44,0.0,-6.33,-0.87,15.28,58.76
2022-01-19,-7.58,2.99,2.99,0.0,-9.29,-5.71,9.55,72.9
2022-01-20,-6.83,1.29,1.29,0.0,-9.47,-4.01,11.92,63.41
2022-01-21,-3.89,0.0,0.0,0.0,-9.99,1.61,14.34,48.74
2022-01-22,-1.74,0.0,0.0,0.0,-4.43,0.55,11.47,66.53
2022-01-23,-5.0,8.12,8.12,0.0,-7.22,-2.65,12.72,82.45
2022-01-24,-6.97,4.26,4.26,0.0,-8.99,-5.37,9.79,85.48
2022-01-25,-8.78,4.31,4.31,0.0,-14.13,-6.46,6.89,73.91
2022-01-26,-8.37,6.41,6.41,0.0,-9.75,-6.97,8.72,88.31
2022-01-27,-6.94,6.85,6.85,0.0,-8.79,-3.34,6.88,75.48
2022-01-28,-7.74,0.53,0.53,0.0,-10.58,-3.16,8.24,66.56
2022-01-29,-7.31,0.0,0.0,0.0,-10.73,-3.73,9.58,59.81
2022-01-30,-7.05,0.18,0.18,0.0,-11.2,-2.91,6.35,62.93
2022-01-31,-3.32,3.04,3.04,0.0,-6.02,-0.56,6.16,81.04
2022-02-01,-3.74,7.11,7.11,0.0,-6.28,-0.63,4.48,86.99
2022-02-02,2.81,0.0,0.0,0.0,-3.41,7.25,10.28,58.41
2022-02-03,4.22,0.04,0.0,0.04,0.66,7.74,11.97,49.52
2022-02-04,-2.56,5.13,5.13,0.0,-5.77,1.52,21.13,76.95
2022-02-05,-4.32,2.72,2.72,0.0,-6.98,-0.6,8.6,62.26
2022-02-06,-3.26,0.0,0.0,0.0,-8.12,0.36,8.29,61.06
2022-02-07,-1.7,0.44,0.44,0.0,-8.26,4.13,9.32,61.09
2022-02-08,4.84,0.04,0.0,0.04,-1.55,8.53,15.57,44.51
2022-02-09,0.65,6.42,6.42,0.0,-4.09,4.48,18.2,69.59
2022-02-10,-3.65,3.06,3.06,0.0,-5.78,-0.78,13.13,75.93
2022-02-11,-3.21,0.58,0.58,0.0,-8.21,1.88,6.56,67.94
2022-02-12,-1.21,0.0,0.0,0.0,-6.3,5.72,7.08,58.71
2022-02-13,-2.11,0.93,0.93,0.0,-6.18,1.51,7.4,79.25
2022-02-14,-2.55,0.09,0.09,0.0,-4.58,-1.06,6.14,81.05
2022-02-15,-2.39,3.56,3.56,0.0,-4.41,0.69,3.59,73.5
2022-02-16,-2.26,0.0,0.0,0.0,-5.51,1.79,6.23,66.94
2022-02-17,-2.78,0.0,0.0,0.0,-9.37,3.49,9.8,58.0
2022-02-18,0.01,0.18,0.18,0.0,-5.05,5.8,11.1,53.83
2022-02-19,-0.95,1.48,1.48,0.0,-4.12,1.6,9.02,78.29
2022-02-20,0.62,0.0,0.0,0.0,-4.15,6.24,7.64,64.12
2022-02-21,2.37,0.2,0.0,0.2,-1.24,7.7,6.53,65.49
2022-02-22,2.19,0.32,0.0,0.32,-3.59,7.55,9.65,68.27
2022-02-23,5.84,0.2,0.0,0.2,0.75,11.27,10.66,59.08
2022-02-24,2.47,0.69,0.0,0.69,-1.2,6.07,9.39,72.29
2022-02-25,1.58,5.4,5.4,0.0,0.02,3.73,8.88,87.38
2022-02-26,-0.29,11.14,11.14,0.0,-1.52,1.14,11.87,87.2
2022-02-27,0.27,1.34,1.34,0.0,-2.03,3.23,5.29,83.18
2022-02-28,2.03,0.12,0.0,0.12,-1.5,7.24,6.06,76.14
2022-03-01,-0.35,5.14,5.14,0.0,-2.59,2.29,9.2,80.88
2022-03-02,-2.18,2.28,2.28,0.0,-3.76,-0.2,7.84,88.63
2022-03-03,-4.26,8.45,8.45,0.0,-6.07,-2.63,17.39,88.48
2022-03-04,-2.59,11.06,11.06,0.0,-5.95,0.88,9.88,66.77
2022-03-05,-2.32,0.0,0.0,0.0,-6.61,2.39,6.3,64.86
2022-03-06,-1.07,0.0,0.0,0.0,-4.39,2.82,6.56,71.35
2022-03-07,-0.11,1.32,1.32,0.0,-5.01,4.46,5.92,75.0
2022-03-08,-1.13,7.13,7.13,0.0,-2.35,1.07,12.9,80.58
2022-03-09,-4.19,6.34,6.34,0.0,-5.85,-2.42,13.42,80.95
2022-03-10,-5.47,5.17,5.17,0.0,-6.52,-3.7,12.49,79.53
2022-03-11,-6.98,11.05,11.05,0.0,-8.22,-5.29,16.31,80.38
2022-03-12,-7.6,5.24,5.24,0.0,-11.36,-4.09,10.87,61.94
2022-03-13,-7.36,1.58,1.58,0.0,-10.98,-3.88,12.39,69.81
2022-03-14,-6.93,5.98,5.98,0.0,-8.82,-3.59,11.76,77.18
2022-03-15,-6.59,8.05,8.05,0.0,-9.05,-2.51,9.78,77.35
2022-03-16,-3.03,2.07,2.07,0.0,-6.72,1.02,8.63,65.84
2022-03-17,-5.32,4.7,4.7,0.0,-7.62,-3.36,7.47,81.19
2022-03-18,-8.07,5.39,5.39,0.0,-9.45,-5.91,9.87,78.14
2022-03-19,-8.12,3.86,3.86,0.0,-10.46,-5.15,11.7,70.21
2022-03-20,-6.17,1.07,1.07,0.0,-9.19,-3.2,13.47,80.21
2022-03-21,-4.94,4.5,4.5,0.0,-6.35,-3.4,14.04,75.39
2022-03-22,-3.61,1.05,1.05,0.0,-5.7,-0.25,9.8,75.27
2022-03-23,-3.26,0.72,0.72,0.0,-5.68,-0.77,6.13,76.94
2022-03-24,-2.68,0.23,0.23,0.0,-5.04,0.63,7.29,73.5
2022-03-25,-1.86,0.21,0.21,0.0,-6.14,3.09,7.05,65.3
2022-03-26,-1.59,0.36,0.36,0.0,-5.28,2.93,8.28,65.01
2022-03-27,0.28,0.0,0.0,0.0,-6.68,6.46,10.02,58.47
2022-03-28,1.13,0.35,0.35,0.0,-4.21,5.86,9.57,53.62
2022-03-29,3.64,0.0,0.0,0.0,-4.77,12.16,9.55,55.1
2022-03-30,5.17,0.6,0.0,0.6,0.76,9.46,6.58,59.0
2022-03-31,7.79,0.0,0.0,0.0,-0.92,15.26,10.7,54.12
2022-04-01,11.45,0.0,0.0,0.0,3.77,17.94,12.68,37.57
2022-04-02,14.26,0.09,0.0,0.09,5.18,22.7,16.0,32.8
2022-04-03,8.32,0.0,0.0,0.0,2.96,16.69,10.88,47.04
2022-04-04,4.52,0.0,0.0,0.0,-0.08,9.62,9.67,55.76
2022-04-05,2.86,0.42,0.0,0.42,-1.51,7.21,10.1,68.01
2022-04-06,3.83,1.25,0.0,1.25,0.74,7.63,9.88,72.98
2022-04-07,5.2,0.22,0.0,0.22,-0.23,10.84,7.09,72.22
2022-04-08,5.57,0.67,0.0,0.67,2.39,10.41,7.78,76.11
2022-04-09,6.55,6.16,0.0,6.16,-0.2,13.71,7.46,66.61
2022-04-10,7.57,0.0,0.0,0.0,1.66,13.74,8.62,57.21
2022-04-11,7.02,2.12,0.0,2.12,1.63,18.7,12.21,59.64
2022-04-12,-0.21,19.18,19.18,0.0,-3.08,2.21,15.75,83.11
2022-04-13,-1.12,1.04,1.04,0.0,-5.76,2.96,8.32,67.19
2022-04-14,0.06,0.0,0.0,0.0,-4.49,3.52,9.01,67.63
2022-04-15,2.44,0.27,0.0,0.27,-0.37,6.67,5.82,72.87
2022-04-16,3.44,0.0,0.0,0.0,-3.83,10.38,6.69,69.04
2022-04-17,4.84,0.0,0.0,0.0,-1.18,9.93,6.81,66.88
2022-04-18,11.99,0.12,0.0,0.12,4.69,23.6,14.11,43.98
2022-04-19,4.67,0.49,0.0,0.49,2.45,9.91,10.12,75.84
2022-04-20,2.62,3.4,0.0,3.4,0.32,5.26,8.31,80.07
2022-04-21,3.45,0.4,0.0,0.4,-1.02,8.57,9.38,75.19
2022-04-22,3.33,0.09,0.0,0.09,-1.93,8.52,5.87,74.82
2022-04-23,5.79,0.0,0.0,0.0,-0.87,13.79,5.72,66.65
2022-04-24,8.63,0.0,0.0,0.0,2.21,16.82,9.11,62.65
2022-04-25,8.83,0.0,0.0,0.0,1.42,17.36,5.94,63.94
2022-04-26,8.92,0.0,0.0,0.0,3.66,16.07,8.46,60.84
2022-04-27,7.91,0.0,0.0,0.0,4.03,15.13,8.32,63.78
2022-04-28,7.63,0.0,0.0,0.0,2.99,13.77,8.23,71.09
2022-04-29,7.34,0.0,0.0,0.0,2.7,12.62,6.49,74.18
2022-04-30,5.87,0.29,0.0,0.29,3.32,9.81,8.77,80.57
2022-05-01,4.34,3.81,0.0,3.81,3.16,5.52,12.08,85.78
2022-05-02,5.49,4.64,0.0,4.64,2.88,9.0,9.44,76.23
2022-05-03,5.04,0.0,0.0,0.0,1.25,9.27,5.78,77.63
2022-05-04,4.27,6.13,0.0,6.13,2.72,5.89,10.25,86.38
2022-05-05,2.63,9.71,0.0,9.71,1.28,4.66,11.98,84.75
2022-05-06,3.29,10.46,0.0,10.46,1.95,5.57,12.15,86.87
2022-05-07,2.96,0.9,0.0,0.9,1.9,4.55,13.75,84.27
2022-05-08,3.66,0.0,0.0,0.0,1.69,6.68,8.77,80.27
2022-05-09,4.28,0.44,0.0,0.44,1.59,7.32,6.94,76.52
2022-05-10,5.47,0.0,0.0,0.0,0.13,11.0,6.98,68.61
2022-05-11,5.01,0.0,0.0,0.0,-1.06,11.09,7.06,74.19
2022-05-12,6.08,0.0,0.0,0.0,0.02,12.13,6.43,65.1
2022-05-13,7.3,0.0,0.0,0.0,-1.05,15.11,6.94,58.74
2022-05-14,9.73,0.0,0.0,0.0,1.13,17.87,8.02,59.75
2022-05-15,8.73,0.4,0.0,0.4,4.0,14.61,5.68,62.93
2022-05-16,8.42,0.0,0.0,0.0,2.95,13.82,7.13,67.25
2022-05-17,8.63,0.0,0.0,0.0,1.47,15.51,7.02,60.54
2022-05-18,10.75,0.0,0.0,0.0,1.87,19.72,9.55,58.59
2022-05-19,4.4,5.42,0.0,5.42,1.57,8.53,15.79,76.64
2022-05-20,4.93,3.03,0.0,3.03,1.81,9.39,6.7,72.44
2022-05-21,7.67,0.15,0.0,0.15,-0.4,15.48,7.13,61.43
2022-05-22,10.58,0.0,0.0,0.0,2.25,18.17,7.47,59.62
2022-05-23,8.32,2.83,0.0,2.83,5.48,12.3,9.76,71.81
2022-05-24,6.22,5.58,0.0,5.58,2.95,9.89,7.08,79.75
2022-05-25,8.3,3.44,0.0,3.44,1.4,13.7,7.52,72.53
2022-05-26,9.24,0.0,0.0,0.0,2.01,15.42,6.77,66.23
2022-05-27,10.43,0.0,0.0,0.0,3.5,16.75,7.06,69.11
2022-05-28,11.6,0.0,0.0,0.0,3.42,17.69,7.66,72.88
2022-05-29,13.43,0.0,0.0,0.0,6.18,19.53,6.47,72.57
2022-05-30,14.92,0.0,0.0,0.0,8.33,22.3,7.08,69.12
2022-05-31,14.2,0.0,0.0,0.0,8.95,20.07,7.3,69.88
2022-06-01,12.76,0.2,0.0,0.2,8.68,17.65,7.27,77.77
2022-06-02,12.39,0.53,0.0,0.53,8.89,16.09,8.01,79.16
2022-06-03,14.14,0.45,0.0,0.45,10.19,19.29,8.57,74.94
2022-06-04,13.45,0.09,0.0,0.09,9.2,16.96,9.87,76.37
2022-06-05,14.68,0.0,0.0,0.0,9.97,20.22,10.76,74.75
2022-06-06,13.33,0.0,0.0,0.0,10.07,17.29,8.35,81.23
2022-06-07,12.65,0.44,0.0,0.44,10.01,16.22,9.17,81.05
2022-06-08,14.41,0.15,0.0,0.15,9.04,19.5,6.56,77.45
2022-06-09,14.02,2.7,0.0,2.7,9.99,18.5,6.74,81.36
2022-06-10,14.49,1.92,0.0,1.92,9.81,20.58,7.14,79.53
2022-06-11,14.94,0.99,0.0,0.99,10.05,22.0,7.7,77.67
2022-06-12,13.53,8.03,0.0,8.03,10.23,18.39,8.94,81.67
2022-06-13,13.28,12.12,0.0,12.12,10.35,17.45,7.09,80.46
2022-06-14,13.3,5.36,0.0,5.36,11.12,16.48,7.81,82.25
2022-06-15,13.97,11.28,0.0,11.28,8.56,19.15,7.01,74.18
2022-06-16,13.97,0.25,0.0,0.25,9.18,17.75,8.63,73.62
2022-06-17,13.27,0.06,0.0,0.06,9.41,17.75,7.57,76.67
2022-06-18,13.78,0.15,0.0,0.15,8.7,17.88,8.02,74.58
2022-06-19,13.92,0.22,0.0,0.22,9.01,17.24,8.47,73.9
2022-06-20,14.15,0.0,0.0,0.0,7.66,19.92,6.46,69.55
2022-06-21,14.81,1.32,0.0,1.32,8.67,19.98,11.56,73.87
2022-06-22,14.73,2.07,0.0,2.07,10.38,20.6,11.55,67.51
2022-06-23,13.49,0.82,0.0,0.82,7.66,19.14,7.2,57.8
2022-06-24,10.99,1.41,0.0,1.41,7.27,15.08,6.74,74.47
2022-06-25,11.72,3.93,0.0,3.93,6.7,16.77,7.19,78.2
2022-06-26,10.93,6.94,0.0,6.94,7.04,15.2,6.56,80.58
2022-06-27,11.07,2.03,0.0,2.03,7.11,15.53,6.53,79.71
2022-06-28,11.9,4.63,0.0,4.63,8.75,16.02,5.63,82.29
2022-06-29,13.06,1.86,0.0,1.86,9.08,16.63,7.42,83.89
2022-06-30,14.35,3.51,0.0,3.51,10.92,17.38,6.96,81.56
2022-07-01,13.47,1.39,0.0,1.39,10.22,16.39,9.87,81.39
2022-07-02,15.01,0.47,0.0,0.47,9.03,19.3,10.49,69.76
2022-07-03,13.66,0.0,0.0,0.0,8.69,17.09,11.56,66.9
2022-07-04,13.31,0.0,0.0,0.0,6.39,18.11,8.96,70.12
2022-07-05,14.39,0.18,0.0,0.18,8.31,18.85,8.76,72.69
2022-07-06,14.08,0.0,0.0,0.0,7.88,19.65,7.99,73.75
2022-07-07,15.1,0.0,0.0,0.0,9.25,20.93,6.32,73.33
2022-07-08,15.51,0.0,0.0,0.0,9.23,21.05,7.67,70.47
2022-07-09,16.87,0.0,0.0,0.0,10.2,22.02,8.02,71.7
2022-07-10,16.27,1.12,0.0,1.12,11.82,20.23,9.15,75.93
2022-07-11,15.51,0.25,0.0,0.25,11.86,18.93,10.07,72.52
2022-07-12,13.61,8.52,0.0,8.52,9.79,16.64,8.45,75.35
2022-07-13,14.38,3.56,0.0,3.56,9.74,17.93,7.73,74.64
2022-07-14,13.66,1.68,0.0,1.68,11.2,16.66,10.87,72.32
2022-07-15,13.47,1.28,0.0,1.28,10.53,16.41,8.74,75.32
2022-07-16,14.5,1.63,0.0,1.63,10.89,17.49,11.02,74.15
2022-07-17,16.19,3.3,0.0,3.3,13.34,18.54,15.4,76.12
2022-07-18,14.02,11.87,0.0,11.87,12.25,15.68,16.3,80.57
2022-07-19,13.48,1.08,0.0,1.08,11.01,15.58,15.83,70.6
2022-07-20,13.65,0.24,0.0,0.24,9.93,16.74,14.91,71.95
2022-07-21,13.04,3.56,0.0,3.56,9.12,16.11,10.12,71.3
2022-07-22,14.06,0.38,0.0,0.38,7.27,18.8,9.12,70.4
2022-07-23,14.67,0.03,0.0,0.03,7.84,19.79,8.92,69.56
2022-07-24,13.88,1.91,0.0,1.91,8.28,18.09,8.83,74.18
2022-07-25,14.62,1.4,0.0,1.4,7.66,19.72,7.26,70.29
2022-07-26,14.98,0.0,0.0,0.0,7.99,19.59,6.42,70.39
2022-07-27,14.9,0.0,0.0,0.0,8.83,22.69,8.02,68.69
2022-07-28,15.03,0.0,0.0,0.0,8.6,20.71,8.62,71.38
2022-07-29,15.7,0.0,0.0,0.0,9.65,21.83,9.47,72.05
2022-07-30,15.31,0.0,0.0,0.0,9.44,21.19,7.05,69.22
2022-07-31,16.8,0.0,0.0,0.0,10.63,22.97,6.6,68.88
2022-08-01,17.44,0.09,0.0,0.09,11.93,22.66,8.49,71.9
2022-08-02,17.38,1.11,0.0,1.11,12.73,22.01,10.56,71.64
2022-08-03,16.69,3.08,0.0,3.08,13.66,19.87,9.81,75.71
2022-08-04,17.5,1.6,0.0,1.6,12.33,22.74,8.79,76.25
2022-08-05,17.38,0.28,0.0,0.28,13.44,22.42,8.04,77.56
2022-08-06,18.13,0.03,0.0,0.03,12.46,22.54,8.13,75.28
2022-08-07,16.92,1.33,0.0,1.33,13.0,21.62,7.22,77.3
2022-08-08,17.61,0.03,0.0,0.03,12.29,22.32,7.03,74.67
2022-08-09,17.06,0.03,0.0,0.03,12.1,22.2,7.8,75.13
2022-08-10,16.66,0.44,0.0,0.44,12.58,21.0,6.48,74.56
2022-08-11,17.63,0.15,0.0,0.15,11.81,23.7,8.02,69.19
2022-08-12,17.3,0.15,0.0,0.15,12.71,20.46,9.46,72.98
2022-08-13,17.99,0.52,0.0,0.52,14.71,21.37,8.15,76.33
2022-08-14,18.17,0.0,0.0,0.0,12.27,23.31,7.36,75.96
2022-08-15,17.35,0.51,0.0,0.51,12.73,21.7,8.9,76.39
2022-08-16,17.98,3.21,0.0,3.21,14.77,22.15,8.38,77.71
2022-08-17,18.41,3.08,0.0,3.08,13.36,23.31,6.55,78.1
2022-08-18,17.19,0.81,0.0,0.81,13.47,21.11,8.19,77.13
2022-08-19,15.96,1.6,0.0,1.6,11.49,20.47,7.3,76.65
2022-08-20,16.63,1.87,0.0,1.87,12.58,21.9,7.9,77.52
2022-08-21,18.07,0.0,0.0,0.0,11.88,23.74,6.9,74.85
2022-08-22,18.99,0.0,0.0,0.0,12.39,25.05,6.5,70.67
2022-08-23,19.07,0.0,0.0,0.0,12.16,24.74,6.82,70.36
2022-08-24,19.56,0.0,0.0,0.0,13.58,24.87,7.5,71.09
2022-08-25,19.84,0.0,0.0,0.0,14.23,24.86,8.99,72.28
2022-08-26,19.57,0.0,0.0,0.0,14.01,24.73,7.76,72.85
2022-08-27,19.22,0.5,0.0,0.5,14.96,24.95,8.28,73.94
2022-08-28,19.46,1.75,0.0,1.75,13.39,24.0,8.73,76.36
2022-08-29,17.23,0.79,0.0,0.79,12.17,22.2,6.38,76.64
2022-08-30,19.47,0.0,0.0,0.0,12.89,25.99,7.88,75.16
2022-08-31,19.73,0.12,0.0,0.12,13.4,25.36,6.44,73.66
2022-09-01,18.89,0.03,0.0,0.03,13.49,24.54,8.37,73.06
2022-09-02,18.62,0.29,0.0,0.29,14.32,23.7,8.62,75.64
2022-09-03,19.6,0.15,0.0,0.15,12.95,25.58,7.73,72.54
2022-09-04,17.55,0.8,0.0,0.8,13.51,21.73,15.74,75.78
2022-09-05,13.25,22.42,0.0,22.42,10.84,15.73,12.18,78.51
2022-09-06,11.82,11.74,0.0,11.74,7.28,14.43,10.13,69.3
2022-09-07,8.85,1.11,0.0,1.11,4.77,12.97,7.27,72.24
2022-09-08,11.44,0.92,0.0,0.92,5.15,16.69,7.38,71.64
2022-09-09,12.44,0.0,0.0,0.0,5.2,19.33,7.46,67.93
2022-09-10,13.43,0.0,0.0,0.0,4.86,20.56,7.33,65.1
2022-09-11,15.54,0.0,0.0,0.0,6.54,22.48,6.18,61.69
2022-09-12,14.62,0.68,0.0,0.68,7.88,21.78,9.97,66.7
2022-09-13,12.37,11.84,0.0,11.84,8.38,16.73,11.23,77.58
2022-09-14,12.06,3.6,0.0,3.6,7.6,16.8,9.17,70.59
2022-09-15,12.45,0.0,0.0,0.0,5.12,20.16,6.59,66.58
2022-09-16,15.9,0.0,0.0,0.0,6.87,24.87,7.78,56.44
2022-09-17,17.19,0.0,0.0,0.0,8.12,24.4,6.43,59.57
2022-09-18,18.62,0.0,0.0,0.0,9.1,28.47,9.79,56.14
2022-09-19,13.63,4.29,0.0,4.29,10.1,16.58,11.56,75.85
2022-09-20,13.09,1.94,0.0,1.94,7.53,18.69,7.85,77.27
2022-09-21,9.87,11.11,0.0,11.11,8.3,11.4,14.04,81.04
2022-09-22,9.76,11.35,0.0,11.35,6.57,13.73,7.18,80.39
2022-09-23,9.52,14.39,0.0,14.39,6.62,12.84,10.25,71.55
2022-09-24,8.02,2.96,0.0,2.96,4.26,11.39,8.43,77.72
2022-09-25,8.43,0.35,0.0,0.35,1.29,14.08,6.72,72.79
2022-09-26,9.31,0.0,0.0,0.0,1.03,18.25,5.66,66.9
2022-09-27,11.14,0.0,0.0,0.0,1.41,21.03,7.22,60.38
2022-09-28,13.13,0.12,0.0,0.12,4.23,19.36,8.56,55.3
2022-09-29,12.84,0.04,0.0,0.04,5.29,19.36,5.9,67.24
2022-09-30,13.64,0.0,0.0,0.0,5.62,20.69,5.85,71.5
2022-10-01,13.19,0.0,0.0,0.0,5.89,20.29,5.53,70.14
2022-10-02,13.92,3.39,0.0,3.39,5.06,21.47,9.61,66.53
2022-10-03,10.08,10.22,0.0,10.22,6.66,12.78,11.0,75.92
2022-10-04,9.55,12.39,0.0,12.39,5.32,13.95,6.93,81.04
2022-10-05,9.15,13.97,0.0,13.97,6.97,11.52,11.9,81.3
2022-10-06,8.58,6.12,0.0,6.12,6.54,10.21,9.32,79.52
2022-10-07,8.63,0.55,0.0,0.55,5.56,11.97,8.44,78.38
2022-10-08,9.29,6.15,0.0,6.15,6.99,12.21,6.77,84.21
2022-10-09,9.21,2.96,0.0,2.96,5.66,13.49,6.2,81.6
2022-10-10,8.97,0.54,0.0,0.54,6.11,11.66,10.65,76.77
2022-10-11,8.21,0.89,0.0,0.89,3.29,12.43,5.97,76.98
2022-10-12,7.81,0.0,0.0,0.0,1.59,12.34,7.56,79.13
2022-10-13,8.23,0.45,0.0,0.45,5.15,11.0,6.38,80.09
2022-10-14,7.42,0.82,0.0,0.82,4.19,10.99,5.08,79.41
2022-10-15,7.98,1.87,0.0,1.87,4.85,10.71,5.57,81.49
2022-10-16,9.24,1.82,0.0,1.82,5.4,12.63,6.8,83.3
2022-10-17,9.23,2.09,0.0,2.09,7.44,11.53,10.52,83.78
2022-10-18,9.3,2.92,0.0,2.92,7.41,11.67,10.75,83.35
2022-10-19,9.24,0.54,0.0,0.54,6.16,12.53,5.99,85.63
2022-10-20,7.2,12.5,0.0,12.5,5.11,9.28,13.59,85.14
2022-10-21,3.97,7.64,0.0,7.64,1.92,6.41,12.7,74.75
2022-10-22,3.97,0.33,0.0,0.33,-0.45,8.65,5.29,74.98
2022-10-23,5.13,0.0,0.0,0.0,-2.35,12.48,6.5,66.78
2022-10-24,7.0,0.61,0.0,0.61,2.89,11.6,8.15,68.01
2022-10-25,5.29,0.0,0.0,0.0,-0.23,11.39,5.59,76.9
2022-10-26,5.95,0.0,0.0,0.0,-1.5,13.39,5.84,69.2
2022-10-27,6.11,1.3,0.0,1.3,2.82,9.84,9.48,76.29
2022-10-28,4.7,0.68,0.0,0.68,-0.24,8.97,6.99,78.09
2022-10-29,4.26,1.23,0.0,1.23,-0.49,8.91,5.23,79.38
2022-10-30,3.51,0.0,0.0,0.0,-2.92,9.67,5.36,78.52
2022-10-31,3.97,0.18,0.0,0.18,-2.52,9.97,6.35,71.05
2022-11-01,4.97,2.91,0.0,2.91,1.18,8.44,9.68,75.73
2022-11-02,3.23,0.0,0.0,0.0,-2.81,9.32,5.23,75.01
2022-11-03,4.07,3.09,0.0,3.09,-2.94,11.34,6.81,68.87
2022-11-04,5.75,1.06,0.0,1.06,0.98,9.98,6.18,75.38
2022-11-05,5.2,0.0,0.0,0.0,-2.08,12.69,5.55,73.73
2022-11-06,4.96,0.0,0.0,0.0,-0.16,10.45,5.18,73.74
2022-11-07,4.74,4.57,0.0,4.57,1.23,9.04,4.91,78.15
2022-11-08,4.71,4.37,0.0,4.37,3.56,5.83,7.51,89.4
2022-11-09,3.73,2.01,0.0,2.01,1.85,4.97,7.24,80.69
2022-11-10,3.08,0.18,0.0,0.18,-0.11,5.17,3.66,81.0
2022-11-11,4.47,0.15,0.0,0.15,-0.98,7.52,3.5,82.43
2022-11-12,3.07,0.18,0.0,0.18,-1.09,7.9,4.46,84.52
2022-11-13,2.74,0.0,0.0,0.0,-1.68,6.94,3.9,84.75
2022-11-14,2.96,0.0,0.0,0.0,-1.17,7.22,4.74,82.24
2022-11-15,3.93,0.31,0.0,0.31,-1.92,8.71,5.08,73.76
2022-11-16,2.08,1.62,0.0,1.62,-1.97,5.98,5.63,78.41
2022-11-17,4.0,0.0,0.0,0.0,-3.17,10.54,8.5,66.45
2022-11-18,9.08,0.0,0.0,0.0,4.78,12.72,12.28,51.97
2022-11-19,10.36,0.03,0.0,0.03,5.48,15.5,11.93,51.86
2022-11-20,9.33,0.0,0.0,0.0,1.64,16.39,10.28,59.49
2022-11-21,9.04,0.0,0.0,0.0,4.58,14.26,10.53,55.56
2022-11-22,8.34,0.53,0.0,0.53,2.87,11.88,10.2,56.46
2022-11-23,6.16,0.03,0.0,0.03,-1.52,12.21,7.31,71.18
2022-11-24,8.14,0.15,0.0,0.15,3.0,12.04,9.36,58.78
2022-11-25,5.78,13.79,0.0,13.79,2.98,9.11,8.47,75.21
2022-11-26,2.38,27.99,0.0,27.99,0.65,3.73,11.67,88.5
2022-11-27,2.04,3.13,0.0,3.13,-1.89,5.93,7.9,79.21
2022-11-28,0.74,0.0,0.0,0.0,-3.5,4.65,5.42,81.97
2022-11-29,0.45,0.0,0.0,0.0,-3.03,4.15,4.41,84.49
2022-11-30,1.07,0.0,0.0,0.0,-1.54,3.82,3.42,89.1
2022-12-01,2.59,0.0,0.0,0.0,-0.83,6.51,5.51,85.79
2022-12-02,4.17,1.56,0.0,1.56,1.36,8.78,7.43,82.25
2022-12-03,2.53,3.25,0.0,3.25,0.84,5.81,6.65,88.94
2022-12-04,2.37,1.87,0.0,1.87,-0.64,4.78,5.55,85.09
2022-12-05,1.54,0.8,0.8,0.0,-0.77,3.82,4.47,84.4
2022-12-06,1.22,0.31,0.31,0.0,-2.13,5.12,5.33,79.66
2022-12-07,-0.22,0.0,0.0,0.0,-4.51,5.23,5.09,76.76
2022-12-08,0.29,0.0,0.0,0.0,-3.94,6.08,6.36,77.02
2022-12-09,1.17,0.0,0.0,0.0,-3.53,7.34,8.16,74.58
2022-12-10,2.51,0.0,0.0,0.0,-2.34,7.94,9.1,72.52
2022-12-11,6.34,0.2,0.0,0.2,3.15,9.65,12.88,57.29
2022-12-12,6.37,1.16,0.0,1.16,3.54,8.28,11.84,64.12
2022-12-13,6.17,0.78,0.0,0.78,2.27,10.45,12.36,65.36
2022-12-14,1.86,10.84,10.84,0.0,0.24,4.51,9.03,89.21
2022-12-15,4.29,3.07,0.0,3.07,0.56,8.85,5.74,82.61
2022-12-16,5.02,2.13,0.0,2.13,0.81,8.27,6.72,87.35
2022-12-17,3.08,0.0,0.0,0.0,-1.5,9.61,7.3,79.79
2022-12-18,3.11,0.03,0.0,0.03,-0.62,7.46,6.54,77.18
2022-12-19,0.56,11.75,11.75,0.0,-3.27,3.44,11.38,86.95
2022-12-20,-2.79,2.81,2.81,0.0,-4.64,-0.89,11.43,75.07
2022-12-21,-2.47,0.08,0.08,0.0,-6.14,1.37,5.4,77.01
2022-12-22,-3.14,0.0,0.0,0.0,-6.67,0.58,5.75,80.42
2022-12-23,-2.05,0.0,0.0,0.0,-5.95,2.52,5.17,75.66
2022-12-24,-1.99,0.0,0.0,0.0,-6.02,1.82,7.0,69.4
2022-12-25,-0.84,0.09,0.09,0.0,-4.45,3.76,7.29,64.54
2022-12-26,-0.87,3.27,3.27,0.0,-3.01,1.47,6.95,80.04
2022-12-27,-0.89,0.48,0.48,0.0,-5.16,3.34,6.84,76.47
2022-12-28,0.69,5.22,5.22,0.0,-2.64,4.0,11.05,70.78
2022-12-29,-0.94,1.48,1.48,0.0,-5.48,3.38,6.19,79.71
2022-12-30,-2.12,0.0,0.0,0.0,-7.86,5.41,8.27,68.96
2022-12-31,-1.76,0.0,0.0,0.0,-6.88,4.81,6.57,64.16
2023-01-01,-2.7,0.0,0.0,0.0,-8.28,3.74,5.35,66.95
2023-01-02,-3.26,0.0,0.0,0.0,-8.93,3.35,5.17,63.44
2023-01-03,-3.11,0.0,0.0,0.0,-8.54,4.09,4.93,64.69
2023-01-04,-3.18,0.65,0.65,0.0,-9.0,2.68,6.83,67.37
2023-01-05,-0.47,2.16,2.16,0.0,-4.22,4.29,6.32,77.56
2023-01-06,-1.6,3.01,3.01,0.0,-5.96,1.96,8.48,73.79
2023-01-07,-1.74,3.73,3.73,0.0,-3.66,0.14,7.62,85.59
2023-01-08,-2.89,3.66,3.66,0.0,-4.84,-1.2,6.36,87.81
2023-01-09,-4.72,1.03,1.03,0.0,-9.01,0.71,6.37,75.59
2023-01-10,-4.09,0.0,0.0,0.0,-9.89,2.14,7.93,64.86
2023-01-11,-2.09,0.0,0.0,0.0,-9.7,5.48,10.16,60.08
2023-01-12,-1.7,0.0,0.0,0.0,-6.41,4.37,9.56,61.83
2023-01-13,-1.3,0.0,0.0,0.0,-7.7,6.01,9.35,57.67
2023-01-14,-1.27,0.0,0.0,0.0,-6.74,3.78,9.29,66.93
2023-01-15,-2.28,0.0,0.0,0.0,-6.98,2.74,7.0,79.4
2023-01-16,-1.71,0.0,0.0,0.0,-7.44,3.71,7.8,76.09
2023-01-17,0.97,0.0,0.0,0.0,-6.89,8.21,11.59,62.65
2023-01-18,3.14,0.0,0.0,0.0,-3.74,9.79,14.3,56.27
2023-01-19,2.99,0.0,0.0,0.0,-3.83,10.56,10.23,58.01
2023-01-20,1.86,0.0,0.0,0.0,-5.84,9.45,10.26,59.37
2023-01-21,1.51,0.0,0.0,0.0,-5.56,7.95,8.64,60.38
2023-01-22,-1.07,0.0,0.0,0.0,-8.23,5.07,6.34,71.43
2023-01-23,-1.69,0.0,0.0,0.0,-6.66,2.73,6.2,73.55
2023-01-24,-2.14,0.03,0.03,0.0,-6.6,0.84,5.74,81.13
2023-01-25,-1.04,1.04,1.04,0.0,-4.25,1.4,5.31,79.75
2023-01-26,-2.0,0.83,0.83,0.0,-6.72,2.99,7.37,75.86
2023-01-27,-1.11,0.0,0.0,0.0,-9.1,5.97,11.82,59.94
2023-01-28,2.8,1.25,0.0,1.25,-1.67,6.36,14.9,57.42
2023-01-29,-0.82,6.08,6.08,0.0,-4.1,1.94,12.54,82.58
2023-01-30,-2.93,5.58,5.58,0.0,-4.93,-0.41,7.82,86.43
2023-01-31,-3.19,3.99,3.99,0.0,-5.9,-1.33,10.25,87.05
2023-02-01,-4.1,13.01,13.01,0.0,-5.17,-2.92,13.23,91.69
2023-02-02,-4.5,2.92,2.92,0.0,-8.38,-0.87,14.04,72.19
2023-02-03,-3.26,0.27,0.27,0.0,-8.01,0.76,13.99,57.68
2023-02-04,-4.5,0.89,0.89,0.0,-7.74,-1.7,7.61,72.77
2023-02-05,-4.8,0.0,0.0,0.0,-9.41,0.4,7.12,73.14
2023-02-06,-4.74,24.18,24.18,0.0,-6.51,-2.96,15.93,86.8
2023-02-07,-6.23,13.18,13.18,0.0,-8.12,-4.75,27.12,83.5
2023-02-08,-7.64,4.19,4.19,0.0,-11.35,-5.76,20.89,76.13
2023-02-09,-6.33,0.2,0.2,0.0,-9.25,-2.85,13.29,72.42
2023-02-10,-7.12,0.84,0.84,0.0,-10.76,-3.62,8.65,75.75
2023-02-11,-5.61,3.55,3.55,0.0,-8.61,-2.42,7.39,82.65
2023-02-12,-4.9,0.67,0.67,0.0,-7.79,-1.82,8.44,69.61
2023-02-13,-7.11,6.11,6.11,0.0,-12.6,-4.4,15.42,73.39
2023-02-14,-7.34,0.0,0.0,0.0,-12.97,-2.25,9.84,62.42
2023-02-15,-5.54,9.52,9.52,0.0,-8.38,-2.82,18.74,73.56
2023-02-16,-6.4,6.67,6.67,0.0,-9.9,-4.4,19.78,78.24
2023-02-17,-4.58,0.09,0.09,0.0,-10.22,1.12,11.59,61.54
2023-02-18,-0.44,0.26,0.26,0.0,-6.36,4.82,13.8,51.3
2023-02-19,2.02,2.72,0.0,2.72,-1.06,6.44,16.13,61.8
2023-02-20,0.73,9.71,9.71,0.0,-3.81,5.18,14.15,69.03
2023-02-21,-0.41,0.38,0.38,0.0,-6.02,5.25,12.83,67.93
2023-02-22,1.92,0.18,0.18,0.0,-3.81,5.94,13.07,60.0
2023-02-23,-1.97,3.7,3.7,0.0,-4.79,1.74,10.92,81.07
2023-02-24,-2.4,0.0,0.0,0.0,-7.22,3.45,10.76,72.96
2023-02-25,2.5,0.0,0.0,0.0,-5.22,10.05,14.89,46.31
2023-02-26,5.49,0.0,0.0,0.0,0.27,11.31,18.24,44.47
2023-02-27,5.82,0.0,0.0,0.0,-0.52,12.57,14.34,47.37
2023-02-28,4.56,0.0,0.0,0.0,-1.9,10.75,9.51,60.34
2023-03-01,3.31,1.9,0.0,1.9,-0.32,8.35,7.61,79.36
2023-03-02,2.16,5.04,0.0,5.04,-1.6,5.22,9.46,83.0
2023-03-03,1.28,8.42,8.42,0.0,-1.43,4.85,8.8,88.87
2023-03-04,1.75,0.13,0.13,0.0,-1.97,5.94,8.47,80.11
2023-03-05,3.36,8.06,0.0,8.06,0.4,7.12,8.43,79.54
2023-03-06,1.1,6.09,6.09,0.0,-1.9,4.56,16.44,83.1
2023-03-07,1.15,0.0,0.0,0.0,-4.83,7.21,8.24,71.46
2023-03-08,3.0,0.0,0.0,0.0,-3.48,9.77,8.13,60.84
2023-03-09,2.85,0.33,0.0,0.33,-3.57,9.91,8.53,66.21
2023-03-10,4.01,0.92,0.0,0.92,-0.03,9.69,9.94,67.2
2023-03-11,8.29,0.03,0.0,0.03,1.38,14.72,16.62,49.23
2023-03-12,7.23,6.44,0.0,6.44,2.19,12.36,16.35,55.01
2023-03-13,-1.78,22.16,22.16,0.0,-4.18,1.51,20.32,87.48
2023-03-14,-2.79,4.75,4.75,0.0,-5.35,-0.69,9.04,83.54
2023-03-15,-0.52,7.23,7.23,0.0,-3.55,3.32,5.55,90.06
2023-03-16,4.35,0.38,0.0,0.38,0.2,8.83,8.16,81.44
2023-03-17,3.15,0.37,0.0,0.37,0.07,6.14,9.4,82.17
2023-03-18,3.31,1.3,0.0,1.3,1.2,5.23,9.62,81.85
2023-03-19,0.79,7.3,7.3,0.0,-0.47,1.74,16.59,86.93
2023-03-20,-0.86,14.04,14.04,0.0,-1.84,0.61,21.83,87.19
2023-03-21,0.13,2.43,2.43,0.0,-2.63,3.24,8.01,81.46
2023-03-22,2.99,0.0,0.0,0.0,-3.53,6.32,8.16,79.23
2023-03-23,1.35,3.28,3.28,0.0,-0.41,4.12,8.4,83.78
2023-03-24,1.02,1.18,1.18,0.0,-2.17,4.62,7.45,86.34
2023-03-25,2.86,0.04,0.0,0.04,-2.9,7.07,8.2,82.56
2023-03-26,4.86,0.0,0.0,0.0,-3.03,10.6,9.27,74.48
2023-03-27,4.14,0.42,0.0,0.42,-0.61,8.9,9.15,71.44
2023-03-28,5.58,13.69,0.0,13.69,-0.84,14.33,14.72,66.95
2023-03-29,-2.14,26.89,26.89,0.0,-5.56,1.9,24.1,86.92
2023-03-30,-3.77,2.15,2.15,0.0,-7.02,-1.18,12.79,71.63
2023-03-31,-4.18,0.27,0.27,0.0,-8.94,0.43,9.4,66.43
2023-04-01,-0.24,0.0,0.0,0.0,-8.26,8.11,12.36,59.35
2023-04-02,6.0,0.77,0.0,0.77,-1.25,10.87,12.42,64.82
2023-04-03,5.41,0.11,0.0,0.11,1.51,10.75,9.86,77.03
2023-04-04,8.71,0.04,0.0,0.04,0.88,17.12,15.28,58.23
2023-04-05,6.8,0.97,0.0,0.97,1.48,11.21,13.88,65.44
2023-04-06,1.51,6.16,6.16,0.0,-1.69,3.7,9.42,88.47
2023-04-07,1.28,9.76,9.76,0.0,-0.87,4.62,9.53,88.58
2023-04-08,3.19,7.98,0.0,7.98,-0.56,6.38,9.81,77.25
2023-04-09,4.2,0.0,0.0,0.0,-3.33,8.73,8.55,73.44
2023-04-10,4.17,2.05,0.0,2.05,1.53,7.27,9.48,82.36
2023-04-11,3.41,17.2,0.0,17.2,1.27,5.39,11.17,89.91
2023-04-12,3.37,8.33,0.0,8.33,-0.15,6.46,8.57,84.02
2023-04-13,2.5,4.25,0.0,4.25,-1.22,7.3,8.37,82.07
2023-04-14,5.85,1.99,0.0,1.99,-2.28,12.03,9.47,66.08
2023-04-15,8.1,0.0,0.0,0.0,0.06,15.53,9.72,61.1
2023-04-16,7.89,0.84,0.0,0.84,1.95,12.56,7.02,74.04
2023-04-17,9.21,0.27,0.0,0.27,2.8,15.45,7.75,73.46
2023-04-18,10.73,0.16,0.0,0.16,4.3,16.6,11.47,61.48
2023-04-19,9.68,1.63,0.0,1.63,2.99,14.58,14.01,68.79
2023-04-20,4.5,11.83,0.0,11.83,2.41,6.12,10.06,88.1
2023-04-21,4.6,2.93,0.0,2.93,0.6,9.05,9.26,78.12
2023-04-22,5.42,0.38,0.0,0.38,-0.81,8.81,10.28,77.27
2023-04-23,3.96,10.7,0.0,10.7,0.05,8.04,10.0,86.29
2023-04-24,2.7,8.6,0.0,8.6,0.38,4.26,8.98,89.86
2023-04-25,4.56,0.0,0.0,0.0,-2.01,11.42,8.35,75.37
2023-04-26,8.3,0.5,0.0,0.5,1.48,13.77,9.24,69.44
2023-04-27,7.91,6.2,0.0,6.2,3.79,11.58,9.89,73.93
2023-04-28,3.9,8.35,0.0,8.35,1.36,6.68,14.14,87.6
2023-04-29,2.36,10.27,0.0,10.27,0.66,4.41,10.18,83.67
2023-04-30,3.84,2.05,0.0,2.05,-0.42,7.22,7.07,80.84
2023-05-01,4.69,0.38,0.0,0.38,-0.47,8.39,9.19,73.03
2023-05-02,4.01,0.3,0.0,0.3,-1.58,7.59,9.32,73.32
2023-05-03,3.57,0.0,0.0,0.0,-3.19,10.09,8.83,69.78
2023-05-04,7.35,0.0,0.0,0.0,-2.28,13.34,9.02,67.57
2023-05-05,8.43,0.0,0.0,0.0,1.29,13.57,7.54,73.49
2023-05-06,6.87,3.97,0.0,3.97,3.67,11.61,11.89,78.77
2023-05-07,5.62,4.07,0.0,4.07,2.0,9.18,10.82,84.67
2023-05-08,5.51,5.13,0.0,5.13,3.35,7.66,14.46,88.37
2023-05-09,6.02,0.0,0.0,0.0,1.92,10.94,7.83,81.48
2023-05-10,5.01,3.55,0.0,3.55,2.64,7.72,8.8,86.99
2023-05-11,4.22,5.64,0.0,5.64,2.57,6.44,11.48,86.76
2023-05-12,5.08,5.74,0.0,5.74,3.03,7.39,9.8,86.67
2023-05-13,4.61,4.65,0.0,4.65,2.95,6.18,11.88,86.85
2023-05-14,6.44,0.96,0.0,0.96,0.51,11.04,12.94,72.8
2023-05-15,8.05,0.0,0.0,0.0,-0.65,13.6,8.02,67.18
2023-05-16,7.83,0.0,0.0,0.0,1.32,14.88,8.24,64.73
2023-05-17,7.96,0.36,0.0,0.36,1.62,14.11,6.93,72.77
2023-05-18,9.25,2.37,0.0,2.37,3.53,16.05,10.54,77.18
2023-05-19,8.62,9.43,0.0,9.43,5.08,13.24,9.03,81.41
2023-05-20,8.2,0.32,0.0,0.32,5.59,12.56,7.96,82.6
2023-05-21,7.99,3.12,0.0,3.12,4.69,12.0,7.93,85.57
2023-05-22,8.59,4.56,0.0,4.56,4.72,13.94,8.61,83.75
2023-05-23,8.47,3.61,0.0,3.61,5.3,11.5,10.4,86.07
2023-05-24,8.72,2.11,0.0,2.11,5.21,13.36,8.24,85.45
2023-05-25,9.11,0.6,0.0,0.6,5.06,12.89,8.38,85.46
2023-05-26,10.23,3.28,0.0,3.28,5.03,15.37,8.05,83.85
2023-05-27,11.39,0.0,0.0,0.0,5.09,15.42,8.22,80.96
2023-05-28,10.73,0.41,0.0,0.41,6.56,14.12,8.89,84.67
2023-05-29,12.31,0.12,0.0,0.12,6.47,16.3,10.82,78.1
2023-05-30,12.03,0.87,0.0,0.87,7.38,16.83,10.53,79.5
2023-05-31,9.81,7.96,0.0,7.96,6.86,13.6,8.18,85.57
2023-06-01,11.59,0.8,0.0,0.8,6.6,15.42,6.6,79.72
2023-06-02,12.39,0.0,0.0,0.0,6.16,16.96,8.96,79.52
2023-06-03,14.02,0.28,0.0,0.28,8.23,19.4,10.42,78.59
2023-06-04,11.65,3.7,0.0,3.7,8.77,14.71,11.74,84.95
2023-06-05,11.04,19.17,0.0,19.17,8.6,14.33,14.83,87.27
2023-06-06,11.11,4.15,0.0,4.15,8.76,13.04,17.13,84.26
2023-06-07,12.38,0.0,0.0,0.0,5.86,16.19,7.4,77.03
2023-06-08,12.66,0.0,0.0,0.0,5.1,17.68,7.64,77.45
2023-06-09,13.3,1.93,0.0,1.93,9.76,16.56,8.02,85.29
2023-06-10,12.03,3.54,0.0,3.54,8.76,16.46,8.05,83.84
2023-06-11,12.9,5.87,0.0,5.87,7.76,17.95,8.04,82.95
2023-06-12,12.13,2.41,0.0,2.41,9.64,14.91,7.13,88.66
2023-06-13,11.78,15.29,0.0,15.29,9.44,15.52,7.3,86.69
2023-06-14,11.58,6.45,0.0,6.45,9.41,14.71,9.19,87.16
2023-06-15,12.72,6.66,0.0,6.66,9.67,15.46,10.39,81.21
2023-06-16,14.4,0.0,0.0,0.0,6.98,18.41,7.64,76.33
2023-06-17,13.85,0.2,0.0,0.2,7.04,19.87,8.65,77.25
2023-06-18,12.5,13.6,0.0,13.6,9.46,16.21,9.52,86.06
2023-06-19,12.55,0.65,0.0,0.65,8.43,16.47,7.34,86.75
2023-06-20,12.25,6.39,0.0,6.39,9.47,15.3,13.53,85.14
2023-06-21,12.3,2.71,0.0,2.71,9.38,15.8,16.58,81.06
2023-06-22,12.88,6.05,0.0,6.05,8.2,16.28,16.1,78.61
2023-06-23,12.91,1.33,0.0,1.33,8.51,17.1,16.72,73.4
2023-06-24,13.06,1.87,0.0,1.87,6.39,19.8,7.78,72.15
2023-06-25,14.55,0.0,0.0,0.0,7.45,19.94,7.63,77.73
2023-06-26,13.76,0.0,0.0,0.0,7.8,19.95,7.17,76.44
2023-06-27,14.33,0.34,0.0,0.34,9.84,18.35,11.41,75.22
2023-06-28,14.69,0.37,0.0,0.37,10.76,19.86,7.99,76.67
2023-06-29,14.38,1.96,0.0,1.96,10.24,19.8,10.48,75.9
2023-06-30,12.27,6.67,0.0,6.67,8.48,15.88,12.47,77.14
2023-07-01,12.33,0.0,0.0,0.0,5.59,18.57,7.96,67.87
2023-07-02,14.6,0.0,0.0,0.0,5.97,20.84,8.68,67.75
2023-07-03,15.89,0.0,0.0,0.0,8.57,23.08,7.94,65.53
2023-07-04,17.32,0.0,0.0,0.0,10.7,21.08,8.96,71.37
2023-07-05,15.37,0.0,0.0,0.0,9.01,21.22,8.18,69.88
2023-07-06,15.89,0.0,0.0,0.0,9.38,22.05,7.66,70.98
2023-07-07,17.09,0.08,0.0,0.08,11.97,19.94,8.84,77.49
2023-07-08,15.81,7.84,0.0,7.84,11.13,21.28,10.49,77.17
2023-07-09,13.67,14.48,0.0,14.48,11.24,17.85,11.05,82.65
2023-07-10,12.16,15.37,0.0,15.37,9.52,14.49,18.28,84.96
2023-07-11,12.45,1.33,0.0,1.33,7.25,18.19,10.7,70.15
2023-07-12,15.54,0.0,0.0,0.0,6.91,20.97,8.91,64.94
2023-07-13,16.46,0.0,0.0,0.0,9.46,20.45,8.41,70.7
2023-07-14,16.3,0.0,0.0,0.0,8.06,21.81,7.76,68.69
2023-07-15,16.4,0.83,0.0,0.83,9.29,20.16,11.12,70.05
2023-07-16,15.41,4.58,0.0,4.58,11.38,18.77,12.49,77.66
2023-07-17,14.98,0.92,0.0,0.92,8.96,18.98,11.01,69.5
2023-07-18,12.79,0.0,0.0,0.0,6.31,18.62,9.83,69.64
2023-07-19,14.89,0.0,0.0,0.0,7.5,19.48,8.71,71.87
2023-07-20,16.34,0.0,0.0,0.0,8.26,21.54,7.77,70.49
2023-07-21,15.22,0.0,0.0,0.0,8.73,21.44,8.01,69.87
2023-07-22,16.95,0.0,0.0,0.0,9.8,21.55,8.15,70.85
2023-07-23,17.41,0.0,0.0,0.0,10.05,23.7,8.16,65.38
2023-07-24,15.11,6.82,0.0,6.82,11.41,19.22,13.99,75.16
2023-07-25,14.48,0.63,0.0,0.63,10.7,19.16,11.82,72.12
2023-07-26,16.54,0.0,0.0,0.0,7.92,22.12,9.19,70.55
2023-07-27,19.83,0.0,0.0,0.0,10.02,28.13,9.18,64.3
2023-07-28,15.56,2.05,0.0,2.05,12.25,19.12,16.93,67.56
2023-07-29,13.52,0.32,0.0,0.32,8.13,18.63,10.35,69.86
2023-07-30,14.06,0.82,0.0,0.82,10.2,17.73,9.74,73.18
2023-07-31,13.92,0.06,0.0,0.06,8.85,19.82,7.84,71.57
2023-08-01,17.04,0.0,0.0,0.0,8.52,22.36,8.32,69.67
2023-08-02,18.48,0.09,0.0,0.09,11.88,23.56,9.09,71.74
2023-08-03,17.32,0.0,0.0,0.0,12.41,23.03,8.19,72.37
2023-08-04,17.83,0.0,0.0,0.0,10.83,22.75,7.59,72.18
2023-08-05,18.41,0.0,0.0,0.0,10.9,24.01,8.77,74.47
2023-08-06,20.06,0.0,0.0,0.0,12.47,26.95,9.27,68.68
2023-08-07,19.73,0.0,0.0,0.0,14.23,26.7,11.41,66.37
2023-08-08,19.33,0.48,0.0,0.48,13.66,23.51,10.68,75.25
2023-08-09,16.85,0.67,0.0,0.67,14.42,20.46,17.97,75.39
2023-08-10,18.27,3.06,0.0,3.06,13.97,22.19,10.94,78.7
2023-08-11,17.22,2.26,0.0,2.26,13.57,21.03,13.26,79.32
2023-08-12,17.2,9.18,0.0,9.18,14.61,19.56,14.62,80.18
2023-08-13,17.96,0.82,0.0,0.82,13.66,22.03,8.35,76.82
2023-08-14,19.37,0.0,0.0,0.0,12.24,25.1,8.24,74.56
2023-08-15,19.34,0.0,0.0,0.0,11.75,25.81,7.41,68.09
2023-08-16,18.66,0.0,0.0,0.0,11.22,23.73,7.36,71.59
2023-08-17,18.6,0.0,0.0,0.0,11.48,24.01,7.35,72.85
2023-08-18,18.94,0.0,0.0,0.0,11.92,23.27,9.56,72.27
2023-08-19,17.76,0.09,0.0,0.09,12.64,23.3,9.55,75.49
2023-08-20,16.73,0.15,0.0,0.15,10.94,22.24,8.33,73.46
2023-08-21,17.9,0.0,0.0,0.0,11.06,22.77,8.1,73.67
2023-08-22,18.29,0.26,0.0,0.26,10.74,23.15,8.46,68.25
2023-08-23,17.7,0.0,0.0,0.0,9.58,22.8,8.56,67.57
2023-08-24,16.11,0.32,0.0,0.32,10.63,21.93,8.65,70.99
2023-08-25,16.46,0.0,0.0,0.0,9.89,20.97,10.78,67.81
2023-08-26,14.86,0.0,0.0,0.0,8.26,21.66,9.31,68.24
2023-08-27,15.62,0.09,0.0,0.09,8.94,20.94,9.83,72.43
2023-08-28,16.35,0.27,0.0,0.27,11.92,19.78,11.49,75.4
2023-08-29,17.28,0.69,0.0,0.69,11.93,21.76,17.6,69.98
2023-08-30,17.21,0.0,0.0,0.0,10.02,24.63,9.47,63.84
2023-08-31,19.51,0.0,0.0,0.0,10.83,25.61,7.82,63.03
2023-09-01,18.6,0.15,0.0,0.15,13.56,22.95,13.48,65.2
2023-09-02,17.45,2.97,0.0,2.97,13.55,21.37,15.31,76.15
2023-09-03,15.95,14.84,0.0,14.84,12.96,19.25,18.73,78.99
2023-09-04,15.33,2.98,0.0,2.98,12.28,18.92,15.18,75.84
2023-09-05,16.11,0.09,0.0,0.09,11.11,21.01,10.17,76.98
2023-09-06,16.77,3.1,0.0,3.1,12.91,20.12,9.81,79.54
2023-09-07,16.0,1.47,0.0,1.47,11.75,19.44,15.28,75.35
2023-09-08,14.75,0.39,0.0,0.39,10.38,18.3,15.53,68.73
2023-09-09,13.21,0.0,0.0,0.0,8.17,17.6,13.08,63.07
2023-09-10,10.55,0.53,0.0,0.53,5.18,14.85,9.98,70.43
2023-09-11,10.24,0.06,0.0,0.06,3.64,14.96,11.62,66.75
2023-09-12,9.4,0.49,0.0,0.49,4.06,14.94,11.76,70.61
2023-09-13,9.66,0.0,0.0,0.0,3.82,15.37,9.47,69.94
2023-09-14,10.22,0.0,0.0,0.0,2.33,15.85,7.88,70.57
2023-09-15,11.25,0.0,0.0,0.0,3.86,16.49,7.44,71.92
2023-09-16,11.71,0.25,0.0,0.25,5.12,16.88,8.89,74.64
2023-09-17,11.66,1.56,0.0,1.56,8.01,16.26,13.74,76.61
2023-09-18,10.68,0.0,0.0,0.0,5.2,15.71,13.87,68.11
2023-09-19,10.54,0.0,0.0,0.0,3.76,15.68,8.68,72.92
2023-09-20,11.68,0.03,0.0,0.03,6.2,16.84,9.38,76.73
2023-09-21,12.46,0.0,0.0,0.0,6.36,17.83,7.6,74.02
2023-09-22,12.87,0.0,0.0,0.0,5.24,19.52,7.01,73.42
2023-09-23,13.45,0.0,0.0,0.0,6.49,19.28,6.36,71.86
2023-09-24,13.3,0.0,0.0,0.0,5.84,19.53,6.31,70.72
2023-09-25,13.35,0.0,0.0,0.0,6.81,18.17,7.44,73.59
2023-09-26,12.67,0.0,0.0,0.0,8.56,17.34,8.7,74.26
2023-09-27,12.43,0.0,0.0,0.0,5.83,17.95,6.78,74.44
2023-09-28,13.19,0.0,0.0,0.0,6.27,20.74,7.01,71.96
2023-09-29,14.39,0.08,0.0,0.08,8.71,19.33,7.85,72.1
2023-09-30,13.62,0.78,0.0,0.78,8.45,17.55,7.8,76.46
2023-10-01,11.46,9.73,0.0,9.73,9.04,14.17,6.5,84.42
2023-10-02,10.28,30.18,0.0,30.18,7.91,12.0,17.89,86.94
2023-10-03,8.58,6.16,0.0,6.16,6.03,10.89,15.11,82.77
2023-10-04,8.36,0.23,0.0,0.23,3.5,12.91,9.34,71.81
2023-10-05,8.14,0.0,0.0,0.0,1.21,14.44,7.82,72.42
2023-10-06,8.11,0.0,0.0,0.0,1.0,14.2,6.8,74.16
2023-10-07,8.58,0.0,0.0,0.0,1.97,14.42,7.09,75.36
2023-10-08,9.7,0.0,0.0,0.0,1.58,17.26,7.88,68.81
2023-10-09,6.2,8.54,0.0,8.54,2.0,10.15,13.36,76.79
2023-10-10,6.09,0.09,0.0,0.09,1.87,11.01,7.19,75.36
2023-10-11,5.35,3.63,0.0,3.63,0.49,9.61,9.62,79.68
2023-10-12,5.43,2.31,0.0,2.31,-0.61,11.04,7.64,74.96
2023-10-13,6.01,0.0,0.0,0.0,-2.04,13.37,7.31,71.42
2023-10-14,6.75,0.0,0.0,0.0,-1.77,14.07,7.91,68.56
2023-10-15,7.87,0.52,0.0,0.52,0.01,13.45,7.07,72.98
2023-10-16,9.94,2.97,0.0,2.97,5.94,14.89,9.67,76.33
2023-10-17,6.53,7.02,0.0,7.02,3.46,9.42,13.65,74.0
2023-10-18,4.42,8.08,0.0,8.08,1.73,6.06,7.27,86.52
2023-10-19,5.9,12.4,0.0,12.4,2.01,9.43,8.96,84.8
2023-10-20,6.91,0.0,0.0,0.0,-0.54,14.95,8.76,73.29
2023-10-21,9.88,0.0,0.0,0.0,1.82,18.26,8.77,65.5
2023-10-22,9.83,0.0,0.0,0.0,3.85,15.71,5.9,69.43
2023-10-23,10.28,0.0,0.0,0.0,4.1,16.56,6.19,71.84
2023-10-24,10.45,1.16,0.0,1.16,3.76,17.1,7.48,72.76
2023-10-25,10.76,0.0,0.0,0.0,3.47,16.16,8.08,72.05
2023-10-26,11.58,0.0,0.0,0.0,4.62,17.86,9.54,60.71
2023-10-27,12.19,0.0,0.0,0.0,5.61,20.14,12.66,58.41
2023-10-28,12.92,0.0,0.0,0.0,5.4,19.0,12.11,52.53
2023-10-29,10.26,0.0,0.0,0.0,2.71,16.85,6.88,69.33
2023-10-30,10.17,0.0,0.0,0.0,4.13,15.28,6.54,75.34
2023-10-31,9.35,0.0,0.0,0.0,4.8,15.32,6.53,73.5
2023-11-01,10.5,0.0,0.0,0.0,4.54,17.46,9.45,70.35
2023-11-02,10.39,1.58,0.0,1.58,5.5,15.25,8.97,77.01
2023-11-03,10.72,0.6,0.0,0.6,6.49,14.52,11.83,68.84
2023-11-04,10.04,0.0,0.0,0.0,2.35,18.29,10.25,68.72
2023-11-05,10.15,0.0,0.0,0.0,3.63,18.27,11.31,63.51
2023-11-06,10.72,0.3,0.0,0.3,5.62,15.88,10.88,65.73
2023-11-07,9.3,0.15,0.0,0.15,3.51,15.81,6.83,68.18
2023-11-08,6.96,0.0,0.0,0.0,-0.25,15.13,7.31,66.3
2023-11-09,6.68,9.12,0.0,9.12,1.09,12.25,14.91,72.72
2023-11-10,6.14,3.68,0.0,3.68,2.28,10.06,11.22,76.76
2023-11-11,8.17,0.0,0.0,0.0,1.23,15.95,10.18,67.32
2023-11-12,12.83,1.11,0.0,1.11,5.52,18.87,17.3,52.97
2023-11-13,9.3,0.58,0.0,0.58,4.81,12.73,10.75,72.25
2023-11-14,6.54,12.87,0.0,12.87,1.87,12.08,15.06,79.57
2023-11-15,6.17,8.41,0.0,8.41,0.46,11.44,9.05,77.1
2023-11-16,5.55,3.47,0.0,3.47,1.17,10.36,15.81,78.03
2023-11-17,4.07,12.16,0.0,12.16,0.31,8.76,10.73,74.68
2023-11-18,5.33,0.06,0.0,0.06,-1.72,12.3,14.44,64.65
2023-11-19,4.68,9.38,0.0,9.38,1.61,8.37,18.48,62.23
2023-11-20,2.42,1.57,0.0,1.57,-0.38,5.17,17.71,61.88
2023-11-21,2.04,2.19,0.0,2.19,-2.07,5.76,14.6,67.84
2023-11-22,4.12,0.09,0.0,0.09,-3.72,10.69,14.74,58.08
2023-11-23,4.38,1.43,0.0,1.43,0.97,7.83,12.63,69.78
2023-11-24,6.13,0.12,0.0,0.12,0.14,12.39,9.91,73.28
2023-11-25,9.94,0.91,0.0,0.91,5.48,11.9,18.75,55.02
2023-11-26,9.34,12.74,0.0,12.74,1.27,15.62,31.41,53.57
2023-11-27,-0.5,11.54,11.54,0.0,-5.48,2.52,13.27,66.71
2023-11-28,-1.87,0.0,0.0,0.0,-6.61,3.05,13.09,52.39
2023-11-29,4.45,2.51,0.0,2.51,-2.7,8.42,17.6,45.53
2023-11-30,4.81,4.33,0.0,4.33,0.85,8.56,13.79,71.19
2023-12-01,5.09,0.0,0.0,0.0,-1.32,12.03,11.99,69.08
2023-12-02,6.75,0.0,0.0,0.0,0.79,13.24,11.85,62.32
2023-12-03,6.88,0.0,0.0,0.0,0.67,12.35,11.58,59.81
2023-12-04,4.59,0.31,0.0,0.31,-0.72,10.5,11.76,69.62
2023-12-05,2.72,2.81,0.0,2.81,-0.73,5.59,11.15,85.24
2023-12-06,1.37,0.93,0.93,0.0,-1.96,3.95,6.78,90.21
2023-12-07,3.17,0.0,0.0,0.0,-0.79,7.92,8.58,81.03
2023-12-08,4.48,1.11,0.0,1.11,0.19,10.21,9.92,75.23
2023-12-09,4.85,3.8,0.0,3.8,2.27,6.88,9.34,81.87
2023-12-10,3.78,0.8,0.0,0.8,-0.28,6.48,11.13,74.5
2023-12-11,1.07,2.17,2.17,0.0,-2.92,4.24,7.51,83.26
2023-12-12,3.14,2.9,0.0,2.9,0.54,4.78,7.96,88.55
2023-12-13,1.68,5.55,5.55,0.0,-2.77,4.09,8.09,86.4
2023-12-14,1.03,0.38,0.38,0.0,-4.17,6.12,9.63,71.85
2023-12-15,4.56,0.0,0.0,0.0,-1.08,9.66,10.62,63.67
2023-12-16,2.42,2.18,0.0,2.18,-1.26,5.67,10.55,83.76
2023-12-17,-2.07,14.12,14.12,0.0,-4.77,1.29,16.51,85.86
2023-12-18,-2.74,1.36,1.36,0.0,-7.03,0.76,6.07,73.05
2023-12-19,-0.37,0.09,0.09,0.0,-2.61,2.07,6.26,70.85
2023-12-20,-0.33,0.15,0.15,0.0,-4.43,5.42,8.86,74.59
2023-12-21,2.55,0.4,0.0,0.4,-2.16,6.9,13.03,59.98
2023-12-22,3.82,1.28,0.0,1.28,-0.55,6.02,13.09,61.82
2023-12-23,3.4,5.11,0.0,5.11,0.43,6.66,19.44,60.73
2023-12-24,-1.59,16.58,16.58,0.0,-4.88,1.61,18.61,77.15
2023-12-25,2.58,0.36,0.0,0.36,-3.1,7.85,13.86,62.83
2023-12-26,5.48,0.0,0.0,0.0,-0.76,11.26,13.28,57.46
2023-12-27,2.74,0.0,0.0,0.0,-2.94,8.75,10.49,70.39
2023-12-28,1.56,0.23,0.23,0.0,-3.25,5.07,10.54,76.57
2023-12-29,-0.78,0.0,0.0,0.0,-6.88,6.61,7.39,71.54
2023-12-30,-1.63,0.0,0.0,0.0,-7.18,5.38,7.66,68.94
2023-12-31,-0.21,0.0,0.0,0.0,-5.37,5.33,7.21,72.97
2024-01-01,-0.24,0.0,0.0,0.0,-5.38,5.26,8.0,74.31
2024-01-02,1.41,1.89,1.89,0.0,-1.73,4.19,10.96,72.14
2024-01-03,2.49,4.71,0.0,4.71,-0.92,4.81,10.71,81.46
2024-01-04,4.29,1.63,0.0,1.63,1.41,6.52,11.13,72.87
2024-01-05,2.45,8.24,0.0,8.24,-1.61,6.01,13.45,81.35
2024-01-06,-0.67,0.0,0.0,0.0,-5.64,5.55,11.47,71.99
2024-01-07,2.66,0.0,0.0,0.0,-3.91,8.05,15.79,52.75
2024-01-08,6.68,7.14,0.0,7.14,1.71,10.53,18.8,58.37
2024-01-09,2.31,8.59,0.0,8.59,-0.71,4.31,12.93,87.43
2024-01-10,-1.76,3.37,3.37,0.0,-3.92,0.04,17.0,80.35
2024-01-11,-3.0,0.06,0.06,0.0,-4.54,-1.77,7.94,73.35
2024-01-12,-3.95,1.3,1.3,0.0,-6.02,-1.98,10.27,80.14
2024-01-13,-6.09,6.05,6.05,0.0,-8.19,-4.45,15.69,78.44
2024-01-14,-6.7,0.0,0.0,0.0,-11.14,-2.17,9.9,66.22
2024-01-15,-3.35,0.0,0.0,0.0,-10.52,3.97,11.61,58.99
2024-01-16,3.88,3.88,0.0,3.88,-2.45,8.02,18.87,61.22
2024-01-17,0.36,6.52,6.52,0.0,-3.52,2.72,9.32,85.47
2024-01-18,1.07,0.12,0.12,0.0,-4.64,8.02,11.66,75.02
2024-01-19,6.59,0.65,0.0,0.65,2.84,10.47,16.35,60.09
2024-01-20,5.82,3.35,0.0,3.35,2.05,10.11,13.44,65.31
2024-01-21,-1.14,18.11,18.11,0.0,-5.17,2.82,22.59,85.43
2024-01-22,-4.68,3.45,3.45,0.0,-6.46,-3.06,14.45,74.34
2024-01-23,-5.63,0.0,0.0,0.0,-8.99,-2.87,7.25,72.2
2024-01-24,-5.25,0.03,0.03,0.0,-7.95,-2.49,6.25,73.38
2024-01-25,-5.06,0.0,0.0,0.0,-9.71,-1.64,8.85,64.63
2024-01-26,-2.65,1.21,1.21,0.0,-4.95,0.4,7.22,69.88
2024-01-27,-3.25,6.29,6.29,0.0,-5.61,-0.8,17.04,79.34
2024-01-28,-3.74,1.73,1.73,0.0,-8.3,-0.31,8.86,76.74
2024-01-29,-3.53,5.69,5.69,0.0,-5.32,-1.13,13.09,80.09
2024-01-30,-4.35,2.24,2.24,0.0,-6.97,-1.56,10.35,75.95
2024-01-31,-3.05,0.3,0.3,0.0,-6.59,0.4,9.49,72.98
2024-02-01,-3.94,0.46,0.46,0.0,-7.31,-0.11,6.41,76.78
2024-02-02,-4.45,0.0,0.0,0.0,-9.41,0.55,6.77,76.77
2024-02-03,-2.93,0.85,0.85,0.0,-6.18,0.91,8.89,75.58
2024-02-04,-1.72,0.0,0.0,0.0,-6.6,2.06,7.96,69.84
2024-02-05,1.21,0.41,0.41,0.0,-2.8,5.06,12.8,59.46
2024-02-06,3.1,3.24,0.0,3.24,-1.81,6.93,15.57,63.2
2024-02-07,3.42,0.0,0.0,0.0,-4.72,12.08,14.21,59.17
2024-02-08,5.24,0.0,0.0,0.0,-3.19,10.43,13.91,58.67
2024-02-09,5.11,0.0,0.0,0.0,-1.09,10.61,10.89,62.84
2024-02-10,5.05,0.0,0.0,0.0,-3.36,11.74,15.68,56.65
2024-02-11,6.32,0.0,0.0,0.0,-1.31,12.31,12.67,52.82
2024-02-12,6.64,0.0,0.0,0.0,0.27,12.93,13.88,48.17
2024-02-13,7.8,0.12,0.0,0.12,3.5,11.79,15.5,47.39
2024-02-14,4.83,4.62,0.0,4.62,0.34,7.8,11.14,71.41
2024-02-15,1.86,5.34,5.34,0.0,-0.85,3.85,6.83,88.9
2024-02-16,1.89,1.07,1.07,0.0,-1.8,4.71,7.25,83.79
2024-02-17,1.17,2.42,2.42,0.0,-0.71,2.61,12.03,81.33
2024-02-18,-0.32,0.83,0.83,0.0,-1.77,0.82,14.13,81.56
2024-02-19,-0.72,0.22,0.22,0.0,-2.98,0.73,11.1,75.93
2024-02-20,-1.24,0.03,0.03,0.0,-5.53,2.66,6.72,78.07
2024-02-21,-0.14,0.09,0.09,0.0,-4.85,4.56,8.81,74.08
2024-02-22,-2.02,5.74,5.74,0.0,-5.42,0.17,11.47,83.35
2024-02-23,-0.7,0.0,0.0,0.0,-7.96,5.95,7.84,74.95
2024-02-24,0.32,0.0,0.0,0.0,-7.43,8.01,6.96,66.46
2024-02-25,1.02,0.0,0.0,0.0,-5.92,7.12,6.85,66.81
2024-02-26,2.23,0.0,0.0,0.0,-5.82,9.52,10.43,60.28
2024-02-27,2.17,0.0,0.0,0.0,-4.89,8.49,11.13,54.98
2024-02-28,0.38,0.0,0.0,0.0,-5.8,6.22,7.08,62.29
2024-02-29,0.26,0.0,0.0,0.0,-6.87,8.01,7.25,59.91
2024-03-01,0.98,0.0,0.0,0.0,-6.01,6.42,7.25,65.6
2024-03-02,2.84,0.2,0.0,0.2,-3.51,8.38,10.46,63.63
2024-03-03,2.63,2.03,0.0,2.03,-0.45,4.83,8.74,76.04
2024-03-04,1.14,0.19,0.19,0.0,-2.24,4.27,7.36,84.89
2024-03-05,2.26,0.0,0.0,0.0,-4.17,8.67,8.5,71.27
2024-03-06,3.0,5.47,0.0,5.47,0.44,6.15,14.22,73.83
2024-03-07,0.06,1.16,1.16,0.0,-1.18,1.38,13.97,81.29
2024-03-08,0.91,0.32,0.32,0.0,-2.32,4.14,7.76,77.38
2024-03-09,-1.68,6.5,6.5,0.0,-4.15,0.56,11.5,82.37
2024-03-10,-1.65,1.54,1.54,0.0,-4.5,0.85,6.29,78.75
2024-03-11,-0.05,0.0,0.0,0.0,-7.6,6.34,8.66,68.53
2024-03-12,2.36,0.0,0.0,0.0,-5.06,10.69,10.3,63.38
2024-03-13,6.76,0.0,0.0,0.0,0.02,11.72,12.73,53.9
2024-03-14,2.99,4.74,0.0,4.74,-0.43,6.03,10.05,77.69
2024-03-15,1.58,1.41,1.41,0.0,-3.18,5.48,7.67,83.87
2024-03-16,1.52,1.6,1.6,0.0,-0.53,4.92,7.56,85.87
2024-03-17,2.04,1.37,0.0,1.37,-0.45,5.2,8.17,81.87
2024-03-18,1.81,0.0,0.0,0.0,-3.01,5.91,7.85,80.64
2024-03-19,0.9,2.95,2.95,0.0,-2.16,2.8,10.14,80.5
2024-03-20,0.74,0.0,0.0,0.0,-5.76,5.27,7.24,71.95
2024-03-21,-1.86,9.94,9.94,0.0,-3.88,0.24,15.25,85.01
2024-03-22,-2.77,9.18,9.18,0.0,-4.69,-0.62,13.14,86.94
2024-03-23,-2.15,4.39,4.39,0.0,-5.16,0.48,9.99,82.94
2024-03-24,-0.0,1.2,1.2,0.0,-5.05,4.64,9.95,73.38
2024-03-25,3.42,0.31,0.0,0.31,-6.01,10.77,13.68,59.21
2024-03-26,2.09,10.24,0.0,10.24,-2.88,6.92,16.81,62.53
2024-03-27,0.26,0.0,0.0,0.0,-6.32,5.47,10.78,68.8
2024-03-28,5.68,0.0,0.0,0.0,-1.52,14.46,9.78,71.83
2024-03-29,6.14,1.29,0.0,1.29,1.25,13.58,12.13,73.88
2024-03-30,7.23,0.0,0.0,0.0,1.54,13.33,8.25,67.72
2024-03-31,7.72,0.0,0.0,0.0,-0.1,14.54,8.07,65.34
2024-04-01,8.79,0.0,0.0,0.0,0.41,16.31,6.69,62.91
2024-04-02,10.53,0.0,0.0,0.0,1.17,19.04,8.09,56.54
2024-04-03,9.03,0.0,0.0,0.0,2.83,16.38,17.71,57.45
2024-04-04,6.58,0.0,0.0,0.0,-0.68,12.24,9.41,63.14
2024-04-05,4.08,0.6,0.0,0.6,-0.13,7.06,11.11,73.68
2024-04-06,2.91,0.0,0.0,0.0,-3.65,9.05,8.83,71.27
2024-04-07,1.78,0.0,0.0,0.0,-4.3,7.28,10.34,75.12
2024-04-08,4.14,1.39,0.0,1.39,-0.05,7.97,9.83,77.29
2024-04-09,6.17,0.16,0.0,0.16,0.52,10.34,8.09,78.88
2024-04-10,5.81,5.13,0.0,5.13,1.92,9.68,9.79,78.92
2024-04-11,5.22,0.15,0.0,0.15,2.62,6.58,9.98,84.21
2024-04-12,5.74,0.26,0.0,0.26,3.31,8.1,6.65,85.59
2024-04-13,5.5,0.07,0.0,0.07,3.0,8.74,7.49,83.24
2024-04-14,6.26,1.69,0.0,1.69,1.44,9.97,10.24,76.68
2024-04-15,7.02,0.0,0.0,0.0,-1.74,13.54,7.9,65.72
2024-04-16,10.37,0.0,0.0,0.0,-0.95,20.14,8.98,53.12
2024-04-17,14.26,0.0,0.0,0.0,3.96,23.23,12.3,47.85
2024-04-18,15.11,0.91,0.0,0.91,7.26,23.08,17.8,41.76
2024-04-19,9.07,0.15,0.0,0.15,4.1,13.8,12.77,70.83
2024-04-20,10.24,0.57,0.0,0.57,3.48,16.35,11.24,70.14
2024-04-21,8.7,0.0,0.0,0.0,3.68,13.51,10.57,63.3
2024-04-22,8.36,0.0,0.0,0.0,0.96,15.46,9.38,69.71
2024-04-23,9.22,0.0,0.0,0.0,1.62,15.86,7.85,66.22
2024-04-24,14.43,0.0,0.0,0.0,5.58,22.98,10.28,55.68
2024-04-25,16.32,0.0,0.0,0.0,9.85,23.48,12.08,48.5
2024-04-26,13.11,2.56,0.0,2.56,8.01,20.72,13.87,60.5
2024-04-27,9.79,0.12,0.0,0.12,6.59,12.65,10.95,79.83
2024-04-28,9.81,0.0,0.0,0.0,5.55,14.09,6.76,81.93
2024-04-29,9.35,1.01,0.0,1.01,6.41,13.48,9.97,82.96
2024-04-30,7.95,0.2,0.0,0.2,5.51,11.05,9.36,84.9
2024-05-01,8.24,1.41,0.0,1.41,5.9,11.07,8.49,84.18
2024-05-02,6.96,12.09,0.0,12.09,5.29,10.27,8.6,88.67
2024-05-03,6.19,4.61,0.0,4.61,4.83,7.98,7.93,89.31
2024-05-04,6.68,6.79,0.0,6.79,4.49,9.47,10.87,84.7
2024-05-05,4.36,12.79,0.0,12.79,1.76,6.72,20.64,78.22
2024-05-06,2.94,0.71,0.0,0.71,0.53,5.3,17.74,70.01
2024-05-07,5.09,1.79,0.0,1.79,1.18,9.65,8.97,70.85
2024-05-08,7.88,0.0,0.0,0.0,-0.92,14.2,8.11,67.16
2024-05-09,8.76,2.03,0.0,2.03,0.89,15.27,8.88,68.53
2024-05-10,9.83,3.96,0.0,3.96,4.81,14.26,10.02,72.26
2024-05-11,9.7,5.4,0.0,5.4,5.02,14.06,14.78,73.88
2024-05-12,6.42,9.4,0.0,9.4,4.5,8.89,16.06,74.4
2024-05-13,5.7,1.78,0.0,1.78,1.77,8.67,12.19,73.4
2024-05-14,3.37,3.07,0.0,3.07,0.6,5.51,14.09,72.95
2024-05-15,5.08,0.0,0.0,0.0,-2.4,10.19,8.68,71.24
2024-05-16,4.8,2.08,0.0,2.08,0.33,8.3,7.36,79.46
2024-05-17,6.0,0.0,0.0,0.0,-1.17,10.56,7.23,73.58
2024-05-18,7.39,0.06,0.0,0.06,0.07,13.17,9.51,72.75
2024-05-19,8.61,1.11,0.0,1.11,4.55,13.09,7.24,71.71
2024-05-20,8.78,0.04,0.0,0.04,3.76,13.88,8.09,68.51
2024-05-21,8.85,0.04,0.0,0.04,1.89,14.2,7.4,66.89
2024-05-22,9.95,0.0,0.0,0.0,1.53,16.78,7.32,66.4
2024-05-23,11.92,0.28,0.0,0.28,6.45,17.15,7.96,73.44
2024-05-24,9.06,2.06,0.0,2.06,6.75,11.41,11.83,85.27
2024-05-25,9.36,3.69,0.0,3.69,7.55,11.23,12.54,83.66
2024-05-26,10.84,4.24,0.0,4.24,6.99,14.82,11.86,76.64
2024-05-27,8.26,10.96,0.0,10.96,4.13,11.86,7.25,85.57
2024-05-28,9.38,9.03,0.0,9.03,6.68,13.03,8.89,86.89
2024-05-29,11.24,0.18,0.0,0.18,6.53,15.92,9.79,78.52
2024-05-30,12.54,0.91,0.0,0.91,7.23,17.55,8.49,77.59
2024-05-31,11.69,2.74,0.0,2.74,7.43,15.03,6.69,79.75
2024-06-01,13.47,0.0,0.0,0.0,6.25,18.71,7.77,68.43
2024-06-02,14.32,0.0,0.0,0.0,6.05,20.36,7.43,62.42
2024-06-03,15.05,0.0,0.0,0.0,7.33,20.59,7.76,65.28
2024-06-04,15.35,0.0,0.0,0.0,7.52,21.95,6.65,63.16
2024-06-05,16.32,0.0,0.0,0.0,7.97,22.55,7.3,63.25
2024-06-06,16.33,0.08,0.0,0.08,10.68,20.63,8.11,67.42
2024-06-07,15.28,0.36,0.0,0.36,9.72,19.6,8.72,70.94
2024-06-08,14.35,0.38,0.0,0.38,9.8,17.92,7.87,76.39
2024-06-09,13.85,1.86,0.0,1.86,9.15,17.53,11.15,73.38
2024-06-10,14.13,0.0,0.0,0.0,7.9,19.68,8.05,67.43
2024-06-11,15.04,0.0,0.0,0.0,6.76,22.26,8.31,59.38
2024-06-12,17.08,0.04,0.0,0.04,9.22,24.85,7.54,57.71
2024-06-13,17.52,0.0,0.0,0.0,11.58,22.86,7.23,62.65
2024-06-14,18.55,0.44,0.0,0.44,11.82,26.01,8.3,64.76
2024-06-15,17.52,2.33,0.0,2.33,12.6,21.63,15.43,64.07
2024-06-16,15.23,0.2,0.0,0.2,11.25,19.39,8.83,72.36
2024-06-17,15.03,0.18,0.0,0.18,10.63,19.92,8.93,75.65
2024-06-18,15.09,1.35,0.0,1.35,11.33,19.49,9.45,76.75
2024-06-19,15.07,0.09,0.0,0.09,10.6,19.95,8.87,74.67
2024-06-20,16.78,0.0,0.0,0.0,9.76,21.44,8.74,72.26
2024-06-21,15.53,0.79,0.0,0.79,11.55,19.95,13.13,74.27
2024-06-22,14.07,0.53,0.0,0.53,9.52,18.41,11.66,71.38
2024-06-23,15.09,0.0,0.0,0.0,9.38,20.61,9.54,69.69
2024-06-24,16.33,0.0,0.0,0.0,8.43,22.73,7.97,70.96
2024-06-25,16.6,0.43,0.0,0.43,10.29,20.42,11.49,75.16
2024-06-26,15.2,7.12,0.0,7.12,11.99,18.59,17.54,74.22
2024-06-27,13.66,0.0,0.0,0.0,8.43,19.24,9.98,64.89
2024-06-28,14.22,0.0,0.0,0.0,7.73,20.88,8.94,65.19
2024-06-29,13.83,0.43,0.0,0.43,8.02,19.16,13.62,69.64
2024-06-30,14.61,0.96,0.0,0.96,10.83,18.56,17.91,71.81
2024-07-01,14.8,9.24,0.0,9.24,11.58,19.37,16.19,76.62
2024-07-02,15.49,0.88,0.0,0.88,10.32,20.7,11.89,70.75
2024-07-03,16.54,0.0,0.0,0.0,9.27,23.33,8.77,61.03
2024-07-04,18.14,0.0,0.0,0.0,11.23,24.39,10.58,64.0
2024-07-05,16.62,3.51,0.0,3.51,13.71,21.56,16.18,75.44
2024-07-06,14.65,8.66,0.0,8.66,12.61,17.5,19.38,79.43
2024-07-07,15.97,5.93,0.0,5.93,12.83,19.3,19.71,80.24
2024-07-08,16.5,0.96,0.0,0.96,12.61,21.16,12.64,80.5
2024-07-09,17.23,2.0,0.0,2.0,14.1,21.49,9.18,78.95
2024-07-10,17.23,0.2,0.0,0.2,13.6,21.59,8.98,79.53
2024-07-11,17.28,0.36,0.0,0.36,12.95,22.42,8.5,77.84
2024-07-12,17.77,0.32,0.0,0.32,13.92,22.61,7.51,76.75
2024-07-13,17.46,0.13,0.0,0.13,12.97,22.09,8.92,78.09
2024-07-14,17.38,1.79,0.0,1.79,13.97,21.11,16.02,73.3
2024-07-15,17.01,0.09,0.0,0.09,12.13,21.61,14.23,69.53
2024-07-16,17.48,0.15,0.0,0.15,12.96,22.58,10.03,73.93
2024-07-17,17.9,0.24,0.0,0.24,13.09,23.48,8.05,76.47
2024-07-18,18.87,1.24,0.0,1.24,14.93,22.46,9.72,78.04
2024-07-19,19.15,3.14,0.0,3.14,13.8,23.77,16.15,71.88
2024-07-20,17.99,5.34,0.0,5.34,13.08,22.72,12.27,73.57
2024-07-21,18.29,0.12,0.0,0.12,12.27,23.03,9.82,71.13
2024-07-22,18.25,0.0,0.0,0.0,12.68,23.66,7.65,66.72
2024-07-23,19.52,0.0,0.0,0.0,13.24,24.36,8.85,69.9
2024-07-24,18.52,7.99,0.0,7.99,13.23,23.24,10.35,72.25
2024-07-25,17.56,1.11,0.0,1.11,12.52,22.69,9.69,70.76
2024-07-26,17.3,1.57,0.0,1.57,13.17,23.04,7.05,72.87
2024-07-27,15.96,13.28,0.0,13.28,12.3,20.64,15.43,76.23
2024-07-28,17.0,6.68,0.0,6.68,12.42,20.88,19.0,74.55
2024-07-29,16.02,0.29,0.0,0.29,9.65,21.57,10.8,68.09
2024-07-30,15.63,1.23,0.0,1.23,10.66,21.27,12.99,71.07
2024-07-31,15.46,2.63,0.0,2.63,11.91,19.1,15.77,65.72
2024-08-01,15.74,0.18,0.0,0.18,10.85,19.44,9.76,72.5
2024-08-02,15.26,0.0,0.0,0.0,8.97,21.19,7.19,69.38
2024-08-03,15.64,0.0,0.0,0.0,8.61,21.97,9.06,65.49
2024-08-04,17.33,0.0,0.0,0.0,9.77,24.57,8.28,63.61
2024-08-05,16.72,0.15,0.0,0.15,10.56,22.34,9.86,67.28
2024-08-06,16.73,0.22,0.0,0.22,12.2,21.28,9.98,72.05
2024-08-07,16.79,0.45,0.0,0.45,12.55,21.73,9.37,72.58
2024-08-08,18.24,0.77,0.0,0.77,12.98,22.26,10.16,71.36
2024-08-09,16.67,0.0,0.0,0.0,10.98,22.15,9.29,70.5
2024-08-10,16.69,0.0,0.0,0.0,10.82,21.85,10.51,67.56
2024-08-11,17.12,3.01,0.0,3.01,11.95,20.89,16.42,71.19
2024-08-12,16.69,0.79,0.0,0.79,12.5,21.19,15.57,71.58
2024-08-13,16.39,0.0,0.0,0.0,10.48,22.39,8.89,67.75
2024-08-14,15.93,0.0,0.0,0.0,8.85,22.32,8.91,64.53
2024-08-15,15.82,1.06,0.0,1.06,10.54,20.82,10.96,66.42
2024-08-16,15.55,0.53,0.0,0.53,10.9,20.01,11.7,62.07
2024-08-17,14.82,0.06,0.0,0.06,8.2,21.03,11.5,62.89
2024-08-18,16.1,0.0,0.0,0.0,8.88,22.57,8.33,63.75
2024-08-19,17.79,0.0,0.0,0.0,10.87,24.41,7.56,66.7
2024-08-20,18.13,0.0,0.0,0.0,10.52,25.1,8.14,68.49
2024-08-21,18.76,0.0,0.0,0.0,11.08,26.01,8.24,65.69
2024-08-22,18.56,0.24,0.0,0.24,14.37,23.93,12.19,70.68
2024-08-23,18.1,1.23,0.0,1.23,14.67,22.77,15.52,75.86
2024-08-24,16.12,15.35,0.0,15.35,13.92,18.84,18.87,79.04
2024-08-25,15.48,16.61,0.0,16.61,12.91,17.7,13.38,80.89
2024-08-26,16.39,2.99,0.0,2.99,11.86,22.41,9.93,74.98
2024-08-27,16.46,0.0,0.0,0.0,11.74,22.09,8.67,72.79
2024-08-28,17.12,0.0,0.0,0.0,12.37,21.49,8.93,74.0
2024-08-29,17.12,0.0,0.0,0.0,12.1,21.71,8.94,74.59
2024-08-30,17.1,0.0,0.0,0.0,12.02,21.84,8.92,74.88
2024-08-31,17.1,0.0,0.0,0.0,12.28,21.62,9.18,75.47
2024-09-01,17.17,0.0,0.0,0.0,12.29,21.72,9.46,75.45
2024-09-02,15.72,0.52,0.0,0.52,12.06,20.01,9.44,76.04
2024-09-03,16.54,0.2,0.0,0.2,12.02,21.25,9.49,76.94
2024-09-04,15.77,0.0,0.0,0.0,12.04,20.3,9.47,77.53
2024-09-05,15.19,6.03,0.0,6.03,11.6,19.16,10.05,77.84
2024-09-06,15.31,2.11,0.0,2.11,11.52,19.94,9.73,76.08
2024-09-07,14.95,0.76,0.0,0.76,9.93,19.83,8.17,75.92
2024-09-08,15.73,2.19,0.0,2.19,10.46,20.26,7.36,76.41
2024-09-09,15.45,0.27,0.0,0.27,11.1,20.33,7.91,76.59
2024-09-10,17.59,0.0,0.0,0.0,10.29,23.83,9.07,70.48
2024-09-11,17.13,0.0,0.0,0.0,9.74,23.69,7.88,63.4
2024-09-12,18.16,0.0,0.0,0.0,11.66,22.99,10.25,65.12
2024-09-13,16.72,0.15,0.0,0.15,11.94,22.24,8.76,73.58
2024-09-14,16.16,0.0,0.0,0.0,9.41,23.47,7.13,71.17
2024-09-15,15.94,0.0,0.0,0.0,10.16,22.4,8.27,64.7
2024-09-16,14.5,2.84,0.0,2.84,11.58,18.45,20.42,69.88
2024-09-17,14.15,1.11,0.0,1.11,8.61,19.54,10.76,72.63
2024-09-18,14.36,0.83,0.0,0.83,7.8,18.24,7.41,74.43
2024-09-19,11.7,8.68,0.0,8.68,9.7,15.49,9.51,83.61
2024-09-20,11.76,8.52,0.0,8.52,7.94,15.88,13.0,77.58
2024-09-21,11.64,4.87,0.0,4.87,6.47,17.43,13.28,75.17
2024-09-22,8.77,19.38,0.0,19.38,5.43,12.0,8.15,86.48
2024-09-23,9.96,9.57,0.0,9.57,7.75,12.59,10.62,82.94
2024-09-24,12.22,2.15,0.0,2.15,8.41,17.59,13.79,71.77
2024-09-25,11.32,0.0,0.0,0.0,5.59,17.84,7.51,76.24
2024-09-26,11.69,0.0,0.0,0.0,6.68,17.56,7.84,75.62
2024-09-27,12.25,0.0,0.0,0.0,4.34,17.92,7.45,72.05
2024-09-28,11.5,0.0,0.0,0.0,4.03,18.87,7.81,69.45
2024-09-29,11.85,0.0,0.0,0.0,4.99,19.44,7.11,69.23
2024-09-30,13.63,11.27,0.0,11.27,4.83,20.88,10.62,72.36
2024-10-01,10.57,19.2,0.0,19.2,7.37,13.71,12.5,75.22
2024-10-02,9.43,0.31,0.0,0.31,6.25,12.74,8.24,70.46
2024-10-03,10.17,0.0,0.0,0.0,4.36,16.49,8.15,72.61
2024-10-04,10.72,0.0,0.0,0.0,3.49,17.74,7.07,71.16
2024-10-05,11.28,0.0,0.0,0.0,3.52,19.35,6.51,69.25
2024-10-06,12.43,0.0,0.0,0.0,4.03,20.71,7.55,63.17
2024-10-07,13.67,0.48,0.0,0.48,5.31,20.37,12.29,66.02
2024-10-08,12.16,3.34,0.0,3.34,9.01,15.91,7.8,83.21
2024-10-09,11.65,0.0,0.0,0.0,4.74,18.93,8.09,75.41
2024-10-10,12.12,0.0,0.0,0.0,7.57,17.45,10.27,65.48
2024-10-11,12.59,0.0,0.0,0.0,7.54,17.96,6.24,72.29
2024-10-12,12.04,0.0,0.0,0.0,5.09,18.86,6.73,73.62
2024-10-13,11.54,13.75,0.0,13.75,9.4,14.0,12.07,80.3
2024-10-14,10.14,4.14,0.0,4.14,7.57,12.84,6.85,82.93
2024-10-15,9.2,1.29,0.0,1.29,5.61,13.22,6.76,80.3
2024-10-16,8.89,0.12,0.0,0.12,2.46,14.14,10.13,78.01
2024-10-17,6.12,12.34,0.0,12.34,2.57,9.29,23.28,76.17
2024-10-18,3.99,3.78,0.0,3.78,0.12,8.19,22.85,72.13
2024-10-19,2.33,1.56,0.0,1.56,-2.12,7.08,16.08,70.28
2024-10-20,3.42,4.72,0.0,4.72,-0.32,6.62,20.07,70.32
2024-10-21,2.35,29.72,0.0,29.72,0.8,4.1,21.91,81.97
2024-10-22,3.06,15.43,0.0,15.43,1.17,5.66,14.73,79.99
2024-10-23,4.06,2.06,0.0,2.06,0.22,6.99,6.32,80.52
2024-10-24,3.71,0.46,0.0,0.46,-1.52,8.35,6.73,81.92
2024-10-25,5.12,1.12,0.0,1.12,0.82,8.43,7.86,80.55
2024-10-26,3.58,6.01,0.0,6.01,-0.08,7.2,10.77,82.69
2024-10-27,4.45,1.35,0.0,1.35,-0.79,9.28,6.19,79.04
2024-10-28,2.97,0.0,0.0,0.0,-3.58,9.27,6.24,71.73
2024-10-29,3.15,0.0,0.0,0.0,-3.28,9.15,7.17,73.56
2024-10-30,5.04,0.25,0.0,0.25,0.77,9.52,7.71,79.6
2024-10-31,4.88,0.28,0.0,0.28,-1.93,9.93,8.03,80.38
2024-11-01,4.43,0.0,0.0,0.0,-1.47,10.2,7.12,80.03
2024-11-02,4.54,0.0,0.0,0.0,-1.96,12.11,6.57,75.6
2024-11-03,2.95,7.15,0.0,7.15,-0.52,7.77,12.41,79.0
2024-11-04,1.17,0.27,0.27,0.0,-1.78,5.04,7.59,72.83
2024-11-05,0.15,10.15,10.15,0.0,-2.67,3.45,14.33,76.01
2024-11-06,-0.08,0.29,0.29,0.0,-6.0,4.29,6.68,76.12
2024-11-07,-0.36,0.0,0.0,0.0,-5.41,5.38,8.16,74.6
2024-11-08,0.83,0.0,0.0,0.0,-4.65,6.06,6.5,77.5
2024-11-09,1.12,0.0,0.0,0.0,-3.93,7.07,7.32,77.18
2024-11-10,1.18,0.0,0.0,0.0,-3.48,6.25,6.39,77.78
2024-11-11,3.15,0.0,0.0,0.0,-0.78,7.23,5.99,76.36
2024-11-12,3.09,0.0,0.0,0.0,-0.02,6.91,6.5,81.75
2024-11-13,1.89,0.0,0.0,0.0,-3.21,7.13,6.21,81.47
2024-11-14,1.93,0.03,0.03,0.0,-3.14,6.39,7.01,78.39
2024-11-15,3.34,0.92,0.0,0.92,-0.59,7.86,6.3,76.15
2024-11-16,2.76,10.24,0.0,10.24,0.99,4.09,10.93,88.12
2024-11-17,1.29,0.15,0.15,0.0,-3.47,4.92,7.43,82.35
2024-11-18,3.46,2.97,0.0,2.97,0.54,6.19,9.02,89.25
2024-11-19,3.67,2.66,0.0,2.66,0.49,6.57,8.45,90.62
2024-11-20,2.43,0.0,0.0,0.0,-2.32,8.99,10.04,79.54
2024-11-21,8.2,0.0,0.0,0.0,1.45,13.38,20.45,52.22
2024-11-22,5.83,5.72,0.0,5.72,3.51,9.7,11.23,81.44
2024-11-23,10.62,3.73,0.0,3.73,4.74,15.46,20.86,52.26
2024-11-24,-2.47,43.24,43.24,0.0,-4.55,5.43,25.01,88.25
2024-11-25,-4.37,14.8,14.8,0.0,-6.14,-2.77,22.23,83.67
2024-11-26,-3.64,14.35,14.35,0.0,-5.19,-2.57,11.7,85.5
2024-11-27,-3.38,0.09,0.09,0.0,-6.78,-0.67,14.36,73.35
2024-11-28,-3.19,0.06,0.06,0.0,-5.44,-1.07,11.94,65.97
2024-11-29,-2.52,0.0,0.0,0.0,-5.13,1.4,7.55,72.77
2024-11-30,-2.5,0.0,0.0,0.0,-6.16,1.52,10.06,64.58
2024-12-01,-4.76,0.0,0.0,0.0,-9.77,0.11,8.34,75.1
2024-12-02,-5.05,0.0,0.0,0.0,-9.82,-0.19,7.63,70.79
2024-12-03,-5.84,0.0,0.0,0.0,-10.18,-0.56,8.09,74.07
2024-12-04,-3.75,1.14,1.14,0.0,-7.93,0.62,7.74,77.42
2024-12-05,-0.99,0.48,0.48,0.0,-3.76,2.35,5.91,81.93
2024-12-06,-1.36,0.06,0.06,0.0,-3.46,1.55,6.84,88.79
2024-12-07,-0.69,0.0,0.0,0.0,-5.41,4.28,8.15,77.37
2024-12-08,3.53,0.52,0.0,0.52,0.01,8.07,8.48,61.25
2024-12-09,4.52,0.48,0.0,0.48,0.87,10.52,12.1,61.68
2024-12-10,3.57,0.0,0.0,0.0,0.03,9.03,12.21,64.74
2024-12-11,1.89,0.0,0.0,0.0,-0.99,5.74,12.25,72.51
2024-12-12,0.47,0.0,0.0,0.0,-2.02,3.53,14.92,76.92
2024-12-13,-1.92,0.0,0.0,0.0,-4.68,0.63,19.32,70.12
2024-12-14,-5.57,2.23,2.23,0.0,-8.72,-2.09,14.29,63.0
2024-12-15,-4.01,0.12,0.12,0.0,-9.61,0.71,9.66,58.73
2024-12-16,-1.98,11.47,11.47,0.0,-3.87,0.03,9.92,85.43
2024-12-17,-0.86,0.0,0.0,0.0,-5.66,3.87,8.56,68.93
2024-12-18,0.97,0.09,0.09,0.0,-1.97,4.2,12.98,68.75
2024-12-19,-0.47,0.03,0.03,0.0,-4.82,4.7,8.01,79.09
2024-12-20,-2.12,0.0,0.0,0.0,-7.13,4.44,7.8,73.68
2024-12-21,-0.27,0.11,0.11,0.0,-6.81,4.93,10.22,64.7
2024-12-22,3.09,1.12,0.0,1.12,-0.27,7.16,11.36,67.19
2024-12-23,1.48,0.09,0.09,0.0,-2.08,5.49,6.83,76.5
2024-12-24,3.68,1.58,0.0,1.58,-2.29,9.21,9.28,63.84
2024-12-25,6.15,0.76,0.0,0.76,2.21,9.87,11.07,55.06
2024-12-26,3.63,0.28,0.0,0.28,-0.03,7.93,9.49,60.42
2024-12-27,0.74,5.79,5.79,0.0,-1.14,3.18,14.22,81.21
2024-12-28,-0.8,4.8,4.8,0.0,-1.71,0.05,20.28,86.2
2024-12-29,-0.44,0.44,0.44,0.0,-2.87,1.78,9.68,80.46
2024-12-30,-0.74,2.46,2.46,0.0,-1.48,0.38,9.69,80.47
2024-12-31,-1.39,1.87,1.87,0.0,-4.35,0.58,9.06,76.57
2025-01-01,-3.5,0.0,0.0,0.0,-7.37,2.68,6.93,76.28
2025-01-02,-2.44,0.0,0.0,0.0,-7.34,3.92,8.46,68.19
2025-01-03,-1.48,0.0,0.0,0.0,-6.32,4.64,8.29,65.27
2025-01-04,3.1,0.45,0.0,0.45,-3.21,7.96,13.69,52.83
2025-01-05,-1.68,14.8,14.8,0.0,-3.3,2.34,11.46,89.21
2025-01-06,-2.2,0.08,0.08,0.0,-5.21,2.15,8.22,82.03
2025-01-07,-0.96,0.0,0.0,0.0,-5.55,5.37,8.33,68.64
2025-01-08,-0.38,0.0,0.0,0.0,-4.87,5.81,7.46,70.97
2025-01-09,0.39,0.0,0.0,0.0,-3.86,5.97,7.06,69.73
2025-01-10,-1.19,0.0,0.0,0.0,-5.78,5.01,7.77,73.62
2025-01-11,-0.29,0.0,0.0,0.0,-5.1,5.95,8.64,69.84
2025-01-12,0.78,0.15,0.15,0.0,-2.47,5.16,7.98,72.58
2025-01-13,2.32,2.91,0.0,2.91,-0.95,6.82,11.91,74.75
2025-01-14,-1.18,7.07,7.07,0.0,-2.84,0.23,10.94,88.61
2025-01-15,-1.37,1.21,1.21,0.0,-3.04,0.29,6.97,85.55
2025-01-16,-0.59,5.25,5.25,0.0,-1.78,0.64,9.04,90.71
2025-01-17,-1.18,1.23,1.23,0.0,-4.03,0.35,11.85,75.93
2025-01-18,-2.04,0.18,0.18,0.0,-5.31,1.14,9.6,78.25
2025-01-19,-0.78,4.91,4.91,0.0,-4.09,1.86,14.52,78.47
2025-01-20,-2.37,3.65,3.65,0.0,-6.31,0.07,12.83,76.24
2025-01-21,-3.67,0.0,0.0,0.0,-8.97,2.88,8.85,71.69
2025-01-22,-2.48,0.0,0.0,0.0,-8.08,2.87,8.52,69.77
2025-01-23,0.57,3.62,3.62,0.0,-1.27,2.9,7.19,74.56
2025-01-24,0.15,0.26,0.26,0.0,-3.29,4.24,6.49,78.83
2025-01-25,0.78,0.0,0.0,0.0,-3.77,5.76,9.54,70.16
2025-01-26,0.75,2.05,2.05,0.0,-3.63,4.04,7.88,81.22
2025-01-27,-1.6,0.0,0.0,0.0,-6.04,4.41,8.08,76.0
2025-01-28,-1.08,0.0,0.0,0.0,-6.84,5.99,9.46,65.02
2025-01-29,-0.02,0.0,0.0,0.0,-5.21,7.01,9.08,60.6
2025-01-30,-0.35,0.0,0.0,0.0,-5.39,6.49,7.28,61.02
2025-01-31,-1.57,0.0,0.0,0.0,-5.73,4.14,7.07,68.21
2025-02-01,-1.34,0.0,0.0,0.0,-6.49,5.49,6.85,63.86
2025-02-02,-1.37,0.12,0.12,0.0,-5.87,3.61,6.37,75.19
2025-02-03,-0.51,0.0,0.0,0.0,-4.67,4.98,6.51,70.55
2025-02-04,-3.12,9.06,9.06,0.0,-4.93,-0.54,16.62,82.72
2025-02-05,-5.44,9.87,9.87,0.0,-7.09,-4.13,10.53,84.28
2025-02-06,-5.47,6.96,6.96,0.0,-7.47,-3.54,17.44,77.43
2025-02-07,-4.94,5.18,5.18,0.0,-6.58,-3.76,11.99,80.61
2025-02-08,-3.85,3.85,3.85,0.0,-5.21,-2.38,14.97,82.03
2025-02-09,-3.41,1.32,1.32,0.0,-4.87,-1.57,11.93,79.09
2025-02-10,-3.74,2.42,2.42,0.0,-5.69,-1.59,12.51,78.63
2025-02-11,-4.01,4.26,4.26,0.0,-5.81,-2.8,12.84,82.46
2025-02-12,-3.04,0.83,0.83,0.0,-4.99,-1.62,7.02,82.31
2025-02-13,-3.17,9.76,9.76,0.0,-4.84,-1.78,15.84,83.49
2025-02-14,-2.82,0.67,0.67,0.0,-5.28,0.69,10.08,69.29
2025-02-15,0.07,0.0,0.0,0.0,-4.56,5.22,12.47,54.26
2025-02-16,0.02,0.39,0.39,0.0,-2.8,3.69,9.65,71.19
2025-02-17,0.03,0.86,0.86,0.0,-2.74,3.43,9.73,73.15
2025-02-18,-3.17,13.0,13.0,0.0,-6.78,-0.12,13.56,83.41
2025-02-19,-6.49,12.97,12.97,0.0,-7.97,-4.43,14.36,83.18
2025-02-20,-7.88,10.39,10.39,0.0,-10.14,-6.04,12.54,80.47
2025-02-21,-10.08,4.54,4.54,0.0,-13.08,-7.78,13.65,78.81
2025-02-22,-10.37,2.17,2.17,0.0,-13.42,-6.96,18.61,73.2
2025-02-23,-10.2,4.48,4.48,0.0,-11.97,-7.97,21.1,73.64
2025-02-24,-9.38,1.73,1.73,0.0,-13.17,-6.81,17.05,69.91
2025-02-25,-6.77,0.03,0.03,0.0,-12.08,-2.38,13.94,57.98
2025-02-26,-5.5,0.0,0.0,0.0,-9.35,-1.1,8.73,66.53
2025-02-27,-5.04,0.0,0.0,0.0,-9.9,0.25,9.05,72.9
2025-02-28,-4.66,0.03,0.03,0.0,-8.47,-0.91,6.96,75.58
2025-03-01,-2.17,0.37,0.37,0.0,-5.37,1.61,7.73,75.7
2025-03-02,-2.41,0.0,0.0,0.0,-6.91,2.67,8.91,71.49
2025-03-03,-2.3,10.03,10.03,0.0,-3.8,-0.84,12.29,83.19
2025-03-04,-2.37,0.92,0.92,0.0,-4.15,0.02,10.01,73.57
2025-03-05,-1.65,0.0,0.0,0.0,-6.05,3.42,5.79,74.58
2025-03-06,-0.58,0.0,0.0,0.0,-6.13,6.69,7.34,63.81
2025-03-07,0.52,0.0,0.0,0.0,-5.25,7.94,8.4,60.16
2025-03-08,0.38,0.0,0.0,0.0,-5.25,6.2,6.32,66.59
2025-03-09,1.81,0.0,0.0,0.0,-4.18,8.31,8.27,67.64
2025-03-10,2.89,0.0,0.0,0.0,-1.71,8.92,7.09,67.77
2025-03-11,3.8,0.0,0.0,0.0,-2.43,11.72,8.42,60.68
2025-03-12,8.67,0.0,0.0,0.0,0.3,16.16,12.72,48.42
2025-03-13,10.23,0.0,0.0,0.0,3.36,17.75,13.01,44.33
2025-03-14,9.79,0.0,0.0,0.0,3.87,15.86,10.52,45.59
2025-03-15,9.48,0.0,0.0,0.0,2.52,18.02,10.55,50.37
2025-03-16,12.59,0.0,0.0,0.0,6.05,20.57,12.5,47.15
2025-03-17,11.19,0.0,0.0,0.0,4.98,18.11,14.82,47.31
2025-03-18,5.14,1.17,0.0,1.17,-0.24,8.83,16.38,59.02
2025-03-19,-3.26,0.0,0.0,0.0,-6.05,0.12,20.24,75.04
2025-03-20,-4.75,0.0,0.0,0.0,-7.13,-2.27,17.4,78.28
2025-03-21,-3.75,0.0,0.0,0.0,-5.21,-2.1,16.75,84.42
2025-03-22,-2.3,4.04,4.04,0.0,-4.31,-0.09,16.44,80.12
2025-03-23,-0.24,0.0,0.0,0.0,-5.44,5.05,10.02,70.13
2025-03-24,2.24,0.0,0.0,0.0,-3.92,8.89,9.1,61.87
2025-03-25,7.13,0.22,0.0,0.22,2.14,13.3,8.29,62.73
2025-03-26,7.26,0.0,0.0,0.0,2.28,11.75,8.01,67.74
2025-03-27,7.93,0.0,0.0,0.0,2.34,13.94,7.8,62.79
2025-03-28,9.04,0.08,0.0,0.08,1.56,16.82,8.99,62.28
2025-03-29,10.96,0.8,0.0,0.8,6.54,17.16,16.56,52.84
2025-03-30,4.95,5.51,0.0,5.51,1.85,8.44,7.65,83.11
2025-03-31,4.01,0.9,0.0,0.9,1.4,7.24,8.13,84.37
2025-04-01,6.7,0.48,0.0,0.48,0.79,14.45,12.38,65.48
2025-04-02,7.35,0.44,0.0,0.44,3.96,10.34,10.63,66.05
2025-04-03,3.84,9.41,0.0,9.41,2.18,7.21,9.83,86.67
2025-04-04,2.84,2.2,0.0,2.2,0.81,5.12,7.63,86.37
2025-04-05,2.98,5.19,0.0,5.19,0.64,5.77,6.61,85.36
2025-04-06,5.3,2.93,0.0,2.93,2.08,9.68,8.69,73.08
2025-04-07,6.06,1.16,0.0,1.16,1.55,12.16,10.82,71.0
2025-04-08,1.14,4.19,4.19,0.0,-1.98,4.81,20.22,74.23
2025-04-09,-2.65,20.68,20.68,0.0,-4.55,-0.72,10.65,86.69
2025-04-10,-2.56,8.21,8.21,0.0,-4.94,1.16,11.16,76.29
2025-04-11,-3.52,10.83,10.83,0.0,-7.36,2.12,17.19,77.15
2025-04-12,-2.96,0.99,0.99,0.0,-8.09,1.5,13.08,66.33
2025-04-13,-0.65,2.24,2.24,0.0,-5.02,3.95,9.34,71.37
2025-04-14,-1.39,7.75,7.75,0.0,-3.55,0.74,12.54,81.95
2025-04-15,0.91,4.78,4.78,0.0,-2.38,3.33,19.52,76.79
2025-04-16,2.49,0.88,0.0,0.88,-0.06,6.01,9.06,82.92
2025-04-17,2.98,0.0,0.0,0.0,-2.31,8.65,7.14,76.56
2025-04-18,4.84,0.0,0.0,0.0,-0.64,10.51,7.85,74.65
2025-04-19,4.7,3.03,0.0,3.03,0.96,11.11,7.78,76.5
2025-04-20,4.02,3.6,0.0,3.6,1.57,8.07,7.51,85.56
2025-04-21,5.27,0.0,0.0,0.0,0.4,10.98,7.84,76.94
2025-04-22,5.7,0.48,0.0,0.48,1.09,10.88,6.18,77.01
2025-04-23,5.56,1.71,0.0,1.71,3.11,9.06,5.99,80.68
2025-04-24,6.3,2.37,0.0,2.37,3.36,10.26,8.06,79.77
2025-04-25,5.09,5.69,0.0,5.69,3.47,7.3,8.96,84.49
2025-04-26,5.7,6.06,0.0,6.06,1.77,11.04,7.68,79.84
2025-04-27,5.06,2.39,0.0,2.39,1.45,9.07,11.46,84.29
2025-04-28,2.24,1.4,0.0,1.4,-0.0,4.69,14.61,68.73
2025-04-29,1.62,0.16,0.16,0.0,-2.44,5.37,10.36,67.9
2025-04-30,3.5,0.36,0.0,0.36,-1.18,8.34,10.12,72.98
2025-05-01,4.21,5.7,0.0,5.7,1.61,7.79,8.21,86.58
2025-05-02,4.21,18.87,0.0,18.87,1.97,7.7,11.47,89.07
2025-05-03,4.66,6.49,0.0,6.49,2.36,7.79,11.35,76.47
2025-05-04,4.3,0.78,0.0,0.78,-1.05,10.03,6.74,71.9
2025-05-05,5.88,0.0,0.0,0.0,-0.04,11.49,7.13,74.88
2025-05-06,7.32,0.0,0.0,0.0,0.47,13.73,7.92,68.17
2025-05-07,10.08,2.76,0.0,2.76,3.32,18.13,9.12,71.56
2025-05-08,10.03,1.24,0.0,1.24,5.81,15.47,9.59,77.39
2025-05-09,11.77,0.56,0.0,0.56,5.39,19.21,10.48,71.02
2025-05-10,9.19,4.61,0.0,4.61,5.08,15.55,11.58,82.73
2025-05-11,7.2,9.34,0.0,9.34,4.13,11.01,10.43,83.88
2025-05-12,5.55,6.92,0.0,6.92,3.3,8.93,9.14,85.69
2025-05-13,3.98,7.3,0.0,7.3,2.36,6.62,13.07,83.04
2025-05-14,5.2,0.27,0.0,0.27,0.58,9.63,9.77,70.63
2025-05-15,5.82,5.18,0.0,5.18,1.53,10.87,8.49,72.23
2025-05-16,8.54,0.0,0.0,0.0,-0.21,16.17,10.36,65.17
2025-05-17,13.65,0.0,0.0,0.0,6.3,22.76,13.0,59.27
2025-05-18,9.82,5.14,0.0,5.14,5.17,14.37,9.51,72.2
2025-05-19,8.47,0.3,0.0,0.3,2.2,13.65,8.36,69.8
2025-05-20,8.78,0.0,0.0,0.0,1.7,15.68,10.89,66.82
2025-05-21,9.02,0.0,0.0,0.0,2.08,14.58,9.36,63.48
2025-05-22,10.23,0.0,0.0,0.0,1.71,17.43,7.19,63.6
2025-05-23,12.2,0.0,0.0,0.0,4.35,19.86,6.41,62.12
2025-05-24,12.95,0.0,0.0,0.0,5.62,20.11,7.63,61.1
2025-05-25,14.13,0.0,0.0,0.0,6.25,21.39,7.46,61.88
2025-05-26,13.29,0.0,0.0,0.0,8.55,20.86,9.96,66.35
2025-05-27,10.78,3.6,0.0,3.6,6.67,16.69,17.26,78.65
2025-05-28,9.73,0.15,0.0,0.15,6.22,14.84,8.35,70.57
2025-05-29,10.21,0.0,0.0,0.0,3.55,16.6,7.09,66.14
2025-05-30,9.65,2.31,0.0,2.31,5.83,15.34,8.23,67.34
2025-05-31,10.84,1.53,0.0,1.53,5.45,16.64,10.08,69.74
2025-06-01,9.91,8.74,0.0,8.74,6.78,15.82,8.82,83.08
2025-06-02,9.8,1.93,0.0,1.93,7.01,13.61,8.9,79.96
2025-06-03,9.55,12.27,0.0,12.27,7.26,13.46,9.98,82.03
2025-06-04,11.66,0.0,0.0,0.0,4.53,18.58,7.46,68.42
2025-06-05,12.02,0.0,0.0,0.0,4.07,19.3,7.66,62.53
2025-06-06,12.28,0.0,0.0,0.0,5.23,19.44,7.04,67.55
2025-06-07,12.4,0.0,0.0,0.0,4.45,19.59,7.85,62.57
2025-06-08,12.19,0.0,0.0,0.0,3.84,18.92,7.66,65.94
2025-06-09,14.09,0.0,0.0,0.0,6.43,21.02,7.02,68.31
2025-06-10,13.82,0.0,0.0,0.0,6.64,19.62,7.02,66.38
2025-06-11,15.16,0.22,0.0,0.22,9.12,20.22,8.87,72.48
2025-06-12,15.53,0.0,0.0,0.0,9.16,21.09,8.0,72.17
2025-06-13,14.83,0.43,0.0,0.43,11.03,19.18,14.63,71.22
2025-06-14,11.3,1.72,0.0,1.72,8.02,14.41,13.64,69.71
2025-06-15,11.43,0.7,0.0,0.7,5.11,17.29,10.45,66.77
2025-06-16,11.59,0.58,0.0,0.58,5.75,16.19,11.04,64.57
2025-06-17,11.54,0.38,0.0,0.38,5.04,18.13,8.8,66.45
2025-06-18,13.29,0.0,0.0,0.0,6.14,19.18,8.11,61.77
2025-06-19,13.59,0.0,0.0,0.0,7.33,19.05,9.24,60.66
2025-06-20,13.88,0.0,0.0,0.0,5.64,21.35,7.35,59.32
2025-06-21,12.99,0.58,0.0,0.58,7.5,18.47,12.06,63.69
2025-06-22,11.12,0.47,0.0,0.47,7.16,14.94,11.4,66.27
2025-06-23,12.0,0.0,0.0,0.0,4.44,18.01,7.66,60.17
2025-06-24,13.26,0.0,0.0,0.0,5.86,19.6,8.61,56.22
2025-06-25,14.08,0.0,0.0,0.0,4.71,22.38,8.2,54.35
2025-06-26,15.14,0.0,0.0,0.0,6.25,22.53,6.78,49.35
2025-06-27,15.5,0.0,0.0,0.0,8.28,21.9,9.22,58.43
2025-06-28,14.64,0.0,0.0,0.0,9.42,19.72,9.45,64.97
2025-06-29,10.4,9.64,0.0,9.64,5.95,16.25,14.27,75.19
2025-06-30,11.69,7.24,0.0,7.24,6.36,16.86,11.29,75.24
2025-07-01,14.29,0.38,0.0,0.38,9.57,19.74,9.77,69.82
2025-07-02,12.91,0.71,0.0,0.71,7.56,17.98,11.0,63.56
2025-07-03,11.64,5.66,0.0,5.66,5.96,17.57,12.3,67.65
2025-07-04,11.66,11.12,0.0,11.12,8.54,15.92,13.84,73.75
2025-07-05,12.31,6.22,0.0,6.22,8.51,16.56,14.86,79.04
2025-07-06,14.59,0.0,0.0,0.0,7.36,21.59,8.48,66.56
2025-07-07,15.3,0.0,0.0,0.0,7.57,21.72,8.2,66.88
2025-07-08,16.61,0.0,0.0,0.0,9.14,23.44,7.23,67.36
2025-07-09,17.57,0.0,0.0,0.0,10.26,24.26,7.33,66.08
2025-07-10,17.66,0.0,0.0,0.0,10.47,24.54,10.12,63.54
2025-07-11,18.27,0.03,0.0,0.03,12.98,23.23,12.28,67.71
2025-07-12,18.7,0.25,0.0,0.25,13.59,24.08,12.82,70.92
2025-07-13,18.66,0.52,0.0,0.52,14.52,23.57,11.72,67.51
2025-07-14,18.11,0.0,0.0,0.0,11.44,23.44,9.52,65.28
2025-07-15,17.95,0.4,0.0,0.4,13.36,23.07,12.43,68.99
2025-07-16,16.9,0.28,0.0,0.28,12.0,22.07,10.02,66.69
2025-07-17,17.8,0.0,0.0,0.0,9.56,25.07,8.61,58.23
2025-07-18,19.26,0.0,0.0,0.0,10.91,27.83,11.02,58.0
2025-07-19,18.68,0.58,0.0,0.58,13.69,23.53,11.69,66.89
2025-07-20,16.98,1.65,0.0,1.65,12.91,21.79,13.22,68.82
2025-07-21,17.33,0.0,0.0,0.0,11.3,22.24,10.59,68.97
2025-07-22,18.47,0.28,0.0,0.28,13.04,25.68,9.17,66.25
2025-07-23,19.28,0.0,0.0,0.0,12.24,26.28,8.5,63.78
2025-07-24,18.59,0.0,0.0,0.0,12.33,24.96,8.11,67.59
2025-07-25,18.16,0.69,0.0,0.69,13.52,22.87,10.54,65.36
2025-07-26,18.37,0.0,0.0,0.0,13.1,23.96,12.12,62.77
2025-07-27,19.0,0.0,0.0,0.0,12.35,25.85,10.53,68.4
2025-07-28,20.4,0.0,0.0,0.0,13.23,27.61,8.64,66.38
2025-07-29,22.66,0.0,0.0,0.0,16.02,30.04,7.73,62.12
2025-07-30,21.75,0.03,0.0,0.03,17.61,27.27,13.65,65.06
2025-07-31,19.22,2.2,0.0,2.2,16.35,23.54,16.11,70.36
2025-08-01,17.63,3.51,0.0,3.51,14.95,22.29,16.91,75.64
2025-08-02,17.86,4.76,0.0,4.76,15.89,20.93,21.85,74.52
2025-08-03,18.55,0.88,0.0,0.88,15.42,23.23,13.53,69.68
2025-08-04,18.35,3.47,0.0,3.47,14.65,23.95,9.78,75.0
2025-08-05,19.02,3.68,0.0,3.68,15.15,24.35,9.72,74.27
2025-08-06,18.91,0.0,0.0,0.0,12.98,25.39,9.9,67.45
2025-08-07,18.81,0.09,0.0,0.09,12.25,24.65,12.18,69.03
2025-08-08,19.78,1.12,0.0,1.12,16.08,24.31,18.3,68.24
2025-08-09,18.99,1.58,0.0,1.58,15.17,23.25,16.72,69.77
2025-08-10,18.21,0.18,0.0,0.18,12.34,24.15,9.89,65.1
2025-08-11,16.54,0.0,0.0,0.0,9.36,23.54,10.1,59.56
2025-08-12,16.78,0.0,0.0,0.0,9.58,23.48,8.67,63.16
2025-08-13,17.1,0.28,0.0,0.28,10.55,23.76,8.82,63.67
2025-08-14,16.68,0.0,0.0,0.0,9.61,23.76,8.83,63.07
2025-08-15,16.27,0.0,0.0,0.0,10.05,22.93,10.13,62.55
2025-08-16,16.42,0.0,0.0,0.0,11.27,22.86,10.13,60.76
2025-08-17,16.51,0.0,0.0,0.0,8.82,23.44,8.62,59.25
2025-08-18,17.89,0.0,0.0,0.0,9.79,26.28,8.99,62.74
2025-08-19,17.74,0.74,0.0,0.74,14.35,22.31,12.23,69.19
2025-08-20,17.39,0.12,0.0,0.12,12.87,22.68,14.58,69.16
2025-08-21,17.26,0.12,0.0,0.12,11.24,23.06,11.96,65.9
2025-08-22,17.67,0.0,0.0,0.0,10.38,25.23,8.85,63.11
2025-08-23,18.46,0.0,0.0,0.0,10.48,26.95,11.4,53.34
2025-08-24,16.15,5.5,0.0,5.5,10.65,22.08,13.57,71.56
2025-08-25,13.63,12.1,0.0,12.1,11.57,16.13,17.9,78.36
2025-08-26,12.81,1.51,0.0,1.51,9.3,16.09,13.68,73.06
2025-08-27,11.99,0.06,0.0,0.06,7.24,16.29,10.98,73.81
2025-08-28,14.62,0.0,0.0,0.0,10.26,19.29,12.49,70.49
2025-08-29,15.66,0.0,0.0,0.0,11.34,20.77,7.7,74.79
2025-08-30,16.18,0.0,0.0,0.0,10.64,22.41,7.62,73.61
2025-08-31,17.02,0.0,0.0,0.0,11.29,23.58,7.07,69.29
2025-09-01,16.73,0.03,0.0,0.03,8.72,23.76,9.62,67.82
2025-09-02,15.91,1.03,0.0,1.03,11.46,20.98,10.59,75.35
2025-09-03,14.66,8.3,0.0,8.3,10.44,19.44,10.69,76.41
2025-09-04,15.04,2.96,0.0,2.96,12.09,18.85,12.9,79.67
2025-09-05,16.17,0.37,0.0,0.37,11.75,21.55,9.02,78.07
2025-09-06,16.09,1.42,0.0,1.42,10.76,21.95,8.55,78.95
2025-09-07,14.31,8.65,0.0,8.65,11.29,17.05,15.72,78.91
2025-09-08,13.31,0.21,0.0,0.21,10.63,15.79,11.75,75.32
2025-09-09,13.4,2.32,0.0,2.32,8.7,17.79,12.71,76.55
2025-09-10,13.33,1.41,0.0,1.41,6.98,19.78,8.96,70.61
2025-09-11,12.85,0.88,0.0,0.88,7.35,17.18,8.73,76.38
2025-09-12,13.45,0.0,0.0,0.0,8.32,19.27,8.55,74.0
2025-09-13,12.95,0.15,0.0,0.15,8.11,18.35,13.12,75.78
2025-09-14,11.75,0.0,0.0,0.0,6.87,17.6,10.0,66.78
2025-09-15,11.95,0.0,0.0,0.0,3.79,19.45,7.99,68.4
2025-09-16,12.58,0.58,0.0,0.58,7.85,17.63,10.88,73.09
2025-09-17,12.39,0.0,0.0,0.0,6.88,19.06,9.31,71.56
2025-09-18,10.55,4.81,0.0,4.81,5.67,14.26,14.88,74.04
2025-09-19,8.94,10.17,0.0,10.17,5.73,11.8,22.35,73.28
2025-09-20,9.9,12.0,0.0,12.0,7.28,12.18,23.02,76.58
2025-09-21,9.45,2.49,0.0,2.49,5.38,14.87,14.59,75.51
2025-09-22,8.93,0.0,0.0,0.0,2.04,15.66,8.6,73.72
2025-09-23,10.3,0.0,0.0,0.0,2.52,18.24,7.89,70.48
2025-09-24,11.44,0.0,0.0,0.0,5.84,18.32,6.85,66.35
2025-09-25,11.01,0.0,0.0,0.0,4.7,16.85,8.99,74.79
2025-09-26,8.85,1.61,0.0,1.61,5.37,12.43,15.95,81.46
2025-09-27,7.58,0.12,0.0,0.12,3.7,11.46,14.92,66.61
2025-09-28,8.21,0.0,0.0,0.0,0.71,15.02,9.28,68.88
2025-09-29,10.67,2.58,0.0,2.58,6.2,15.72,9.72,72.82
2025-09-30,8.77,17.99,0.0,17.99,7.1,11.1,9.59,89.57
2025-10-01,8.15,3.12,0.0,3.12,5.24,12.27,7.46,82.58
2025-10-02,8.46,2.55,0.0,2.55,4.68,12.84,8.34,80.58
2025-10-03,9.03,0.0,0.0,0.0,2.61,16.56,9.21,77.98
2025-10-04,12.81,0.0,0.0,0.0,6.29,21.87,12.12,64.9
2025-10-05,11.06,0.0,0.0,0.0,6.66,15.67,11.14,73.5
2025-10-06,10.16,0.0,0.0,0.0,4.53,16.19,7.09,79.89
2025-10-07,11.07,0.0,0.0,0.0,4.72,17.41,8.96,72.05
2025-10-08,12.19,1.36,0.0,1.36,7.31,19.46,11.3,65.45
2025-10-09,8.7,14.67,0.0,14.67,5.28,12.53,10.03,83.09
2025-10-10,8.03,0.09,0.0,0.09,3.73,13.39,8.44,70.58
2025-10-11,7.55,0.0,0.0,0.0,1.85,13.44,9.9,70.7
2025-10-12,4.38,9.75,0.0,9.75,1.64,7.22,14.75,81.56
2025-10-13,5.29,0.03,0.0,0.03,0.54,10.11,9.4,73.75
2025-10-14,5.45,0.0,0.0,0.0,0.5,11.37,7.07,73.88
2025-10-15,6.1,0.09,0.0,0.09,1.9,12.43,7.7,73.56
2025-10-16,6.09,1.68,0.0,1.68,1.6,10.4,8.66,82.44
2025-10-17,6.51,0.23,0.0,0.23,1.31,12.08,8.67,80.12
2025-10-18,7.27,0.0,0.0,0.0,0.36,15.08,6.78,74.14
2025-10-19,8.4,3.25,0.0,3.25,4.35,13.2,9.52,76.11
2025-10-20,4.57,14.25,0.0,14.25,1.29,7.33,12.57,87.0
2025-10-21,3.27,0.0,0.0,0.0,-1.32,8.8,8.02,83.74
2025-10-22,4.62,0.12,0.0,0.12,-0.35,10.06,8.16,80.53
2025-10-23,8.52,0.12,0.0,0.12,4.71,13.67,7.89,78.49
2025-10-24,9.87,0.31,0.0,0.31,5.95,15.96,10.03,71.64
2025-10-25,9.62,0.46,0.0,0.46,5.54,15.34,11.59,73.07
2025-10-26,7.57,7.73,0.0,7.73,4.87,11.48,11.13,84.87
2025-10-27,10.89,0.0,0.0,0.0,2.96,20.13,11.72,64.5
2025-10-28,10.15,1.68,0.0,1.68,6.7,14.39,14.34,73.62
2025-10-29,5.53,18.77,0.0,18.77,1.41,8.85,15.51,83.48
2025-10-30,3.7,0.0,0.0,0.0,-1.52,10.31,7.24,77.46
2025-10-31,4.59,0.0,0.0,0.0,-1.13,13.55,6.73,71.39
2025-11-01,4.27,0.0,0.0,0.0,-1.88,11.87,6.32,74.92
2025-11-02,4.25,0.0,0.0,0.0,-1.68,11.23,6.9,78.35
2025-11-03,4.53,0.0,0.0,0.0,-2.32,11.49,6.77,68.7
2025-11-04,5.37,0.04,0.0,0.04,0.98,9.49,5.87,73.24
2025-11-05,6.11,0.0,0.0,0.0,2.21,10.87,5.58,80.61
2025-11-06,5.8,0.0,0.0,0.0,1.28,10.57,7.14,82.58
2025-11-07,5.7,0.04,0.0,0.04,0.36,11.08,7.11,80.41
2025-11-08,7.26,0.0,0.0,0.0,2.67,12.19,7.97,75.75
2025-11-09,6.67,0.0,0.0,0.0,3.09,12.34,6.7,75.52
2025-11-10,5.89,0.0,0.0,0.0,0.56,12.15,7.05,73.45
2025-11-11,7.02,0.4,0.0,0.4,0.85,14.34,9.47,69.41
2025-11-12,6.64,1.82,0.0,1.82,2.94,12.04,10.37,75.9
2025-11-13,4.08,10.51,0.0,10.51,2.14,6.6,10.87,90.45
2025-11-14,2.24,27.47,0.0,27.47,0.75,3.66,13.82,90.08
2025-11-15,2.13,25.26,0.0,25.26,0.4,4.22,15.16,89.96
2025-11-16,3.57,2.16,0.0,2.16,0.38,7.59,9.05,83.65
2025-11-17,3.62,0.0,0.0,0.0,-2.39,11.36,10.42,71.7
2025-11-18,5.55,0.0,0.0,0.0,0.18,11.85,13.22,62.8
2025-11-19,5.17,0.0,0.0,0.0,0.99,11.47,10.99,63.52
2025-11-20,4.93,0.0,0.0,0.0,-0.7,12.22,9.93,58.85
2025-11-21,4.17,0.0,0.0,0.0,-2.37,12.01,9.48,61.5
2025-11-22,7.47,0.0,0.0,0.0,-0.06,15.9,11.6,58.71
2025-11-23,8.5,0.0,0.0,0.0,3.9,16.71,12.09,53.85
2025-11-24,6.02,0.18,0.0,0.18,-0.06,10.71,12.2,65.49
2025-11-25,5.48,0.68,0.0,0.68,1.87,9.51,7.81,76.55
2025-11-26,5.03,0.0,0.0,0.0,1.1,12.17,8.2,70.09
2025-11-27,3.74,0.0,0.0,0.0,-1.71,10.0,8.11,70.17
2025-11-28,3.11,0.0,0.0,0.0,-1.52,9.5,7.94,68.5
2025-11-29,3.3,0.0,0.0,0.0,-2.1,10.07,9.47,66.57
2025-11-30,4.66,1.48,0.0,1.48,0.66,9.65,13.87,68.65
2025-12-01,2.69,3.72,0.0,3.72,-0.71,6.89,9.5,82.59
2025-12-02,1.05,0.12,0.12,0.0,-2.18,4.73,6.87,84.43
2025-12-03,0.15,0.0,0.0,0.0,-3.42,6.33,7.32,78.97
2025-12-04,-0.36,0.0,0.0,0.0,-4.28,5.39,7.63,75.23
2025-12-05,0.84,0.0,0.0,0.0,-4.29,6.63,9.75,72.93
2025-12-06,5.97,1.1,0.0,1.1,1.17,10.81,15.1,64.81
2025-12-07,4.21,4.82,0.0,4.82,1.95,8.52,12.46,81.02
2025-12-08,4.18,0.44,0.0,0.44,1.44,8.5,8.81,76.09
2025-12-09,3.23,9.98,0.0,9.98,1.88,5.05,13.53,90.09
2025-12-10,2.73,12.17,0.0,12.17,0.29,4.85,8.91,87.66
2025-12-11,1.11,12.81,12.81,0.0,-0.72,2.11,9.06,91.4
2025-12-12,0.58,0.85,0.85,0.0,-2.7,4.23,7.71,81.68
2025-12-13,1.08,3.73,3.73,0.0,-1.24,4.1,16.19,77.61
2025-12-14,-0.0,2.34,2.34,0.0,-2.03,3.29,7.25,81.72
2025-12-15,-0.1,7.55,7.55,0.0,-2.6,2.87,15.64,81.22
2025-12-16,-2.35,17.55,17.55,0.0,-4.62,-0.03,16.46,90.48
2025-12-17,-2.77,0.2,0.2,0.0,-6.29,1.4,6.56,80.13
2025-12-18,-2.61,0.0,0.0,0.0,-6.73,2.34,7.74,71.34
2025-12-19,-2.42,0.0,0.0,0.0,-6.34,2.32,5.48,70.99
2025-12-20,-2.71,0.0,0.0,0.0,-6.9,2.55,6.72,77.99
2025-12-21,-1.76,0.0,0.0,0.0,-6.03,2.46,7.78,77.29
2025-12-22,0.06,0.0,0.0,0.0,-4.08,4.25,7.56,78.74
2025-12-23,0.86,1.0,1.0,0.0,-1.36,3.86,8.91,79.64
2025-12-24,0.5,1.74,1.74,0.0,-1.92,2.67,7.82,89.05
2025-12-25,-0.81,4.22,4.22,0.0,-3.21,1.32,7.3,91.51
2025-12-26,-1.43,4.63,4.63,0.0,-2.84,0.33,6.89,92.34
2025-12-27,-4.0,7.3,7.3,0.0,-8.1,-0.92,15.94,84.68
2025-12-28,-4.58,0.52,0.52,0.0,-8.85,-1.44,15.85,64.5
2025-12-29,-3.7,0.44,0.44,0.0,-7.74,-1.14,19.22,63.58
2025-12-30,-2.97,0.0,0.0,0.0,-6.8,1.34,19.41,49.4
2025-12-31,-3.2,16.5,16.5,0.0,-6.19,0.49,21.55,75.75
2026-01-01,-7.71,18.16,18.16,0.0,-9.51,-6.02,14.43,93.39
