,Valla Kanyonu - Kastamonu_temp,Valla Kanyonu - Kastamonu_prcp,Valla Kanyonu - Kastamonu_snow,Valla Kanyonu - Kastamonu_rain,Valla Kanyonu - Kastamonu_tmin,Valla Kanyonu - Kastamonu_tmax,Valla Kanyonu - Kastamonu_wspd,Valla Kanyonu - Kastamonu_rhum
2021-12-31,6.76,0.19,0.0,0.19,2.3,9.84,9.93,88.43
2022-01-01,6.47,0.42,0.0,0.42,3.84,8.31,9.28,93.4
2022-01-02,5.27,0.67,0.0,0.67,2.16,7.9,16.4,85.04
2022-01-03,5.1,0.31,0.0,0.31,-1.45,12.19,9.94,64.65
2022-01-04,8.17,0.0,0.0,0.0,4.71,11.91,15.48,69.47
2022-01-05,9.03,0.0,0.0,0.0,2.95,15.14,10.75,62.23
2022-01-06,10.25,0.0,0.0,0.0,5.48,16.93,11.98,60.77
2022-01-07,8.08,0.34,0.0,0.34,4.56,11.92,8.57,83.67
2022-01-08,7.08,0.0,0.0,0.0,3.87,10.61,5.12,93.57
2022-01-09,9.27,0.0,0.0,0.0,5.38,13.34,8.53,77.84
2022-01-10,8.55,0.0,0.0,0.0,4.67,14.03,9.25,68.28
2022-01-11,6.2,0.11,0.0,0.11,2.45,8.73,6.92,84.59
2022-01-12,3.58,0.74,0.0,0.74,0.09,6.74,9.88,95.58
2022-01-13,-1.55,2.82,2.82,0.0,-3.12,0.37,12.36,83.79
2022-01-14,-0.68,3.67,3.67,0.0,-3.96,3.39,11.91,76.38
2022-01-15,1.51,0.11,0.11,0.0,-0.18,4.61,23.41,77.25
2022-01-16,0.02,3.59,3.59,0.0,-1.79,2.37,13.06,85.93
2022-01-17,1.74,2.86,2.86,0.0,-2.14,5.98,10.58,67.11
2022-01-18,0.68,3.29,3.29,0.0,-2.66,4.14,22.19,72.58
2022-01-19,-2.17,1.4,1.4,0.0,-4.17,0.26,15.56,85.61
2022-01-20,-0.41,0.42,0.42,0.0,-4.46,4.64,12.67,67.8
2022-01-21,1.55,0.07,0.07,0.0,-2.58,7.16,14.49,66.86
2022-01-22,-0.84,1.11,1.11,0.0,-2.62,1.57,8.07,95.55
2022-01-23,-2.48,3.67,3.67,0.0,-3.88,-0.86,6.68,93.34
2022-01-24,-2.56,1.59,1.59,0.0,-5.88,0.86,9.17,87.92
2022-01-25,-3.16,0.0,0.0,0.0,-7.28,0.83,10.3,86.14
2022-01-26,-2.83,0.0,0.0,0.0,-5.35,0.26,11.32,87.75
2022-01-27,-1.02,0.11,0.11,0.0,-3.72,2.39,12.97,84.36
2022-01-28,0.86,0.0,0.0,0.0,-4.98,5.51,11.38,69.75
2022-01-29,1.37,0.0,0.0,0.0,-1.8,3.7,11.22,72.05
2022-01-30,0.7,0.04,0.04,0.0,-4.0,3.96,8.31,79.89
2022-01-31,3.32,0.19,0.0,0.19,-0.09,7.95,12.61,70.93
2022-02-01,1.05,0.0,0.0,0.0,-4.39,5.37,9.65,68.49
2022-02-02,8.04,0.53,0.0,0.53,2.93,10.91,13.6,63.65
2022-02-03,7.26,0.0,0.0,0.0,2.08,11.27,10.4,78.44
2022-02-04,0.64,1.11,1.11,0.0,-1.68,2.79,13.93,82.23
2022-02-05,1.17,0.0,0.0,0.0,-3.09,5.58,8.73,69.63
2022-02-06,3.15,0.0,0.0,0.0,-1.07,6.68,11.41,77.1
2022-02-07,5.19,0.0,0.0,0.0,-0.45,11.5,13.34,63.67
2022-02-08,6.39,2.07,0.0,2.07,3.03,9.31,9.34,79.75
2022-02-09,2.88,1.41,0.0,1.41,0.86,4.86,11.84,88.84
2022-02-10,2.29,0.19,0.0,0.19,-0.48,6.06,9.38,80.06
2022-02-11,3.16,0.0,0.0,0.0,-2.41,8.4,6.82,72.72
2022-02-12,6.21,0.0,0.0,0.0,-0.5,12.42,10.22,65.82
2022-02-13,3.66,0.0,0.0,0.0,1.17,6.32,14.24,87.82
2022-02-14,2.74,0.07,0.0,0.07,0.69,5.07,5.46,88.5
2022-02-15,3.43,0.0,0.0,0.0,0.86,7.15,5.53,81.13
2022-02-16,4.42,0.0,0.0,0.0,-1.22,9.97,7.19,72.37
2022-02-17,6.89,0.0,0.0,0.0,0.12,12.29,7.96,54.88
2022-02-18,6.2,1.07,0.0,1.07,2.36,9.57,12.39,70.58
2022-02-19,4.62,0.15,0.0,0.15,0.45,9.19,8.03,79.59
2022-02-20,7.67,0.0,0.0,0.0,0.34,13.21,7.48,56.64
2022-02-21,8.45,0.04,0.0,0.04,5.22,12.43,7.51,70.0
2022-02-22,10.2,0.3,0.0,0.3,3.49,16.05,7.08,69.37
2022-02-23,9.65,0.04,0.0,0.04,4.68,14.7,7.88,77.76
2022-02-24,6.16,0.37,0.0,0.37,4.67,7.79,5.44,96.68
2022-02-25,5.02,5.79,0.0,5.79,3.69,6.37,10.75,97.21
2022-02-26,4.56,4.34,0.0,4.34,2.25,7.09,13.29,85.9
2022-02-27,5.19,0.0,0.0,0.0,2.08,7.87,4.96,89.89
2022-02-28,5.57,2.52,0.0,2.52,3.12,8.39,6.69,93.44
2022-03-01,4.11,0.41,0.0,0.41,0.64,9.05,12.73,82.42
2022-03-02,2.19,1.22,0.0,1.22,0.62,4.25,6.79,90.65
2022-03-03,1.24,5.75,5.75,0.0,-1.0,4.06,10.77,90.85
2022-03-04,2.05,1.89,0.0,1.89,-0.95,6.27,12.3,79.49
2022-03-05,3.78,0.0,0.0,0.0,-0.33,7.91,7.86,75.02
2022-03-06,3.93,0.0,0.0,0.0,0.04,7.29,6.79,85.7
2022-03-07,4.11,1.52,0.0,1.52,1.25,7.34,7.47,93.82
2022-03-08,3.04,1.04,0.0,1.04,0.7,6.26,8.11,86.27
2022-03-09,0.36,4.06,4.06,0.0,-1.19,2.91,9.06,86.5
2022-03-10,-0.86,0.19,0.19,0.0,-3.54,2.74,10.85,81.84
2022-03-11,-2.59,0.82,0.82,0.0,-4.26,0.37,9.4,84.46
2022-03-12,-2.72,0.0,0.0,0.0,-7.58,2.27,10.22,72.56
2022-03-13,-1.88,0.11,0.11,0.0,-6.51,2.4,12.89,75.02
2022-03-14,-1.14,0.0,0.0,0.0,-5.55,2.72,9.06,77.1
2022-03-15,0.51,0.0,0.0,0.0,-2.69,4.89,10.66,75.51
2022-03-16,2.65,0.0,0.0,0.0,-3.36,8.41,8.21,66.94
2022-03-17,1.17,0.22,0.22,0.0,-1.95,4.93,7.84,76.46
2022-03-18,-2.81,1.15,1.15,0.0,-4.69,-0.72,9.6,83.81
2022-03-19,-2.75,6.58,6.58,0.0,-5.88,0.72,9.82,83.95
2022-03-20,-0.12,0.11,0.11,0.0,-3.01,2.65,12.31,78.76
2022-03-21,0.44,0.11,0.11,0.0,-2.97,4.37,7.62,76.91
2022-03-22,2.28,0.0,0.0,0.0,-2.22,6.53,7.91,73.78
2022-03-23,3.13,0.0,0.0,0.0,-1.7,7.71,9.15,80.14
2022-03-24,2.31,1.04,0.0,1.04,0.72,4.94,9.6,87.41
2022-03-25,5.07,1.11,0.0,1.11,-0.2,11.17,14.42,66.27
2022-03-26,3.54,0.0,0.0,0.0,0.57,6.65,13.33,78.67
2022-03-27,7.69,0.0,0.0,0.0,-0.54,14.2,16.88,58.84
2022-03-28,7.76,0.0,0.0,0.0,1.45,13.48,8.12,62.34
2022-03-29,9.82,0.0,0.0,0.0,3.81,15.15,7.65,56.73
2022-03-30,12.54,0.26,0.0,0.26,7.11,17.52,8.42,56.08
2022-03-31,15.71,0.0,0.0,0.0,6.63,19.93,9.83,44.75
2022-04-01,20.33,0.15,0.0,0.15,13.43,25.49,14.77,35.48
2022-04-02,18.09,0.0,0.0,0.0,10.97,21.62,13.6,36.12
2022-04-03,12.15,1.84,0.0,1.84,5.75,18.71,16.61,62.04
2022-04-04,8.71,0.41,0.0,0.41,3.83,12.63,11.21,70.49
2022-04-05,5.97,6.57,0.0,6.57,3.97,8.26,4.68,93.64
2022-04-06,8.86,1.11,0.0,1.11,4.32,12.99,5.06,86.45
2022-04-07,10.55,0.0,0.0,0.0,4.03,16.79,6.55,79.93
2022-04-08,10.91,7.45,0.0,7.45,8.15,14.51,15.48,78.49
2022-04-09,16.09,0.11,0.0,0.11,6.69,20.91,9.01,55.57
2022-04-10,16.7,0.0,0.0,0.0,9.75,21.7,7.22,55.35
2022-04-11,9.57,1.04,0.0,1.04,5.8,15.06,15.7,80.19
2022-04-12,5.16,0.0,0.0,0.0,2.02,8.31,19.26,73.95
2022-04-13,4.99,0.67,0.0,0.67,2.04,9.2,17.01,69.14
2022-04-14,8.03,0.0,0.0,0.0,3.98,12.26,15.73,55.83
2022-04-15,10.26,0.0,0.0,0.0,5.38,14.38,5.35,62.27
2022-04-16,12.3,0.0,0.0,0.0,4.49,17.39,5.45,67.54
2022-04-17,10.52,0.19,0.0,0.19,6.48,13.1,4.59,80.02
2022-04-18,12.23,0.0,0.0,0.0,7.17,15.84,12.02,81.8
2022-04-19,7.83,0.3,0.0,0.3,5.48,10.26,7.5,90.44
2022-04-20,8.53,0.0,0.0,0.0,4.17,13.09,8.39,73.62
2022-04-21,8.69,0.0,0.0,0.0,4.17,12.63,16.5,75.86
2022-04-22,11.0,0.0,0.0,0.0,3.89,16.43,6.5,70.94
2022-04-23,15.75,0.0,0.0,0.0,8.36,20.04,6.28,64.58
2022-04-24,16.63,0.0,0.0,0.0,10.0,21.13,6.29,62.46
2022-04-25,16.52,0.0,0.0,0.0,9.11,21.73,6.37,65.97
2022-04-26,15.7,0.0,0.0,0.0,9.31,20.88,7.06,64.07
2022-04-27,14.59,0.0,0.0,0.0,8.0,19.39,6.61,66.31
2022-04-28,13.6,0.0,0.0,0.0,8.32,18.33,6.08,78.24
2022-04-29,13.38,1.22,0.0,1.22,7.89,17.82,6.09,82.69
2022-04-30,11.17,5.56,0.0,5.56,8.75,14.14,5.04,92.97
2022-05-01,10.81,0.93,0.0,0.93,7.45,13.26,6.62,91.81
2022-05-02,11.45,0.0,0.0,0.0,5.27,15.61,7.6,80.5
2022-05-03,11.46,0.37,0.0,0.37,6.92,14.94,4.55,87.52
2022-05-04,9.36,0.74,0.0,0.74,7.92,11.19,6.8,94.83
2022-05-05,9.63,2.26,0.0,2.26,7.42,13.72,11.02,84.61
2022-05-06,8.71,0.37,0.0,0.37,6.95,10.85,10.61,91.59
2022-05-07,8.28,0.37,0.0,0.37,6.43,10.23,7.23,89.43
2022-05-08,10.83,0.0,0.0,0.0,6.65,15.28,7.97,74.35
2022-05-09,11.36,0.0,0.0,0.0,3.25,16.15,6.98,74.8
2022-05-10,12.29,0.0,0.0,0.0,4.75,17.47,7.48,69.18
2022-05-11,12.51,0.0,0.0,0.0,5.56,16.46,7.44,69.42
2022-05-12,13.54,0.0,0.0,0.0,6.98,18.58,7.5,61.64
2022-05-13,16.73,0.0,0.0,0.0,8.69,22.68,7.66,57.32
2022-05-14,17.35,0.37,0.0,0.37,10.95,23.03,8.45,59.75
2022-05-15,17.39,0.0,0.0,0.0,10.25,21.98,7.8,60.92
2022-05-16,16.94,0.0,0.0,0.0,11.75,21.22,7.4,59.35
2022-05-17,16.97,0.0,0.0,0.0,10.52,21.7,7.23,60.04
2022-05-18,17.55,0.0,0.0,0.0,8.93,24.25,16.42,62.34
2022-05-19,10.83,0.19,0.0,0.19,7.48,14.19,14.5,75.86
2022-05-20,12.88,0.0,0.0,0.0,6.17,17.77,10.2,68.02
2022-05-21,17.07,0.0,0.0,0.0,9.03,22.11,7.75,58.0
2022-05-22,19.65,0.0,0.0,0.0,11.45,24.95,10.51,55.43
2022-05-23,13.53,0.19,0.0,0.19,10.81,17.15,6.48,84.13
2022-05-24,13.84,0.67,0.0,0.67,8.69,18.24,9.66,76.26
2022-05-25,15.74,0.0,0.0,0.0,7.19,20.65,6.48,69.56
2022-05-26,18.97,0.0,0.0,0.0,9.12,24.72,6.1,60.87
2022-05-27,18.33,0.0,0.0,0.0,12.42,22.24,6.45,68.71
2022-05-28,19.18,0.0,0.0,0.0,11.92,23.34,6.05,63.57
2022-05-29,21.87,0.0,0.0,0.0,14.17,26.08,6.96,59.95
2022-05-30,21.81,2.08,0.0,2.08,16.23,29.27,9.32,62.06
2022-05-31,19.11,0.56,0.0,0.56,14.37,23.9,7.35,73.9
2022-06-01,19.48,1.59,0.0,1.59,12.75,24.13,4.18,76.18
2022-06-02,19.94,0.0,0.0,0.0,12.97,23.81,5.61,76.33
2022-06-03,20.13,0.3,0.0,0.3,15.28,23.69,5.07,78.16
2022-06-04,20.73,0.11,0.0,0.11,14.59,24.7,9.09,75.74
2022-06-05,20.83,0.0,0.0,0.0,14.91,24.34,8.27,69.38
2022-06-06,19.85,1.89,0.0,1.89,13.68,24.73,7.88,74.83
2022-06-07,17.85,7.12,0.0,7.12,14.8,22.29,5.77,85.82
2022-06-08,18.82,1.54,0.0,1.54,15.25,22.97,5.96,85.43
2022-06-09,19.68,0.57,0.0,0.57,14.88,23.04,9.0,82.08
2022-06-10,20.05,0.26,0.0,0.26,15.17,25.67,6.02,78.85
2022-06-11,19.35,7.99,0.0,7.99,15.99,23.93,7.03,84.93
2022-06-12,18.26,8.51,0.0,8.51,15.99,22.01,6.27,89.79
2022-06-13,19.62,2.15,0.0,2.15,15.89,23.55,12.99,81.98
2022-06-14,20.02,0.14,0.0,0.14,15.3,24.45,9.24,80.53
2022-06-15,18.45,0.97,0.0,0.97,14.64,24.68,11.39,83.29
2022-06-16,18.81,3.19,0.0,3.19,13.37,23.84,9.6,76.52
2022-06-17,18.25,0.37,0.0,0.37,13.25,23.42,6.45,82.01
2022-06-18,19.6,0.23,0.0,0.23,14.29,24.87,6.69,80.65
2022-06-19,18.68,0.39,0.0,0.39,14.79,23.17,6.57,81.63
2022-06-20,20.38,0.68,0.0,0.68,12.7,25.94,6.76,74.12
2022-06-21,18.73,5.51,0.0,5.51,15.8,23.54,10.04,82.14
2022-06-22,19.57,1.46,0.0,1.46,14.38,24.64,14.5,74.96
2022-06-23,18.64,0.0,0.0,0.0,13.4,23.53,12.22,69.18
2022-06-24,15.65,6.08,0.0,6.08,13.62,18.91,11.03,84.98
2022-06-25,16.67,21.8,0.0,21.8,13.83,20.67,13.83,86.56
2022-06-26,17.4,21.57,0.0,21.57,14.28,21.29,12.12,87.99
2022-06-27,16.49,27.89,0.0,27.89,15.13,18.87,9.63,95.98
2022-06-28,17.11,35.46,0.0,35.46,14.83,21.62,6.48,92.85
2022-06-29,18.09,8.34,0.0,8.34,13.8,22.63,6.26,87.6
2022-06-30,19.36,0.35,0.0,0.35,15.0,24.59,8.06,87.36
2022-07-01,20.51,2.29,0.0,2.29,15.19,25.14,7.84,80.91
2022-07-02,20.7,0.0,0.0,0.0,14.16,25.81,7.94,74.32
2022-07-03,19.63,0.0,0.0,0.0,13.66,24.36,8.36,66.66
2022-07-04,19.09,0.0,0.0,0.0,10.83,24.65,8.77,66.39
2022-07-05,19.47,0.0,0.0,0.0,12.58,24.29,8.56,70.54
2022-07-06,21.08,0.0,0.0,0.0,12.94,26.81,7.28,71.96
2022-07-07,21.03,0.04,0.0,0.04,14.59,26.46,9.1,74.74
2022-07-08,21.71,0.0,0.0,0.0,15.43,26.7,11.4,72.81
2022-07-09,20.98,2.09,0.0,2.09,16.1,26.88,6.94,79.61
2022-07-10,19.16,7.5,0.0,7.5,16.94,23.85,9.35,87.97
2022-07-11,20.14,1.87,0.0,1.87,16.53,24.68,13.17,75.95
2022-07-12,19.98,0.7,0.0,0.7,15.52,25.02,7.36,78.72
2022-07-13,19.67,2.75,0.0,2.75,15.25,24.57,7.22,78.42
2022-07-14,19.82,1.64,0.0,1.64,13.93,25.03,9.63,71.8
2022-07-15,19.55,0.0,0.0,0.0,12.62,24.67,8.51,75.17
2022-07-16,20.78,0.0,0.0,0.0,14.86,25.35,10.08,76.9
2022-07-17,21.51,0.0,0.0,0.0,15.93,26.14,10.59,74.16
2022-07-18,20.03,1.63,0.0,1.63,16.02,24.55,11.09,72.77
2022-07-19,18.82,1.47,0.0,1.47,14.71,23.19,8.61,73.32
2022-07-20,19.4,0.0,0.0,0.0,12.55,24.91,8.89,70.0
2022-07-21,19.79,0.24,0.0,0.24,12.52,25.39,11.83,69.62
2022-07-22,20.4,0.0,0.0,0.0,14.86,25.63,10.49,68.34
2022-07-23,20.4,0.0,0.0,0.0,12.94,25.63,10.76,69.12
2022-07-24,20.82,0.0,0.0,0.0,13.87,26.32,8.72,68.82
2022-07-25,21.04,0.0,0.0,0.0,13.13,26.92,7.89,66.73
2022-07-26,21.28,0.04,0.0,0.04,15.34,26.52,8.99,71.9
2022-07-27,21.84,0.0,0.0,0.0,13.98,27.78,8.04,67.09
2022-07-28,21.6,0.0,0.0,0.0,13.94,27.0,7.9,70.7
2022-07-29,21.63,0.0,0.0,0.0,14.46,27.13,6.97,71.91
2022-07-30,21.75,0.0,0.0,0.0,14.05,28.08,6.59,70.25
2022-07-31,23.3,0.0,0.0,0.0,16.48,28.99,6.36,74.09
2022-08-01,23.25,0.0,0.0,0.0,18.34,28.05,11.12,75.34
2022-08-02,23.02,0.0,0.0,0.0,17.98,27.13,10.4,69.93
2022-08-03,22.94,0.0,0.0,0.0,16.05,28.64,8.38,73.72
2022-08-04,22.91,0.32,0.0,0.32,16.34,27.69,6.89,76.15
2022-08-05,22.89,3.69,0.0,3.69,18.37,27.22,5.93,81.85
2022-08-06,23.9,0.95,0.0,0.95,18.36,28.44,7.01,78.1
2022-08-07,23.81,0.02,0.0,0.02,18.05,28.13,9.0,74.64
2022-08-08,23.97,0.0,0.0,0.0,16.34,29.42,7.54,74.45
2022-08-09,24.22,0.11,0.0,0.11,16.81,29.48,7.29,71.23
2022-08-10,22.94,0.0,0.0,0.0,18.13,27.98,12.71,70.27
2022-08-11,22.58,0.88,0.0,0.88,18.35,26.79,15.76,73.08
2022-08-12,23.1,0.15,0.0,0.15,17.12,27.98,9.96,75.38
2022-08-13,23.92,0.0,0.0,0.0,16.67,28.3,6.64,74.65
2022-08-14,24.39,0.98,0.0,0.98,19.06,29.38,6.18,73.88
2022-08-15,21.26,18.78,0.0,18.78,18.53,26.56,8.67,82.34
2022-08-16,23.04,0.0,0.0,0.0,16.97,28.17,8.68,72.44
2022-08-17,22.9,0.07,0.0,0.07,18.17,29.0,7.48,69.38
2022-08-18,24.01,0.0,0.0,0.0,17.12,28.73,7.68,65.8
2022-08-19,22.66,2.76,0.0,2.76,16.32,27.48,8.7,74.6
2022-08-20,23.19,0.17,0.0,0.17,17.89,28.26,7.18,79.35
2022-08-21,24.7,0.0,0.0,0.0,17.61,29.55,7.01,78.07
2022-08-22,25.06,0.0,0.0,0.0,17.8,29.82,5.63,75.66
2022-08-23,26.1,0.0,0.0,0.0,18.26,30.35,6.02,71.48
2022-08-24,26.04,0.0,0.0,0.0,17.61,30.26,7.09,64.73
2022-08-25,23.67,1.17,0.0,1.17,19.83,28.87,8.6,77.17
2022-08-26,23.2,0.5,0.0,0.5,17.33,28.34,8.39,80.14
2022-08-27,23.14,0.49,0.0,0.49,18.03,28.36,8.87,80.89
2022-08-28,22.98,0.56,0.0,0.56,18.69,27.78,7.01,83.98
2022-08-29,22.72,0.0,0.0,0.0,17.44,28.56,7.32,78.26
2022-08-30,24.54,0.0,0.0,0.0,18.62,30.21,7.9,79.07
2022-08-31,24.16,0.16,0.0,0.16,18.67,29.15,6.15,82.28
2022-09-01,24.02,1.1,0.0,1.1,19.8,28.42,7.83,81.8
2022-09-02,23.91,0.07,0.0,0.07,17.81,28.77,6.9,81.66
2022-09-03,22.63,0.33,0.0,0.33,18.22,28.9,8.82,85.74
2022-09-04,20.02,4.8,0.0,4.8,17.18,23.43,9.86,85.02
2022-09-05,18.36,8.3,0.0,8.3,14.13,22.12,12.1,81.03
2022-09-06,17.39,6.02,0.0,6.02,13.23,21.43,8.78,76.44
2022-09-07,16.41,0.12,0.0,0.12,11.99,20.66,9.98,71.48
2022-09-08,17.46,0.67,0.0,0.67,10.14,23.25,8.27,73.55
2022-09-09,18.8,0.0,0.0,0.0,11.04,24.64,7.57,75.2
2022-09-10,20.47,0.0,0.0,0.0,13.37,25.62,6.59,71.35
2022-09-11,22.43,0.0,0.0,0.0,14.25,27.41,7.3,68.12
2022-09-12,18.41,18.54,0.0,18.54,14.67,24.16,9.47,83.73
2022-09-13,16.12,5.56,0.0,5.56,11.54,21.09,10.8,84.85
2022-09-14,16.91,0.39,0.0,0.39,10.97,22.3,9.03,73.85
2022-09-15,20.54,0.0,0.0,0.0,11.57,26.99,8.7,64.78
2022-09-16,24.64,0.0,0.0,0.0,15.11,31.34,10.75,53.5
2022-09-17,24.87,0.0,0.0,0.0,16.35,30.55,8.05,52.4
2022-09-18,24.79,0.44,0.0,0.44,16.73,30.18,12.53,60.07
2022-09-19,17.28,0.29,0.0,0.29,14.68,20.13,10.37,76.43
2022-09-20,16.45,0.85,0.0,0.85,13.46,21.79,9.77,78.7
2022-09-21,13.92,2.21,0.0,2.21,12.18,16.08,8.91,83.04
2022-09-22,12.21,15.81,0.0,15.81,10.58,15.47,10.9,88.92
2022-09-23,12.55,6.66,0.0,6.66,9.65,17.53,11.69,78.16
2022-09-24,12.11,1.49,0.0,1.49,8.46,17.39,12.84,80.46
2022-09-25,13.85,0.0,0.0,0.0,6.89,20.07,9.3,72.35
2022-09-26,16.21,0.0,0.0,0.0,7.69,23.08,8.42,66.24
2022-09-27,18.15,0.0,0.0,0.0,11.4,24.85,8.65,56.73
2022-09-28,18.6,5.31,0.0,5.31,14.66,24.94,8.81,67.42
2022-09-29,19.31,2.4,0.0,2.4,14.73,24.96,9.05,75.02
2022-09-30,20.34,0.0,0.0,0.0,13.46,26.5,7.95,66.78
2022-10-01,20.61,0.0,0.0,0.0,13.77,26.39,7.69,67.63
2022-10-02,18.98,8.55,0.0,8.55,13.55,26.77,14.51,72.95
2022-10-03,15.89,2.15,0.0,2.15,11.68,20.46,9.09,77.76
2022-10-04,14.6,4.08,0.0,4.08,11.1,18.28,11.44,79.59
2022-10-05,13.39,2.73,0.0,2.73,9.88,17.81,9.46,80.32
2022-10-06,13.44,0.14,0.0,0.14,9.0,17.09,8.11,82.81
2022-10-07,13.99,2.35,0.0,2.35,9.37,17.55,8.95,80.35
2022-10-08,14.1,14.19,0.0,14.19,11.94,17.09,7.56,89.13
2022-10-09,14.32,19.07,0.0,19.07,11.54,16.82,10.82,91.13
2022-10-10,14.21,1.59,0.0,1.59,10.81,18.2,12.31,84.46
2022-10-11,12.73,0.24,0.0,0.24,8.09,17.71,6.45,83.77
2022-10-12,13.23,0.0,0.0,0.0,9.17,17.57,6.77,85.98
2022-10-13,13.91,0.19,0.0,0.19,10.27,17.97,6.37,83.7
2022-10-14,12.36,0.0,0.0,0.0,7.84,16.4,6.41,83.52
2022-10-15,12.53,0.19,0.0,0.19,9.39,15.74,5.82,85.83
2022-10-16,12.71,6.14,0.0,6.14,11.22,14.37,5.59,93.24
2022-10-17,13.43,3.92,0.0,3.92,12.16,15.69,6.57,93.58
2022-10-18,13.55,0.0,0.0,0.0,10.01,16.9,7.38,87.71
2022-10-19,13.14,1.2,0.0,1.2,9.67,16.8,6.9,91.44
2022-10-20,12.09,8.76,0.0,8.76,9.17,16.08,9.95,85.22
2022-10-21,8.21,1.3,0.0,1.3,4.61,13.34,9.05,78.45
2022-10-22,7.85,0.0,0.0,0.0,2.8,14.51,9.47,77.25
2022-10-23,11.85,0.0,0.0,0.0,5.01,17.87,9.88,64.45
2022-10-24,12.68,0.0,0.0,0.0,7.04,17.69,9.89,80.22
2022-10-25,12.26,0.0,0.0,0.0,5.97,17.31,8.78,81.15
2022-10-26,14.96,0.15,0.0,0.15,7.36,20.47,11.69,76.47
2022-10-27,12.85,0.63,0.0,0.63,9.03,16.99,9.85,83.56
2022-10-28,11.43,0.28,0.0,0.28,5.11,16.18,9.82,80.09
2022-10-29,10.06,0.0,0.0,0.0,3.29,15.82,8.68,82.73
2022-10-30,10.95,0.0,0.0,0.0,3.42,16.55,9.36,79.91
2022-10-31,11.8,0.95,0.0,0.95,4.99,16.49,10.55,80.31
2022-11-01,11.32,1.53,0.0,1.53,6.85,15.7,6.65,79.93
2022-11-02,10.72,0.0,0.0,0.0,2.82,16.43,9.13,76.22
2022-11-03,12.88,1.06,0.0,1.06,5.99,17.58,13.05,71.72
2022-11-04,12.14,0.39,0.0,0.39,6.61,16.87,7.54,81.69
2022-11-05,14.12,0.0,0.0,0.0,6.18,20.17,7.57,70.07
2022-11-06,13.97,0.0,0.0,0.0,5.73,19.34,7.29,66.3
2022-11-07,11.77,1.12,0.0,1.12,5.85,16.1,5.49,78.59
2022-11-08,10.53,4.85,0.0,4.85,7.98,12.96,6.33,89.92
2022-11-09,8.5,0.2,0.0,0.2,5.57,13.19,8.67,80.22
2022-11-10,7.83,0.0,0.0,0.0,1.9,13.68,8.74,78.36
2022-11-11,8.43,0.0,0.0,0.0,2.49,14.14,7.9,82.21
2022-11-12,9.17,0.0,0.0,0.0,3.51,15.1,7.48,82.33
2022-11-13,9.28,0.08,0.0,0.08,2.67,15.08,7.23,83.21
2022-11-14,8.89,0.75,0.0,0.75,4.21,13.96,8.76,80.73
2022-11-15,7.99,0.0,0.0,0.0,2.53,13.11,7.48,81.89
2022-11-16,8.48,0.0,0.0,0.0,1.79,14.02,9.83,76.17
2022-11-17,12.37,0.75,0.0,0.75,4.53,17.12,12.43,61.68
2022-11-18,13.51,3.56,0.0,3.56,9.62,17.69,11.43,70.44
2022-11-19,16.79,0.07,0.0,0.07,12.2,21.06,13.62,59.43
2022-11-20,17.0,0.0,0.0,0.0,11.6,21.82,10.44,60.16
2022-11-21,17.23,0.2,0.0,0.2,13.16,20.7,12.01,53.87
2022-11-22,11.47,5.74,0.0,5.74,7.22,16.32,10.02,77.52
2022-11-23,10.07,1.82,0.0,1.82,5.27,13.88,9.98,71.03
2022-11-24,11.3,0.0,0.0,0.0,7.69,15.39,7.67,77.5
2022-11-25,9.27,12.89,0.0,12.89,7.75,10.93,11.35,92.11
2022-11-26,7.57,6.84,0.0,6.84,5.77,9.78,15.54,86.21
2022-11-27,6.52,0.16,0.0,0.16,3.51,10.44,9.3,81.38
2022-11-28,6.28,0.0,0.0,0.0,2.01,11.22,9.22,80.42
2022-11-29,7.31,0.0,0.0,0.0,3.66,11.3,7.25,80.74
2022-11-30,9.27,0.0,0.0,0.0,3.36,13.9,6.62,83.8
2022-12-01,9.46,0.0,0.0,0.0,4.66,13.61,6.21,88.15
2022-12-02,10.5,1.29,0.0,1.29,6.59,14.93,6.9,88.32
2022-12-03,8.39,3.89,0.0,3.89,6.51,10.1,9.93,94.4
2022-12-04,7.29,1.98,0.0,1.98,5.44,9.79,5.84,92.08
2022-12-05,6.57,4.33,0.0,4.33,3.47,10.67,6.6,88.86
2022-12-06,6.22,0.48,0.0,0.48,2.46,9.52,7.36,89.71
2022-12-07,6.46,0.0,0.0,0.0,2.06,11.16,8.67,84.54
2022-12-08,7.03,0.0,0.0,0.0,1.59,12.23,9.43,76.57
2022-12-09,9.35,1.43,0.0,1.43,5.07,13.11,10.16,72.41
2022-12-10,11.04,1.0,0.0,1.0,7.22,14.32,11.13,69.0
2022-12-11,13.97,0.55,0.0,0.55,10.67,16.49,14.64,66.71
2022-12-12,13.42,6.6,0.0,6.6,9.31,18.17,12.84,70.48
2022-12-13,8.17,10.17,0.0,10.17,4.24,14.04,13.8,86.25
2022-12-14,5.44,6.1,0.0,6.1,3.02,7.4,7.41,88.41
2022-12-15,8.37,4.7,0.0,4.7,4.16,12.77,9.64,84.31
2022-12-16,12.33,5.58,0.0,5.58,8.81,15.53,8.18,88.03
2022-12-17,12.01,0.0,0.0,0.0,8.17,15.93,10.19,73.02
2022-12-18,9.08,2.66,0.0,2.66,5.55,12.15,9.38,85.99
2022-12-19,4.55,17.25,0.0,17.25,2.0,7.91,10.45,93.8
2022-12-20,2.18,2.7,0.0,2.7,-0.01,4.84,10.05,82.9
2022-12-21,3.17,0.0,0.0,0.0,-0.3,7.42,9.3,81.16
2022-12-22,3.42,0.0,0.0,0.0,-0.41,6.93,8.76,84.99
2022-12-23,3.9,0.0,0.0,0.0,-0.08,7.19,9.11,79.2
2022-12-24,4.69,0.0,0.0,0.0,1.33,7.85,9.43,77.71
2022-12-25,5.66,2.32,0.0,2.32,3.05,7.2,9.76,84.36
2022-12-26,4.96,9.36,0.0,9.36,3.8,6.95,14.34,89.84
2022-12-27,5.41,0.04,0.0,0.04,0.42,9.71,9.26,73.48
2022-12-28,6.67,4.77,0.0,4.77,2.86,10.07,13.79,81.07
2022-12-29,3.38,0.0,0.0,0.0,-0.66,8.12,8.46,85.39
2022-12-30,4.9,0.0,0.0,0.0,1.67,7.77,8.75,79.77
2022-12-31,5.8,0.0,0.0,0.0,1.16,9.57,8.96,79.45
2023-01-01,5.19,0.0,0.0,0.0,0.41,9.74,8.85,78.71
2023-01-02,4.01,0.0,0.0,0.0,0.23,7.36,8.63,75.69
2023-01-03,3.33,0.0,0.0,0.0,-1.74,6.79,8.92,69.83
2023-01-04,6.45,0.95,0.0,0.95,-2.13,9.95,12.53,69.95
2023-01-05,6.13,0.18,0.0,0.18,2.65,9.86,6.96,90.34
2023-01-06,6.4,4.66,0.0,4.66,2.92,9.38,13.14,82.82
2023-01-07,4.74,5.69,0.0,5.69,3.08,6.86,10.24,89.57
2023-01-08,4.04,0.47,0.0,0.47,0.71,7.29,7.28,87.21
2023-01-09,2.36,0.0,0.0,0.0,-2.24,7.55,8.39,77.59
2023-01-10,4.79,0.0,0.0,0.0,-0.89,9.59,8.9,67.53
2023-01-11,6.73,0.07,0.0,0.07,3.41,10.49,10.59,66.25
2023-01-12,7.48,0.0,0.0,0.0,3.97,11.49,7.51,74.69
2023-01-13,5.96,0.0,0.0,0.0,1.45,10.01,6.86,86.89
2023-01-14,5.28,0.29,0.0,0.29,1.53,9.28,5.99,85.84
2023-01-15,4.57,0.85,0.0,0.85,1.55,8.27,5.92,88.19
2023-01-16,4.15,0.0,0.0,0.0,-1.48,9.02,7.41,83.17
2023-01-17,8.08,0.0,0.0,0.0,-0.26,13.78,12.9,59.16
2023-01-18,10.81,0.0,0.0,0.0,5.77,16.24,13.62,56.45
2023-01-19,11.31,0.0,0.0,0.0,4.93,16.65,13.11,55.74
2023-01-20,10.2,0.0,0.0,0.0,4.89,15.04,11.15,53.55
2023-01-21,8.84,0.0,0.0,0.0,1.84,13.69,9.57,62.25
2023-01-22,7.28,0.0,0.0,0.0,1.46,12.62,6.29,71.55
2023-01-23,6.34,0.0,0.0,0.0,1.37,11.52,6.79,79.11
2023-01-24,3.73,1.25,0.0,1.25,1.87,6.17,5.43,87.21
2023-01-25,3.94,1.85,0.0,1.85,2.11,7.06,6.02,85.77
2023-01-26,3.78,0.0,0.0,0.0,-2.29,9.04,8.12,78.7
2023-01-27,7.3,1.14,0.0,1.14,3.31,10.94,9.37,65.53
2023-01-28,8.09,2.29,0.0,2.29,3.31,13.19,8.69,71.14
2023-01-29,3.29,5.01,0.0,5.01,0.74,5.46,16.7,87.36
2023-01-30,1.78,2.68,2.68,0.0,0.25,4.41,11.74,84.16
2023-01-31,1.45,3.98,3.98,0.0,-0.11,3.96,8.25,85.63
2023-02-01,0.92,4.83,4.83,0.0,-0.94,3.79,11.53,86.62
2023-02-02,2.12,1.77,0.0,1.77,-0.81,5.45,15.08,75.47
2023-02-03,2.56,2.79,0.0,2.79,-0.4,6.45,13.92,74.59
2023-02-04,2.34,0.3,0.0,0.3,-1.81,5.75,9.16,70.91
2023-02-05,2.24,0.71,0.0,0.71,-0.14,4.77,8.41,74.52
2023-02-06,1.39,8.88,8.88,0.0,-0.45,3.57,15.6,87.24
2023-02-07,-1.09,8.67,8.67,0.0,-3.03,1.89,13.05,82.4
2023-02-08,-1.13,10.84,10.84,0.0,-3.1,1.54,10.91,86.99
2023-02-09,-0.92,5.09,5.09,0.0,-2.6,3.05,7.74,88.38
2023-02-10,-0.38,1.66,1.66,0.0,-2.58,1.6,7.81,83.26
2023-02-11,-0.19,1.66,1.66,0.0,-2.52,2.0,7.78,77.03
2023-02-12,0.47,0.0,0.0,0.0,-3.67,4.87,11.68,66.01
2023-02-13,0.7,1.98,1.98,0.0,-1.5,4.12,13.31,63.59
2023-02-14,0.51,2.64,2.64,0.0,-4.0,4.68,13.35,60.63
2023-02-15,1.49,30.26,30.26,0.0,-0.46,3.04,15.42,76.19
2023-02-16,1.37,13.71,13.71,0.0,-0.74,3.31,14.96,70.72
2023-02-17,3.67,0.0,0.0,0.0,-1.84,9.41,10.93,53.74
2023-02-18,8.29,0.32,0.0,0.32,2.42,12.05,14.8,49.53
2023-02-19,10.11,0.24,0.0,0.24,6.38,14.03,16.55,52.4
2023-02-20,5.29,6.62,0.0,6.62,0.72,9.19,14.64,80.1
2023-02-21,7.06,0.0,0.0,0.0,-0.03,13.79,16.41,53.9
2023-02-22,8.3,0.0,0.0,0.0,3.63,13.07,12.47,61.5
2023-02-23,5.72,0.16,0.0,0.16,1.58,9.98,6.63,74.8
2023-02-24,4.46,0.0,0.0,0.0,-0.87,9.72,6.91,75.69
2023-02-25,9.19,0.06,0.0,0.06,3.38,15.14,10.34,55.52
2023-02-26,12.29,0.0,0.0,0.0,6.94,18.24,13.56,45.9
2023-02-27,13.47,0.0,0.0,0.0,7.39,19.28,11.51,46.77
2023-02-28,9.85,0.02,0.0,0.02,5.43,14.65,6.39,72.06
2023-03-01,7.86,4.77,0.0,4.77,6.07,10.55,4.43,96.3
2023-03-02,6.66,0.98,0.0,0.98,4.89,8.92,5.21,97.81
2023-03-03,6.33,0.16,0.0,0.16,4.66,9.72,4.79,95.61
2023-03-04,6.36,0.61,0.0,0.61,3.81,9.45,7.26,88.71
2023-03-05,7.58,7.67,0.0,7.67,4.18,12.71,5.87,82.28
2023-03-06,5.35,18.41,0.0,18.41,2.11,7.38,11.61,88.95
2023-03-07,7.6,0.14,0.0,0.14,2.38,13.51,10.33,59.83
2023-03-08,9.39,0.81,0.0,0.81,4.61,15.15,9.56,59.03
2023-03-09,10.78,0.28,0.0,0.28,5.93,15.54,8.94,60.12
2023-03-10,11.61,1.11,0.0,1.11,7.72,16.24,11.29,59.49
2023-03-11,13.0,6.38,0.0,6.38,8.17,18.63,14.9,61.82
2023-03-12,7.71,13.33,0.0,13.33,3.56,12.13,11.87,86.21
2023-03-13,3.79,2.4,0.0,2.4,1.91,5.29,8.88,79.36
2023-03-14,4.08,0.15,0.0,0.15,1.47,8.28,6.39,75.22
2023-03-15,6.36,0.0,0.0,0.0,1.83,11.6,5.6,81.79
2023-03-16,7.7,3.39,0.0,3.39,4.11,11.25,5.59,86.59
2023-03-17,6.8,12.32,0.0,12.32,4.0,10.36,8.29,93.31
2023-03-18,6.04,3.67,0.0,3.67,4.14,9.12,5.71,94.84
2023-03-19,6.06,3.94,0.0,3.94,5.17,7.46,5.98,95.65
2023-03-20,5.65,1.22,0.0,1.22,4.28,7.97,10.28,89.27
2023-03-21,6.51,0.04,0.0,0.04,1.3,12.53,4.97,76.45
2023-03-22,7.03,0.76,0.0,0.76,2.73,10.41,4.61,84.3
2023-03-23,6.92,3.86,0.0,3.86,5.45,9.83,5.97,92.48
2023-03-24,7.62,0.0,0.0,0.0,4.61,11.72,6.72,85.14
2023-03-25,8.33,0.0,0.0,0.0,3.87,13.51,5.63,81.75
2023-03-26,9.08,3.43,0.0,3.43,2.7,15.2,10.5,81.05
2023-03-27,11.22,0.11,0.0,0.11,4.99,17.07,9.52,60.47
2023-03-28,9.05,10.93,0.0,10.93,4.73,15.08,17.36,73.54
2023-03-29,1.82,11.1,11.1,0.0,-0.84,4.05,14.99,78.65
2023-03-30,0.04,5.07,5.07,0.0,-2.9,3.8,13.94,74.96
2023-03-31,3.83,0.84,0.0,0.84,-1.69,10.02,9.99,51.71
2023-04-01,11.48,0.98,0.0,0.98,4.04,17.85,9.91,53.81
2023-04-02,11.04,2.1,0.0,2.1,7.81,15.17,8.93,75.94
2023-04-03,12.15,3.13,0.0,3.13,8.75,16.77,7.11,73.81
2023-04-04,14.14,1.17,0.0,1.17,8.4,21.1,10.16,57.33
2023-04-05,8.28,2.97,0.0,2.97,5.49,12.67,15.56,86.22
2023-04-06,7.18,2.86,0.0,2.86,4.93,10.06,6.81,82.97
2023-04-07,6.04,3.17,0.0,3.17,4.35,9.36,6.26,92.09
2023-04-08,7.38,2.99,0.0,2.99,4.15,11.64,7.0,83.36
2023-04-09,8.33,0.0,0.0,0.0,3.39,12.94,5.71,82.22
2023-04-10,8.31,6.45,0.0,6.45,5.11,12.99,5.57,87.84
2023-04-11,8.7,0.47,0.0,0.47,5.37,12.88,7.47,81.8
2023-04-12,8.25,1.3,0.0,1.3,5.75,12.23,6.48,82.17
2023-04-13,7.83,1.41,0.0,1.41,4.95,11.28,13.23,81.08
2023-04-14,13.59,0.0,0.0,0.0,5.31,19.97,11.02,48.43
2023-04-15,15.74,0.67,0.0,0.67,8.58,22.0,8.34,51.69
2023-04-16,12.47,3.01,0.0,3.01,9.37,16.65,7.05,77.1
2023-04-17,11.92,0.36,0.0,0.36,8.49,15.96,6.12,82.84
2023-04-18,12.35,2.07,0.0,2.07,8.86,16.33,8.1,77.02
2023-04-19,10.47,8.33,0.0,8.33,7.88,15.96,8.93,86.86
2023-04-20,9.25,0.43,0.0,0.43,6.58,12.14,11.78,84.81
2023-04-21,9.49,0.61,0.0,0.61,6.38,12.52,14.06,81.32
2023-04-22,10.05,0.67,0.0,0.67,5.61,14.39,13.75,68.21
2023-04-23,8.73,0.0,0.0,0.0,4.42,13.26,5.73,82.24
2023-04-24,8.57,7.21,0.0,7.21,5.51,13.07,5.98,86.01
2023-04-25,10.92,0.0,0.0,0.0,4.55,17.72,7.35,66.18
2023-04-26,12.39,3.06,0.0,3.06,8.62,17.18,8.47,70.39
2023-04-27,10.24,9.5,0.0,9.5,7.6,14.4,9.12,92.27
2023-04-28,7.21,16.65,0.0,16.65,6.1,9.86,16.72,82.5
2023-04-29,7.43,3.75,0.0,3.75,4.99,9.49,16.13,75.58
2023-04-30,8.24,0.86,0.0,0.86,5.43,12.05,13.46,68.75
2023-05-01,10.01,0.0,0.0,0.0,5.29,15.12,13.93,57.02
2023-05-02,9.96,0.0,0.0,0.0,3.68,16.3,9.22,55.33
2023-05-03,11.47,0.0,0.0,0.0,4.62,17.78,8.05,59.32
2023-05-04,13.56,0.0,0.0,0.0,7.38,19.21,7.24,63.74
2023-05-05,13.06,0.43,0.0,0.43,8.03,18.42,7.28,75.12
2023-05-06,10.98,8.36,0.0,8.36,8.14,14.53,5.7,78.17
2023-05-07,10.33,12.66,0.0,12.66,8.85,12.02,9.21,95.12
2023-05-08,10.75,2.21,0.0,2.21,8.31,14.25,9.57,92.53
2023-05-09,10.73,0.4,0.0,0.4,7.67,15.03,9.95,87.92
2023-05-10,9.44,4.16,0.0,4.16,7.13,11.37,6.14,91.3
2023-05-11,9.49,0.04,0.0,0.04,6.54,13.57,8.55,85.41
2023-05-12,9.5,0.16,0.0,0.16,6.73,13.47,6.83,88.69
2023-05-13,12.19,0.02,0.0,0.02,8.14,17.12,10.33,73.5
2023-05-14,12.0,0.0,0.0,0.0,5.72,17.09,10.01,65.52
2023-05-15,13.4,0.0,0.0,0.0,5.67,20.14,7.35,62.99
2023-05-16,15.52,0.0,0.0,0.0,9.11,22.3,6.38,64.02
2023-05-17,15.21,0.78,0.0,0.78,10.59,20.08,7.59,68.15
2023-05-18,13.77,8.29,0.0,8.29,10.65,19.88,6.35,84.72
2023-05-19,12.61,8.46,0.0,8.46,10.65,16.22,8.97,93.63
2023-05-20,13.49,0.26,0.0,0.26,10.33,17.75,8.22,88.21
2023-05-21,13.21,1.26,0.0,1.26,10.1,17.71,5.47,91.39
2023-05-22,13.62,1.54,0.0,1.54,9.71,18.04,5.23,90.46
2023-05-23,13.42,0.89,0.0,0.89,11.36,17.29,4.95,94.24
2023-05-24,13.77,8.79,0.0,8.79,11.14,17.79,5.1,93.79
2023-05-25,14.15,0.05,0.0,0.05,10.15,19.96,5.9,89.1
2023-05-26,14.39,1.59,0.0,1.59,10.77,19.45,5.91,90.88
2023-05-27,15.7,1.83,0.0,1.83,10.66,21.05,5.73,88.03
2023-05-28,15.6,4.31,0.0,4.31,12.86,20.29,5.36,94.17
2023-05-29,15.75,1.76,0.0,1.76,12.57,20.56,5.25,92.15
2023-05-30,15.25,6.74,0.0,6.74,13.41,19.26,6.9,93.74
2023-05-31,15.81,10.06,0.0,10.06,12.21,20.64,11.83,86.48
2023-06-01,16.02,0.0,0.0,0.0,11.01,21.71,10.6,70.36
2023-06-02,16.91,0.0,0.0,0.0,11.11,22.74,7.52,74.4
2023-06-03,15.58,7.46,0.0,7.46,13.4,20.19,6.72,93.04
2023-06-04,15.32,15.8,0.0,15.8,13.57,17.68,8.4,97.05
2023-06-05,15.18,32.2,0.0,32.2,12.98,18.38,8.72,92.35
2023-06-06,16.11,0.11,0.0,0.11,12.66,21.52,7.26,80.75
2023-06-07,16.7,0.0,0.0,0.0,11.64,22.54,6.35,80.79
2023-06-08,17.74,0.0,0.0,0.0,12.09,23.22,6.12,80.32
2023-06-09,17.43,0.26,0.0,0.26,13.18,21.91,6.68,80.5
2023-06-10,18.29,0.04,0.0,0.04,13.23,23.44,8.28,78.25
2023-06-11,18.33,0.0,0.0,0.0,12.56,23.27,8.31,76.82
2023-06-12,18.0,1.32,0.0,1.32,13.83,22.34,7.07,80.47
2023-06-13,17.14,2.48,0.0,2.48,14.45,21.17,7.4,86.03
2023-06-14,17.56,25.99,0.0,25.99,14.05,22.26,8.29,82.94
2023-06-15,17.73,0.0,0.0,0.0,13.25,23.13,10.12,78.59
2023-06-16,19.27,0.0,0.0,0.0,11.98,25.29,7.04,72.47
2023-06-17,18.26,4.92,0.0,4.92,15.19,22.58,5.59,86.99
2023-06-18,19.06,4.95,0.0,4.95,15.25,23.58,7.35,84.84
2023-06-19,18.21,4.04,0.0,4.04,13.88,23.1,9.47,84.96
2023-06-20,17.17,15.84,0.0,15.84,15.21,21.73,11.55,87.5
2023-06-21,19.19,0.07,0.0,0.07,14.82,23.61,9.89,77.0
2023-06-22,19.04,0.0,0.0,0.0,12.85,23.92,9.44,74.3
2023-06-23,19.15,0.0,0.0,0.0,12.77,25.27,8.38,68.27
2023-06-24,20.28,0.0,0.0,0.0,12.26,26.27,7.16,60.34
2023-06-25,21.28,0.0,0.0,0.0,13.31,26.85,6.55,68.61
2023-06-26,20.33,0.85,0.0,0.85,14.99,26.34,9.17,76.72
2023-06-27,19.63,0.33,0.0,0.33,15.04,24.4,9.19,78.59
2023-06-28,19.77,0.07,0.0,0.07,14.09,25.66,6.85,73.54
2023-06-29,18.49,2.0,0.0,2.0,14.16,24.54,9.84,77.0
2023-06-30,19.11,0.0,0.0,0.0,14.05,23.93,12.51,67.61
2023-07-01,20.04,0.0,0.0,0.0,12.82,25.76,7.64,61.5
2023-07-02,21.78,0.0,0.0,0.0,14.16,27.66,8.08,65.02
2023-07-03,22.22,0.04,0.0,0.04,15.2,28.31,6.85,70.26
2023-07-04,22.76,0.0,0.0,0.0,17.65,27.75,6.95,73.82
2023-07-05,23.2,0.0,0.0,0.0,16.49,28.25,7.08,69.36
2023-07-06,23.15,0.0,0.0,0.0,16.35,28.82,7.6,66.96
2023-07-07,22.08,1.02,0.0,1.02,17.3,28.23,12.43,74.47
2023-07-08,20.82,6.79,0.0,6.79,17.89,25.08,14.63,80.61
2023-07-09,18.24,29.48,0.0,29.48,15.73,21.34,14.69,89.2
2023-07-10,19.34,15.38,0.0,15.38,15.8,23.41,14.69,73.91
2023-07-11,20.01,0.36,0.0,0.36,13.6,25.55,12.53,64.78
2023-07-12,22.18,0.04,0.0,0.04,15.64,28.1,9.58,63.75
2023-07-13,22.87,0.0,0.0,0.0,15.19,28.77,8.33,65.27
2023-07-14,24.49,0.0,0.0,0.0,15.97,30.68,8.81,59.27
2023-07-15,22.77,0.0,0.0,0.0,18.24,27.56,11.48,62.29
2023-07-16,20.41,0.0,0.0,0.0,14.5,27.22,8.74,66.73
2023-07-17,21.35,0.0,0.0,0.0,14.45,27.27,10.23,63.16
2023-07-18,21.31,0.0,0.0,0.0,13.29,27.18,9.53,57.6
2023-07-19,21.57,0.0,0.0,0.0,14.63,29.32,9.56,57.34
2023-07-20,22.81,0.0,0.0,0.0,14.48,29.59,9.14,58.74
2023-07-21,23.32,0.04,0.0,0.04,15.9,28.42,8.15,63.31
2023-07-22,23.27,0.0,0.0,0.0,16.75,29.67,7.83,61.55
2023-07-23,25.24,0.33,0.0,0.33,17.4,30.86,9.81,53.19
2023-07-24,22.16,3.08,0.0,3.08,18.18,26.83,10.7,68.91
2023-07-25,21.6,0.0,0.0,0.0,13.59,27.44,8.77,62.69
2023-07-26,24.28,0.0,0.0,0.0,16.08,31.36,7.65,54.56
2023-07-27,25.88,5.81,0.0,5.81,18.06,34.09,12.87,53.45
2023-07-28,19.65,2.76,0.0,2.76,16.0,24.6,17.06,65.84
2023-07-29,19.77,0.0,0.0,0.0,13.26,25.86,9.35,63.53
2023-07-30,21.21,0.0,0.0,0.0,13.86,26.1,8.96,64.06
2023-07-31,21.0,0.0,0.0,0.0,13.15,27.58,7.89,63.28
2023-08-01,21.39,0.0,0.0,0.0,15.99,27.76,9.52,70.7
2023-08-02,23.13,0.0,0.0,0.0,18.06,29.34,7.8,70.7
2023-08-03,24.26,0.0,0.0,0.0,16.55,30.53,8.63,59.2
2023-08-04,24.18,0.0,0.0,0.0,16.8,30.09,8.83,59.7
2023-08-05,23.63,0.0,0.0,0.0,16.54,29.72,8.19,60.49
2023-08-06,26.86,0.0,0.0,0.0,18.16,33.55,8.94,51.94
2023-08-07,24.97,0.0,0.0,0.0,19.36,30.16,11.47,59.37
2023-08-08,22.17,0.0,0.0,0.0,17.16,28.83,9.49,70.1
2023-08-09,21.49,0.31,0.0,0.31,18.34,25.62,10.63,72.44
2023-08-10,22.57,1.28,0.0,1.28,17.18,27.74,8.2,73.6
2023-08-11,21.07,6.89,0.0,6.89,18.85,24.63,10.76,83.62
2023-08-12,22.48,0.0,0.0,0.0,18.2,26.21,9.43,71.89
2023-08-13,24.48,0.0,0.0,0.0,16.62,29.28,9.46,72.24
2023-08-14,23.79,0.0,0.0,0.0,18.23,29.22,7.89,77.49
2023-08-15,24.7,0.0,0.0,0.0,18.66,30.73,8.25,67.23
2023-08-16,24.75,0.0,0.0,0.0,17.61,30.35,7.62,67.0
2023-08-17,24.98,0.0,0.0,0.0,17.32,30.5,7.61,66.95
2023-08-18,24.56,0.0,0.0,0.0,16.38,30.72,8.77,66.56
2023-08-19,24.14,0.0,0.0,0.0,16.3,30.13,8.92,70.59
2023-08-20,23.63,0.0,0.0,0.0,15.58,29.46,9.5,61.42
2023-08-21,23.38,0.0,0.0,0.0,15.96,29.2,11.08,65.5
2023-08-22,23.66,0.0,0.0,0.0,15.97,30.32,10.34,55.98
2023-08-23,23.9,0.0,0.0,0.0,15.7,29.57,8.76,58.24
2023-08-24,22.97,0.0,0.0,0.0,15.38,29.36,9.09,66.16
2023-08-25,22.94,0.0,0.0,0.0,15.43,28.74,9.27,64.55
2023-08-26,22.63,0.0,0.0,0.0,13.97,29.13,9.48,60.63
2023-08-27,22.99,0.0,0.0,0.0,14.53,28.25,9.1,69.01
2023-08-28,22.18,0.0,0.0,0.0,14.69,27.6,9.4,65.31
2023-08-29,22.41,0.0,0.0,0.0,16.15,28.48,10.02,64.93
2023-08-30,24.83,0.0,0.0,0.0,16.97,30.99,8.12,61.04
2023-08-31,25.6,0.0,0.0,0.0,17.32,31.49,9.96,57.22
2023-09-01,23.5,2.27,0.0,2.27,18.24,29.26,11.44,67.68
2023-09-02,22.63,0.02,0.0,0.02,17.55,28.06,9.93,74.01
2023-09-03,21.11,6.03,0.0,6.03,18.32,25.74,9.69,77.56
2023-09-04,19.58,1.95,0.0,1.95,16.7,24.12,9.4,77.97
2023-09-05,20.69,0.0,0.0,0.0,15.93,27.44,8.58,79.76
2023-09-06,21.6,1.7,0.0,1.7,17.8,26.67,7.01,83.86
2023-09-07,21.5,0.0,0.0,0.0,16.92,26.82,9.26,78.96
2023-09-08,19.56,0.0,0.0,0.0,13.13,25.02,9.82,73.08
2023-09-09,18.54,0.0,0.0,0.0,12.15,24.84,9.89,64.78
2023-09-10,17.56,0.0,0.0,0.0,10.9,23.34,11.35,66.75
2023-09-11,16.41,0.0,0.0,0.0,9.06,23.25,9.47,70.43
2023-09-12,16.27,0.0,0.0,0.0,9.17,23.21,10.33,68.6
2023-09-13,17.36,0.0,0.0,0.0,9.52,24.03,10.17,62.9
2023-09-14,17.64,0.0,0.0,0.0,10.01,23.92,9.82,58.59
2023-09-15,18.09,0.0,0.0,0.0,8.99,24.43,8.95,62.3
2023-09-16,18.55,0.0,0.0,0.0,9.85,24.2,9.73,65.31
2023-09-17,18.19,0.08,0.0,0.08,10.93,24.54,9.11,68.74
2023-09-18,16.85,0.0,0.0,0.0,8.94,23.98,9.67,69.85
2023-09-19,16.14,0.0,0.0,0.0,8.96,23.49,9.41,68.71
2023-09-20,18.42,0.0,0.0,0.0,10.57,24.79,8.3,71.99
2023-09-21,18.95,0.0,0.0,0.0,10.47,25.42,8.59,74.26
2023-09-22,20.01,0.0,0.0,0.0,11.18,27.06,8.24,73.9
2023-09-23,20.24,0.0,0.0,0.0,10.68,27.02,8.33,64.08
2023-09-24,20.59,0.0,0.0,0.0,11.18,26.68,8.16,62.77
2023-09-25,20.5,0.0,0.0,0.0,11.89,26.17,8.8,71.28
2023-09-26,19.11,0.0,0.0,0.0,12.14,25.49,9.3,74.29
2023-09-27,19.71,0.0,0.0,0.0,11.28,25.67,8.91,72.92
2023-09-28,18.95,0.17,0.0,0.17,14.12,23.91,6.46,79.65
2023-09-29,18.58,3.39,0.0,3.39,14.6,24.18,8.43,83.72
2023-09-30,17.94,2.89,0.0,2.89,14.75,23.37,8.77,87.44
2023-10-01,17.28,7.78,0.0,7.78,13.99,22.32,10.33,87.77
2023-10-02,16.92,6.02,0.0,6.02,14.81,22.26,12.9,82.81
2023-10-03,14.82,1.2,0.0,1.2,10.54,20.06,10.93,74.11
2023-10-04,14.17,0.0,0.0,0.0,6.48,21.27,9.92,69.79
2023-10-05,15.33,0.0,0.0,0.0,7.37,22.66,9.14,69.84
2023-10-06,16.17,0.0,0.0,0.0,7.83,23.0,9.52,72.65
2023-10-07,16.27,0.67,0.0,0.67,10.35,22.56,9.37,74.68
2023-10-08,17.88,0.0,0.0,0.0,9.48,24.43,13.11,66.93
2023-10-09,12.49,7.77,0.0,7.77,8.4,17.31,12.0,77.64
2023-10-10,13.03,1.56,0.0,1.56,7.02,18.93,10.99,73.62
2023-10-11,12.2,4.66,0.0,4.66,9.47,16.53,9.72,82.78
2023-10-12,12.48,0.0,0.0,0.0,7.3,20.12,9.19,75.54
2023-10-13,14.93,0.0,0.0,0.0,6.56,22.96,9.35,74.17
2023-10-14,14.92,0.0,0.0,0.0,8.15,21.14,8.4,75.79
2023-10-15,15.76,0.0,0.0,0.0,7.07,22.03,9.25,70.13
2023-10-16,15.06,8.24,0.0,8.24,9.74,21.86,16.52,78.27
2023-10-17,11.6,0.25,0.0,0.25,8.72,15.64,8.79,79.38
2023-10-18,10.41,9.87,0.0,9.87,9.15,12.35,7.04,92.85
2023-10-19,12.53,2.45,0.0,2.45,8.68,18.13,8.27,83.02
2023-10-20,15.04,0.0,0.0,0.0,7.52,21.66,10.1,72.46
2023-10-21,19.52,0.0,0.0,0.0,10.94,27.36,11.08,60.54
2023-10-22,18.71,0.0,0.0,0.0,12.94,23.56,10.26,60.38
2023-10-23,19.36,0.0,0.0,0.0,12.07,26.4,9.49,60.5
2023-10-24,17.78,0.0,0.0,0.0,11.25,23.8,8.04,71.22
2023-10-25,16.3,0.0,0.0,0.0,10.45,21.5,8.85,70.42
2023-10-26,18.18,0.0,0.0,0.0,14.63,24.2,10.17,58.35
2023-10-27,20.14,0.04,0.0,0.04,14.76,25.91,11.65,58.65
2023-10-28,19.35,0.0,0.0,0.0,13.74,24.61,12.98,60.52
2023-10-29,17.38,1.68,0.0,1.68,13.58,22.72,7.98,77.75
2023-10-30,17.14,0.0,0.0,0.0,12.52,23.18,7.5,82.9
2023-10-31,17.18,0.0,0.0,0.0,10.97,22.1,7.19,76.85
2023-11-01,17.91,0.53,0.0,0.53,11.47,23.5,8.34,72.72
2023-11-02,15.22,0.9,0.0,0.9,10.36,19.15,8.04,84.16
2023-11-03,16.52,0.35,0.0,0.35,12.32,21.67,13.21,73.53
2023-11-04,19.19,0.0,0.0,0.0,12.98,25.02,11.95,58.35
2023-11-05,19.05,0.17,0.0,0.17,12.1,25.69,13.04,57.7
2023-11-06,15.8,3.04,0.0,3.04,11.56,20.74,15.21,75.48
2023-11-07,16.03,0.11,0.0,0.11,11.0,21.49,9.6,73.99
2023-11-08,15.6,0.0,0.0,0.0,8.95,21.15,9.72,69.75
2023-11-09,12.5,11.82,0.0,11.82,8.93,16.28,13.94,85.49
2023-11-10,11.21,0.0,0.0,0.0,5.69,17.36,10.25,81.26
2023-11-11,16.82,0.0,0.0,0.0,9.51,21.86,14.16,63.31
2023-11-12,14.17,4.79,0.0,4.79,11.16,18.18,16.24,73.2
2023-11-13,11.27,8.73,0.0,8.73,9.56,14.48,8.03,89.34
2023-11-14,11.2,10.5,0.0,10.5,6.42,16.36,13.1,79.01
2023-11-15,11.71,0.0,0.0,0.0,6.64,18.99,11.19,68.89
2023-11-16,9.77,22.86,0.0,22.86,7.59,12.75,14.26,86.27
2023-11-17,9.21,6.87,0.0,6.87,5.65,13.51,10.79,76.94
2023-11-18,10.31,11.74,0.0,11.74,6.08,13.37,12.06,73.36
2023-11-19,6.46,26.82,0.0,26.82,3.92,9.58,23.65,79.51
2023-11-20,5.05,22.03,0.0,22.03,2.99,8.11,22.52,84.99
2023-11-21,8.22,4.2,0.0,4.2,4.05,14.09,15.41,74.86
2023-11-22,11.33,0.04,0.0,0.04,7.35,18.44,13.41,65.8
2023-11-23,9.77,8.85,0.0,8.85,6.97,12.52,9.84,91.74
2023-11-24,12.38,2.43,0.0,2.43,8.69,15.97,12.37,84.61
2023-11-25,13.96,0.46,0.0,0.46,11.11,17.13,22.21,62.29
2023-11-26,10.42,7.63,0.0,7.63,1.76,18.22,28.63,66.56
2023-11-27,2.18,4.28,0.0,4.28,0.16,5.04,22.36,68.69
2023-11-28,5.16,0.09,0.0,0.09,-0.49,10.37,15.48,51.89
2023-11-29,11.17,1.86,0.0,1.86,6.32,16.15,21.99,67.29
2023-11-30,9.8,9.36,0.0,9.36,7.68,13.36,12.14,87.63
2023-12-01,13.39,0.0,0.0,0.0,6.14,18.86,12.39,72.84
2023-12-02,14.74,0.0,0.0,0.0,8.05,20.47,13.25,64.19
2023-12-03,14.42,0.0,0.0,0.0,8.78,19.33,12.62,61.46
2023-12-04,9.69,3.62,0.0,3.62,4.88,14.49,11.02,84.8
2023-12-05,7.65,1.87,0.0,1.87,4.87,10.72,7.27,92.67
2023-12-06,7.62,0.31,0.0,0.31,4.84,10.66,6.98,93.29
2023-12-07,8.6,1.98,0.0,1.98,5.83,11.26,6.52,93.49
2023-12-08,8.26,5.39,0.0,5.39,5.82,10.24,9.24,94.76
2023-12-09,8.65,12.06,0.0,12.06,7.09,11.02,8.38,97.12
2023-12-10,7.33,5.4,0.0,5.4,5.04,10.06,15.1,88.54
2023-12-11,7.0,0.0,0.0,0.0,3.72,10.59,7.07,87.36
2023-12-12,8.01,1.87,0.0,1.87,5.19,11.28,8.22,88.87
2023-12-13,7.18,2.36,0.0,2.36,3.72,11.58,11.37,80.94
2023-12-14,10.37,0.0,0.0,0.0,4.75,15.22,12.66,61.46
2023-12-15,10.47,0.24,0.0,0.24,5.8,14.61,10.29,72.36
2023-12-16,6.95,10.17,0.0,10.17,3.44,9.79,8.52,92.52
2023-12-17,2.8,6.19,0.0,6.19,-0.6,6.32,10.91,87.19
2023-12-18,3.42,0.08,0.0,0.08,-1.23,8.19,11.66,77.32
2023-12-19,5.88,0.0,0.0,0.0,2.04,9.84,9.27,77.31
2023-12-20,6.09,0.0,0.0,0.0,1.07,10.97,9.53,76.33
2023-12-21,8.12,0.0,0.0,0.0,4.49,12.64,10.24,69.52
2023-12-22,7.26,2.7,0.0,2.7,4.1,10.54,9.31,86.62
2023-12-23,6.33,10.38,0.0,10.38,2.93,11.73,25.76,72.76
2023-12-24,1.99,20.1,20.1,0.0,-1.19,5.14,18.5,84.44
2023-12-25,10.05,3.28,0.0,3.28,3.76,15.25,18.96,62.35
2023-12-26,11.77,0.0,0.0,0.0,5.9,16.91,14.85,63.38
2023-12-27,10.28,0.0,0.0,0.0,4.18,15.36,15.35,72.34
2023-12-28,7.95,0.08,0.0,0.08,3.89,12.75,7.83,84.79
2023-12-29,7.33,0.0,0.0,0.0,1.73,12.58,9.57,64.63
2023-12-30,7.13,0.0,0.0,0.0,1.69,12.42,9.7,66.05
2023-12-31,7.21,0.09,0.0,0.09,3.72,10.52,10.63,78.93
2024-01-01,8.62,0.0,0.0,0.0,4.91,13.41,8.8,77.14
2024-01-02,8.54,7.29,0.0,7.29,4.67,11.55,9.94,78.9
2024-01-03,8.69,3.22,0.0,3.22,5.54,12.68,10.26,84.45
2024-01-04,10.32,4.47,0.0,4.47,7.11,15.03,13.99,73.64
2024-01-05,8.57,11.96,0.0,11.96,4.75,12.1,17.09,75.91
2024-01-06,8.01,0.0,0.0,0.0,3.43,13.14,10.72,58.2
2024-01-07,10.75,2.46,0.0,2.46,5.42,16.04,13.69,59.1
2024-01-08,10.13,5.34,0.0,5.34,6.63,14.72,13.04,74.1
2024-01-09,5.7,3.74,0.0,3.74,2.87,8.48,11.5,92.24
2024-01-10,2.97,0.99,0.0,0.99,0.58,5.87,11.38,84.5
2024-01-11,1.67,0.04,0.04,0.0,-0.72,4.65,10.17,80.09
2024-01-12,1.03,7.28,7.28,0.0,-1.31,3.85,16.9,83.61
2024-01-13,-2.01,6.66,6.66,0.0,-3.78,0.29,12.97,79.82
2024-01-14,-0.18,0.0,0.0,0.0,-4.86,5.09,11.94,66.95
2024-01-15,3.48,0.0,0.0,0.0,-3.66,9.11,13.35,59.95
2024-01-16,7.67,2.15,0.0,2.15,2.85,11.17,17.39,73.79
2024-01-17,4.5,0.86,0.0,0.86,1.63,7.81,7.64,89.44
2024-01-18,8.38,0.04,0.0,0.04,3.02,13.81,14.83,67.43
2024-01-19,11.98,0.89,0.0,0.89,7.78,15.34,16.78,67.6
2024-01-20,8.41,2.9,0.0,2.9,2.53,13.95,13.61,81.47
2024-01-21,2.27,11.28,0.0,11.28,0.6,4.32,10.53,88.54
2024-01-22,0.13,1.99,1.99,0.0,-2.51,3.85,9.09,82.47
2024-01-23,-0.32,0.0,0.0,0.0,-4.77,5.31,8.91,77.64
2024-01-24,0.15,0.0,0.0,0.0,-4.67,5.84,8.71,74.42
2024-01-25,2.66,0.8,0.0,0.8,-1.46,6.53,13.14,72.42
2024-01-26,3.43,7.69,0.0,7.69,1.34,6.56,13.88,85.1
2024-01-27,1.98,10.1,10.1,0.0,0.22,4.15,16.45,85.8
2024-01-28,1.39,5.98,5.98,0.0,-0.43,3.37,10.97,88.59
2024-01-29,0.54,6.15,6.15,0.0,-1.97,4.25,9.1,89.8
2024-01-30,0.82,3.06,3.06,0.0,-2.38,4.12,8.79,85.5
2024-01-31,1.8,0.0,0.0,0.0,-3.35,6.88,9.99,81.35
2024-02-01,1.63,0.0,0.0,0.0,-3.37,7.39,7.99,79.3
2024-02-02,3.23,0.0,0.0,0.0,-3.32,8.24,12.59,76.05
2024-02-03,2.99,2.57,0.0,2.57,-0.09,7.54,12.64,78.18
2024-02-04,4.82,0.56,0.0,0.56,1.13,8.33,14.28,69.53
2024-02-05,8.04,0.78,0.0,0.78,4.79,12.23,19.51,68.58
2024-02-06,10.68,0.55,0.0,0.55,8.43,15.0,20.57,60.81
2024-02-07,12.79,0.0,0.0,0.0,4.48,18.14,16.3,52.73
2024-02-08,11.61,0.0,0.0,0.0,6.68,15.81,12.09,63.56
2024-02-09,11.82,0.0,0.0,0.0,4.92,16.87,10.14,65.43
2024-02-10,11.94,0.0,0.0,0.0,4.51,16.99,11.39,59.55
2024-02-11,13.02,0.0,0.0,0.0,6.51,17.73,10.68,53.36
2024-02-12,14.69,0.07,0.0,0.07,8.57,19.74,11.99,49.68
2024-02-13,12.29,1.71,0.0,1.71,7.64,16.64,10.1,61.37
2024-02-14,8.07,1.54,0.0,1.54,6.0,10.71,7.81,90.93
2024-02-15,6.32,6.47,0.0,6.47,5.09,7.56,11.26,96.15
2024-02-16,6.22,2.91,0.0,2.91,4.51,8.61,10.2,91.49
2024-02-17,5.27,4.1,0.0,4.1,3.66,7.35,6.49,94.77
2024-02-18,4.16,3.8,0.0,3.8,3.07,6.19,12.41,87.94
2024-02-19,3.92,0.28,0.0,0.28,2.33,6.61,9.81,85.53
2024-02-20,4.99,0.06,0.0,0.06,2.3,8.23,6.01,85.88
2024-02-21,5.65,2.47,0.0,2.47,1.0,9.08,7.72,85.57
2024-02-22,4.26,0.61,0.0,0.61,0.91,8.5,8.25,80.76
2024-02-23,7.65,0.0,0.0,0.0,0.46,13.43,9.83,64.26
2024-02-24,10.42,0.0,0.0,0.0,3.59,15.44,9.44,62.14
2024-02-25,10.58,0.0,0.0,0.0,3.72,15.6,7.19,67.97
2024-02-26,9.44,0.0,0.0,0.0,4.44,14.26,5.36,71.69
2024-02-27,9.11,0.0,0.0,0.0,4.16,13.53,7.28,78.8
2024-02-28,8.46,0.0,0.0,0.0,2.45,14.04,5.98,81.57
2024-02-29,8.56,0.0,0.0,0.0,2.07,13.94,6.19,77.25
2024-03-01,8.48,0.0,0.0,0.0,4.15,13.72,5.2,75.47
2024-03-02,8.67,0.0,0.0,0.0,4.25,12.24,7.36,81.59
2024-03-03,8.27,0.0,0.0,0.0,5.61,11.19,10.15,87.5
2024-03-04,7.2,0.88,0.0,0.88,4.43,11.06,5.28,91.33
2024-03-05,7.89,5.32,0.0,5.32,3.45,13.97,6.97,85.22
2024-03-06,5.95,19.57,0.0,19.57,4.51,8.42,15.95,91.43
2024-03-07,5.14,3.02,0.0,3.02,2.67,7.7,11.6,83.66
2024-03-08,6.04,0.61,0.0,0.61,1.93,10.81,7.53,86.17
2024-03-09,3.97,8.04,0.0,8.04,2.03,6.09,6.88,89.14
2024-03-10,5.53,1.04,0.0,1.04,0.78,9.9,7.52,79.58
2024-03-11,8.02,0.0,0.0,0.0,0.86,13.39,8.55,72.73
2024-03-12,11.65,0.02,0.0,0.02,5.47,18.42,8.64,64.48
2024-03-13,10.71,0.63,0.0,0.63,6.37,13.89,8.87,72.96
2024-03-14,8.6,2.2,0.0,2.2,6.33,12.13,7.24,86.17
2024-03-15,6.95,3.05,0.0,3.05,4.2,11.0,8.8,90.16
2024-03-16,5.87,9.95,0.0,9.95,4.4,8.27,7.13,91.03
2024-03-17,6.76,1.71,0.0,1.71,3.34,11.45,6.01,87.25
2024-03-18,6.29,3.97,0.0,3.97,1.23,12.41,7.33,85.68
2024-03-19,7.57,0.0,0.0,0.0,1.67,13.12,8.53,77.39
2024-03-20,6.27,8.21,0.0,8.21,2.2,10.41,9.66,86.33
2024-03-21,3.34,6.06,0.0,6.06,0.81,6.17,10.07,87.49
2024-03-22,2.88,9.11,0.0,9.11,0.35,6.76,13.74,89.01
2024-03-23,3.19,6.11,0.0,6.11,1.26,6.8,14.12,86.56
2024-03-24,6.56,0.0,0.0,0.0,0.47,13.14,9.91,72.18
2024-03-25,9.76,7.77,0.0,7.77,2.41,16.26,15.42,67.28
2024-03-26,6.8,2.13,0.0,2.13,3.2,11.13,22.07,70.36
2024-03-27,7.08,0.58,0.0,0.58,2.08,12.78,8.27,72.77
2024-03-28,14.2,1.14,0.0,1.14,7.57,21.14,10.69,61.12
2024-03-29,14.41,0.15,0.0,0.15,10.5,20.08,12.16,69.84
2024-03-30,14.17,0.0,0.0,0.0,8.26,19.82,8.93,60.92
2024-03-31,16.63,0.0,0.0,0.0,10.65,22.43,9.53,52.47
2024-04-01,17.21,0.0,0.0,0.0,10.18,24.04,9.59,52.09
2024-04-02,18.69,0.0,0.0,0.0,11.81,26.49,11.08,44.92
2024-04-03,14.05,0.0,0.0,0.0,9.28,19.22,15.07,59.19
2024-04-04,11.89,0.0,0.0,0.0,5.22,18.18,8.86,71.05
2024-04-05,11.09,1.78,0.0,1.78,5.5,16.5,10.94,72.19
2024-04-06,10.34,0.0,0.0,0.0,3.08,16.49,9.15,64.86
2024-04-07,10.37,0.0,0.0,0.0,3.54,15.46,10.31,71.71
2024-04-08,10.69,0.0,0.0,0.0,4.73,15.63,10.14,76.12
2024-04-09,12.54,0.0,0.0,0.0,5.32,17.58,7.95,80.71
2024-04-10,11.81,0.0,0.0,0.0,7.18,16.68,9.97,81.47
2024-04-11,12.24,0.0,0.0,0.0,8.0,16.43,11.47,81.79
2024-04-12,13.17,0.0,0.0,0.0,9.65,18.37,7.48,85.58
2024-04-13,13.06,0.0,0.0,0.0,8.07,17.94,14.52,80.81
2024-04-14,12.66,0.0,0.0,0.0,7.14,18.68,12.9,72.84
2024-04-15,16.4,0.0,0.0,0.0,7.38,23.5,9.59,58.78
2024-04-16,21.42,0.0,0.0,0.0,10.71,28.22,12.86,40.58
2024-04-17,20.51,0.0,0.0,0.0,13.16,27.51,10.9,42.66
2024-04-18,18.6,0.27,0.0,0.27,13.34,25.62,17.87,53.72
2024-04-19,13.53,1.29,0.0,1.29,10.48,18.05,8.66,81.4
2024-04-20,12.49,2.67,0.0,2.67,8.38,19.68,11.23,84.02
2024-04-21,12.24,0.12,0.0,0.12,8.28,16.42,16.74,69.85
2024-04-22,13.15,0.0,0.0,0.0,6.52,20.09,12.89,70.06
2024-04-23,14.0,0.04,0.0,0.04,8.5,19.26,7.0,77.29
2024-04-24,21.54,0.0,0.0,0.0,14.2,29.41,12.27,45.06
2024-04-25,19.72,0.51,0.0,0.51,13.67,25.74,13.24,50.81
2024-04-26,16.27,1.18,0.0,1.18,11.73,22.43,12.13,76.81
2024-04-27,13.75,0.0,0.0,0.0,9.71,18.5,7.09,87.17
2024-04-28,13.53,3.58,0.0,3.58,11.55,17.66,7.36,91.91
2024-04-29,12.62,1.79,0.0,1.79,11.06,16.05,7.38,96.02
2024-04-30,14.25,0.8,0.0,0.8,11.06,18.7,6.96,92.94
2024-05-01,12.91,3.38,0.0,3.38,10.61,16.14,7.07,90.17
2024-05-02,10.93,7.83,0.0,7.83,9.59,13.2,8.27,94.28
2024-05-03,11.0,9.29,0.0,9.29,9.69,13.33,12.52,94.71
2024-05-04,10.98,7.48,0.0,7.48,8.61,14.31,7.9,90.78
2024-05-05,10.14,3.79,0.0,3.79,5.62,14.22,9.47,77.96
2024-05-06,9.55,0.0,0.0,0.0,2.11,16.08,9.37,70.67
2024-05-07,11.04,0.0,0.0,0.0,3.54,19.13,8.68,63.73
2024-05-08,15.97,0.0,0.0,0.0,5.44,22.73,9.68,54.61
2024-05-09,15.3,0.0,0.0,0.0,8.68,20.1,7.53,74.7
2024-05-10,14.21,1.77,0.0,1.77,9.77,18.86,7.68,85.78
2024-05-11,12.33,4.53,0.0,4.53,9.94,16.24,9.79,89.24
2024-05-12,12.67,2.93,0.0,2.93,9.77,16.77,11.84,75.65
2024-05-13,10.05,1.52,0.0,1.52,5.78,14.44,13.57,84.41
2024-05-14,8.96,1.84,0.0,1.84,4.14,13.68,13.07,78.71
2024-05-15,10.75,0.12,0.0,0.12,4.25,16.84,11.54,74.3
2024-05-16,11.59,0.04,0.0,0.04,6.71,17.66,8.59,77.15
2024-05-17,12.52,1.12,0.0,1.12,5.2,17.23,7.2,79.37
2024-05-18,14.66,0.45,0.0,0.45,7.77,20.8,7.31,83.6
2024-05-19,15.5,0.07,0.0,0.07,9.4,20.59,6.86,82.54
2024-05-20,15.24,0.0,0.0,0.0,9.51,20.76,7.27,78.86
2024-05-21,16.0,0.0,0.0,0.0,9.68,21.36,6.88,74.73
2024-05-22,16.75,0.0,0.0,0.0,9.47,23.59,6.3,74.53
2024-05-23,16.29,2.0,0.0,2.0,11.63,22.76,8.01,79.12
2024-05-24,15.63,0.53,0.0,0.53,12.49,20.2,12.74,82.2
2024-05-25,15.5,1.97,0.0,1.97,10.97,20.25,13.21,83.03
2024-05-26,15.14,1.46,0.0,1.46,10.94,19.3,9.89,84.44
2024-05-27,13.97,1.3,0.0,1.3,9.21,18.49,7.64,87.21
2024-05-28,15.22,2.37,0.0,2.37,11.89,19.84,7.33,86.57
2024-05-29,16.55,0.0,0.0,0.0,10.53,21.92,8.23,79.51
2024-05-30,17.52,0.88,0.0,0.88,12.01,23.55,7.24,78.36
2024-05-31,18.47,0.07,0.0,0.07,12.57,24.02,8.82,74.53
2024-06-01,20.75,2.37,0.0,2.37,12.32,26.8,9.32,65.17
2024-06-02,22.87,0.0,0.0,0.0,14.62,28.17,8.7,61.31
2024-06-03,22.67,0.0,0.0,0.0,14.8,28.14,7.76,68.45
2024-06-04,23.34,0.09,0.0,0.09,16.02,29.75,7.75,67.77
2024-06-05,23.91,0.15,0.0,0.15,17.4,29.3,9.92,68.67
2024-06-06,22.83,0.3,0.0,0.3,15.4,28.6,8.88,72.64
2024-06-07,21.5,0.0,0.0,0.0,15.7,26.53,8.49,76.88
2024-06-08,20.58,0.23,0.0,0.23,15.46,25.64,7.93,75.25
2024-06-09,21.3,0.0,0.0,0.0,13.58,26.09,8.58,72.09
2024-06-10,21.63,0.0,0.0,0.0,15.2,28.15,8.77,65.07
2024-06-11,23.15,0.0,0.0,0.0,16.25,30.2,7.48,60.06
2024-06-12,24.74,0.0,0.0,0.0,18.35,31.67,9.9,58.14
2024-06-13,24.2,0.0,0.0,0.0,18.72,30.84,7.81,68.33
2024-06-14,23.89,2.43,0.0,2.43,18.88,32.11,10.53,68.41
2024-06-15,19.74,2.37,0.0,2.37,16.7,23.68,18.66,77.25
2024-06-16,20.74,0.05,0.0,0.05,14.53,25.75,11.79,74.31
2024-06-17,21.02,0.0,0.0,0.0,14.06,27.26,8.48,73.62
2024-06-18,22.27,0.0,0.0,0.0,14.34,27.14,9.21,72.95
2024-06-19,21.76,0.0,0.0,0.0,14.62,27.68,9.14,72.9
2024-06-20,22.76,0.0,0.0,0.0,14.79,28.73,8.4,72.09
2024-06-21,21.78,0.0,0.0,0.0,15.97,27.8,9.05,70.73
2024-06-22,20.74,0.0,0.0,0.0,15.05,27.2,9.04,69.1
2024-06-23,21.88,0.0,0.0,0.0,12.65,27.66,8.37,65.33
2024-06-24,22.22,0.0,0.0,0.0,13.97,28.02,7.98,68.39
2024-06-25,22.53,0.04,0.0,0.04,16.77,27.67,10.66,76.23
2024-06-26,20.72,0.32,0.0,0.32,15.7,26.41,10.61,76.38
2024-06-27,21.53,0.0,0.0,0.0,12.84,27.8,8.8,65.65
2024-06-28,21.47,0.0,0.0,0.0,13.58,27.1,10.13,65.34
2024-06-29,19.78,0.0,0.0,0.0,13.59,25.66,10.96,69.79
2024-06-30,20.14,0.0,0.0,0.0,14.03,26.26,11.19,70.82
2024-07-01,21.02,0.0,0.0,0.0,15.34,26.85,12.67,70.49
2024-07-02,21.94,0.0,0.0,0.0,15.52,28.54,10.05,64.35
2024-07-03,23.04,0.0,0.0,0.0,16.6,30.03,7.85,59.59
2024-07-04,22.69,4.01,0.0,4.01,18.23,28.69,8.48,74.18
2024-07-05,20.69,1.63,0.0,1.63,17.42,25.0,12.53,83.33
2024-07-06,20.62,1.56,0.0,1.56,16.34,25.76,11.8,82.65
2024-07-07,22.68,0.0,0.0,0.0,17.11,28.09,12.45,75.41
2024-07-08,23.27,0.0,0.0,0.0,17.78,29.3,12.91,75.22
2024-07-09,23.36,0.93,0.0,0.93,18.74,28.41,12.24,77.17
2024-07-10,23.24,4.49,0.0,4.49,18.8,28.53,10.28,79.31
2024-07-11,23.03,0.84,0.0,0.84,18.91,28.0,7.68,82.96
2024-07-12,23.45,5.73,0.0,5.73,19.29,28.53,9.8,80.87
2024-07-13,24.41,0.74,0.0,0.74,18.57,29.55,10.38,77.49
2024-07-14,23.51,0.0,0.0,0.0,18.31,30.83,12.05,69.76
2024-07-15,23.59,0.0,0.0,0.0,17.55,29.05,12.77,65.36
2024-07-16,24.9,0.78,0.0,0.78,18.25,29.54,11.3,71.54
2024-07-17,25.18,1.9,0.0,1.9,19.33,30.91,10.9,75.31
2024-07-18,26.32,0.0,0.0,0.0,19.56,31.57,12.51,72.54
2024-07-19,26.13,0.0,0.0,0.0,19.14,31.46,13.64,68.91
2024-07-20,24.75,0.28,0.0,0.28,19.16,31.46,11.28,74.83
2024-07-21,24.82,0.0,0.0,0.0,18.44,31.35,8.12,75.43
2024-07-22,25.51,0.0,0.0,0.0,19.09,31.89,9.02,71.93
2024-07-23,25.44,0.91,0.0,0.91,18.14,31.3,10.38,72.44
2024-07-24,24.43,0.83,0.0,0.83,18.6,29.54,10.21,74.37
2024-07-25,24.74,0.0,0.0,0.0,16.6,29.94,9.77,69.97
2024-07-26,20.4,22.59,0.0,22.59,17.91,24.54,9.5,87.6
2024-07-27,19.64,19.95,0.0,19.95,16.97,23.5,14.44,84.93
2024-07-28,23.15,0.11,0.0,0.11,17.16,28.84,11.25,76.01
2024-07-29,23.21,0.0,0.0,0.0,14.51,29.93,10.09,63.38
2024-07-30,22.71,0.3,0.0,0.3,14.81,27.98,12.72,68.5
2024-07-31,21.07,0.19,0.0,0.19,15.03,26.29,11.01,73.99
2024-08-01,21.6,0.0,0.0,0.0,14.79,28.02,8.94,73.64
2024-08-02,23.07,0.0,0.0,0.0,14.43,28.79,8.73,75.2
2024-08-03,23.2,0.0,0.0,0.0,15.32,30.0,8.38,71.18
2024-08-04,24.33,0.0,0.0,0.0,15.92,29.84,11.68,69.18
2024-08-05,23.35,1.98,0.0,1.98,17.84,28.62,11.86,72.4
2024-08-06,23.33,0.02,0.0,0.02,16.09,28.92,9.45,71.95
2024-08-07,22.5,0.5,0.0,0.5,15.59,28.4,10.59,72.54
2024-08-08,22.61,0.0,0.0,0.0,15.86,28.89,9.49,76.43
2024-08-09,23.34,0.0,0.0,0.0,17.47,29.91,8.28,78.63
2024-08-10,23.87,0.57,0.0,0.57,17.98,29.34,8.61,75.73
2024-08-11,24.4,0.0,0.0,0.0,17.27,29.61,10.73,70.32
2024-08-12,22.83,0.0,0.0,0.0,16.58,29.01,12.46,69.5
2024-08-13,23.5,0.0,0.0,0.0,17.19,31.35,9.28,62.85
2024-08-14,23.25,0.0,0.0,0.0,16.53,30.64,9.26,61.21
2024-08-15,21.94,0.0,0.0,0.0,15.45,28.87,9.02,71.68
2024-08-16,20.57,0.0,0.0,0.0,14.2,27.82,10.66,69.11
2024-08-17,20.27,0.0,0.0,0.0,13.52,27.36,11.58,70.62
2024-08-18,21.36,0.0,0.0,0.0,13.94,28.99,8.59,68.1
2024-08-19,22.83,0.0,0.0,0.0,16.4,29.78,8.38,69.32
2024-08-20,23.74,0.0,0.0,0.0,17.78,30.35,7.82,69.26
2024-08-21,23.27,1.09,0.0,1.09,18.22,29.09,7.77,73.06
2024-08-22,23.33,1.38,0.0,1.38,19.18,28.91,10.35,77.61
2024-08-23,22.66,0.0,0.0,0.0,18.17,29.14,11.35,80.35
2024-08-24,22.28,2.65,0.0,2.65,17.86,28.41,12.64,77.53
2024-08-25,22.75,0.48,0.0,0.48,17.92,27.78,12.98,74.51
2024-08-26,20.75,4.05,0.0,4.05,16.99,25.5,12.97,82.33
2024-08-27,22.29,0.11,0.0,0.11,16.34,27.67,10.36,76.61
2024-08-28,20.31,1.11,0.0,1.11,16.66,26.59,8.48,74.7
2024-08-29,21.88,0.85,0.0,0.85,16.27,27.88,8.94,74.13
2024-08-30,21.69,0.0,0.0,0.0,16.87,28.06,9.55,74.73
2024-08-31,21.51,0.0,0.0,0.0,17.27,28.0,9.21,75.81
2024-09-01,21.14,0.0,0.0,0.0,17.47,27.66,9.4,77.75
2024-09-02,21.06,0.19,0.0,0.19,17.35,25.9,8.95,79.37
2024-09-03,21.66,0.0,0.0,0.0,16.54,27.23,9.89,79.75
2024-09-04,22.48,0.56,0.0,0.56,16.83,27.93,11.07,82.25
2024-09-05,21.65,0.02,0.0,0.02,16.6,27.44,10.43,81.05
2024-09-06,21.48,0.12,0.0,0.12,16.53,27.43,9.0,81.1
2024-09-07,20.15,2.3,0.0,2.3,16.48,26.77,8.73,84.73
2024-09-08,19.41,12.28,0.0,12.28,16.36,24.27,8.34,88.01
2024-09-09,20.1,5.8,0.0,5.8,15.4,25.77,8.84,83.66
2024-09-10,22.33,0.12,0.0,0.12,15.72,27.75,8.2,77.55
2024-09-11,23.58,1.79,0.0,1.79,16.02,29.42,8.39,71.04
2024-09-12,21.19,2.64,0.0,2.64,17.36,26.12,9.7,78.73
2024-09-13,21.22,0.0,0.0,0.0,15.67,27.18,8.41,74.88
2024-09-14,23.39,0.0,0.0,0.0,16.14,28.49,8.2,71.86
2024-09-15,23.17,2.97,0.0,2.97,16.0,28.81,9.9,75.3
2024-09-16,19.18,10.14,0.0,10.14,16.07,23.26,12.02,82.02
2024-09-17,19.2,0.0,0.0,0.0,13.13,24.74,10.89,78.1
2024-09-18,18.91,0.67,0.0,0.67,13.45,23.63,9.25,81.87
2024-09-19,16.85,8.78,0.0,8.78,14.32,21.69,8.69,89.87
2024-09-20,17.51,5.61,0.0,5.61,12.62,22.32,10.68,84.87
2024-09-21,16.17,4.94,0.0,4.94,12.58,20.55,9.55,84.48
2024-09-22,15.65,2.05,0.0,2.05,12.45,20.26,12.51,83.85
2024-09-23,16.16,10.66,0.0,10.66,13.53,20.4,15.57,86.75
2024-09-24,18.16,0.05,0.0,0.05,12.21,24.14,10.64,80.06
2024-09-25,18.3,0.0,0.0,0.0,11.34,23.34,7.98,81.39
2024-09-26,18.62,0.0,0.0,0.0,11.87,24.25,7.61,80.59
2024-09-27,19.46,0.0,0.0,0.0,11.72,25.01,7.29,78.72
2024-09-28,19.95,0.0,0.0,0.0,12.98,25.71,6.11,73.51
2024-09-29,20.46,0.0,0.0,0.0,12.15,25.87,8.34,75.16
2024-09-30,16.12,15.57,0.0,15.57,12.83,20.53,14.62,83.52
2024-10-01,13.13,22.92,0.0,22.92,11.13,16.55,17.19,80.78
2024-10-02,14.87,16.92,0.0,16.92,12.07,18.61,15.55,84.86
2024-10-03,15.36,0.19,0.0,0.19,10.47,21.14,8.17,84.94
2024-10-04,18.47,0.0,0.0,0.0,11.32,23.89,8.18,76.43
2024-10-05,19.34,0.0,0.0,0.0,14.02,25.29,8.09,71.82
2024-10-06,19.94,0.07,0.0,0.07,14.85,25.27,8.21,70.73
2024-10-07,17.49,2.78,0.0,2.78,14.12,22.65,12.56,81.92
2024-10-08,15.97,0.0,0.0,0.0,12.16,21.06,7.15,85.1
2024-10-09,16.8,0.0,0.0,0.0,11.83,23.29,8.21,83.64
2024-10-10,17.62,0.0,0.0,0.0,13.23,23.12,9.56,76.27
2024-10-11,17.82,0.0,0.0,0.0,12.69,24.09,8.58,75.88
2024-10-12,18.35,4.79,0.0,4.79,14.55,24.23,8.07,82.4
2024-10-13,15.4,11.08,0.0,11.08,12.3,18.34,11.81,89.52
2024-10-14,14.15,0.02,0.0,0.02,10.41,19.08,8.87,86.37
2024-10-15,14.21,0.0,0.0,0.0,9.23,19.76,8.94,82.35
2024-10-16,12.84,13.24,0.0,13.24,9.02,18.09,11.86,86.75
2024-10-17,9.22,9.31,0.0,9.31,6.8,12.49,12.42,88.89
2024-10-18,6.86,17.21,0.0,17.21,5.02,10.18,14.39,88.12
2024-10-19,7.21,10.79,0.0,10.79,4.91,11.32,16.08,86.68
2024-10-20,7.81,18.21,0.0,18.21,5.95,11.0,13.6,88.49
2024-10-21,9.02,7.84,0.0,7.84,6.06,12.23,14.53,87.69
2024-10-22,10.17,1.51,0.0,1.51,6.5,13.91,9.83,83.92
2024-10-23,10.41,0.0,0.0,0.0,4.47,16.5,9.27,83.92
2024-10-24,10.4,0.0,0.0,0.0,4.52,15.73,10.23,86.71
2024-10-25,11.37,0.39,0.0,0.39,7.41,15.9,10.4,85.11
2024-10-26,10.16,0.0,0.0,0.0,5.12,15.44,10.54,82.91
2024-10-27,10.55,0.0,0.0,0.0,4.17,16.24,8.1,83.77
2024-10-28,11.25,0.0,0.0,0.0,3.43,17.36,9.05,83.44
2024-10-29,11.58,0.0,0.0,0.0,4.6,16.44,10.32,84.04
2024-10-30,11.72,1.69,0.0,1.69,8.65,15.37,8.11,88.03
2024-10-31,11.13,0.86,0.0,0.86,8.67,15.67,10.14,88.42
2024-11-01,11.19,4.41,0.0,4.41,5.91,16.54,9.5,84.12
2024-11-02,10.74,0.0,0.0,0.0,5.75,15.98,9.12,82.74
2024-11-03,8.3,6.62,0.0,6.62,4.79,10.85,11.5,82.51
2024-11-04,6.58,0.28,0.0,0.28,1.43,12.06,13.27,75.32
2024-11-05,6.41,4.41,0.0,4.41,4.07,9.52,12.21,80.52
2024-11-06,5.54,0.16,0.0,0.16,0.76,11.12,10.24,79.61
2024-11-07,6.14,0.0,0.0,0.0,0.92,13.08,9.39,79.11
2024-11-08,6.69,0.0,0.0,0.0,1.9,14.39,8.52,82.61
2024-11-09,6.65,0.0,0.0,0.0,2.41,13.01,8.79,87.92
2024-11-10,7.46,0.0,0.0,0.0,2.52,15.36,7.88,88.25
2024-11-11,10.54,0.24,0.0,0.24,6.79,15.26,4.99,90.07
2024-11-12,11.02,0.04,0.0,0.04,8.71,14.77,2.97,90.82
2024-11-13,10.26,0.07,0.0,0.07,7.26,15.35,5.61,90.61
2024-11-14,10.21,0.91,0.0,0.91,7.2,13.98,4.99,91.52
2024-11-15,9.22,7.44,0.0,7.44,7.47,11.48,5.42,91.74
2024-11-16,8.78,10.41,0.0,10.41,6.46,11.12,5.75,90.25
2024-11-17,7.89,0.04,0.0,0.04,4.12,12.47,7.47,91.2
2024-11-18,9.63,1.94,0.0,1.94,7.06,13.33,8.15,91.06
2024-11-19,9.82,0.79,0.0,0.79,7.41,12.17,7.76,88.47
2024-11-20,10.79,0.0,0.0,0.0,6.48,16.48,10.78,80.69
2024-11-21,13.78,4.14,0.0,4.14,6.3,19.78,26.71,63.68
2024-11-22,11.19,0.86,0.0,0.86,6.8,19.06,7.0,86.18
2024-11-23,11.54,15.25,0.0,15.25,2.29,20.72,18.71,78.3
2024-11-24,3.61,24.49,0.0,24.49,0.54,6.26,10.35,86.94
2024-11-25,2.38,6.54,0.0,6.54,0.45,4.51,9.16,91.74
2024-11-26,3.88,5.4,0.0,5.4,1.17,7.03,11.49,91.2
2024-11-27,4.78,0.0,0.0,0.0,0.37,9.67,11.63,83.73
2024-11-28,5.85,3.37,0.0,3.37,4.57,7.53,8.48,94.16
2024-11-29,6.85,0.0,0.0,0.0,4.8,9.71,8.32,88.04
2024-11-30,6.66,0.0,0.0,0.0,4.67,9.47,8.38,85.39
2024-12-01,5.52,0.0,0.0,0.0,2.14,10.4,8.61,85.81
2024-12-02,5.22,0.0,0.0,0.0,2.46,8.45,8.38,91.21
2024-12-03,4.34,0.0,0.0,0.0,1.91,7.95,9.0,89.78
2024-12-04,4.98,1.23,0.0,1.23,3.13,7.55,7.07,94.24
2024-12-05,6.31,0.93,0.0,0.93,4.9,8.06,6.09,91.18
2024-12-06,6.3,0.0,0.0,0.0,3.18,9.38,7.94,89.06
2024-12-07,8.21,0.08,0.0,0.08,6.21,10.25,8.56,80.18
2024-12-08,10.41,0.93,0.0,0.93,8.12,13.74,11.26,68.39
2024-12-09,11.33,0.19,0.0,0.19,9.04,15.89,10.58,69.86
2024-12-10,11.3,0.0,0.0,0.0,7.91,15.19,9.07,74.21
2024-12-11,8.47,0.0,0.0,0.0,5.89,11.51,8.77,87.85
2024-12-12,6.05,5.27,0.0,5.27,4.0,7.62,14.65,90.32
2024-12-13,3.92,3.1,0.0,3.1,2.2,5.65,20.39,88.87
2024-12-14,3.25,0.51,0.0,0.51,0.38,7.08,9.84,76.48
2024-12-15,4.65,0.42,0.0,0.42,0.33,8.93,11.9,75.35
2024-12-16,4.38,9.09,0.0,9.09,2.49,7.89,12.64,92.25
2024-12-17,7.74,0.0,0.0,0.0,3.18,12.02,13.35,78.6
2024-12-18,9.38,0.63,0.0,0.63,5.49,11.85,15.55,85.43
2024-12-19,6.37,0.0,0.0,0.0,3.11,11.61,10.24,88.7
2024-12-20,6.82,0.0,0.0,0.0,3.6,11.31,10.97,81.66
2024-12-21,8.68,3.59,0.0,3.59,4.61,13.48,9.66,77.6
2024-12-22,7.71,4.82,0.0,4.82,4.46,11.36,15.64,93.0
2024-12-23,6.63,0.0,0.0,0.0,3.43,10.41,8.86,85.08
2024-12-24,10.34,1.34,0.0,1.34,7.86,12.86,8.71,67.76
2024-12-25,11.69,0.41,0.0,0.41,8.85,15.53,7.4,65.27
2024-12-26,9.48,0.65,0.0,0.65,6.15,13.86,6.8,87.7
2024-12-27,4.26,10.44,0.0,10.44,2.55,6.77,8.35,94.94
2024-12-28,4.4,1.99,0.0,1.99,2.47,6.79,7.74,94.31
2024-12-29,5.34,0.1,0.0,0.1,4.19,6.92,5.58,88.44
2024-12-30,4.76,0.55,0.0,0.55,3.4,5.98,6.22,83.47
2024-12-31,3.89,0.0,0.0,0.0,0.45,8.86,9.66,85.0
2025-01-01,4.42,0.0,0.0,0.0,1.02,10.19,10.17,84.17
2025-01-02,5.65,0.0,0.0,0.0,2.21,11.42,10.97,74.0
2025-01-03,6.56,0.0,0.0,0.0,2.15,13.37,13.12,68.05
2025-01-04,7.29,8.62,0.0,8.62,2.44,11.52,12.86,81.88
2025-01-05,4.25,2.51,0.0,2.51,2.63,6.37,5.37,90.56
2025-01-06,3.44,0.0,0.0,0.0,-0.37,8.62,9.79,83.92
2025-01-07,6.52,0.0,0.0,0.0,2.62,13.45,10.86,72.55
2025-01-08,9.52,0.0,0.0,0.0,5.2,15.67,12.45,68.24
2025-01-09,9.5,0.0,0.0,0.0,5.81,14.96,10.85,74.9
2025-01-10,8.38,0.0,0.0,0.0,5.35,14.15,10.78,74.27
2025-01-11,7.42,1.0,0.0,1.0,4.89,10.66,9.61,81.25
2025-01-12,6.51,3.5,0.0,3.5,4.84,8.55,3.2,95.75
2025-01-13,4.73,12.22,0.0,12.22,2.84,8.1,8.26,96.75
2025-01-14,3.36,4.45,0.0,4.45,2.41,4.71,5.11,92.92
2025-01-15,4.53,3.6,0.0,3.6,2.56,6.89,5.98,92.86
2025-01-16,4.56,3.28,0.0,3.28,3.04,6.85,6.74,94.24
2025-01-17,4.66,0.0,0.0,0.0,1.65,9.14,14.26,88.57
2025-01-18,6.72,0.0,0.0,0.0,2.61,10.53,16.54,80.37
2025-01-19,7.9,1.05,0.0,1.05,5.22,11.14,19.35,81.23
2025-01-20,5.72,0.18,0.0,0.18,2.11,9.93,9.95,79.99
2025-01-21,4.48,0.0,0.0,0.0,0.24,10.16,8.64,82.41
2025-01-22,7.29,0.04,0.0,0.04,4.51,10.6,6.11,78.86
2025-01-23,6.86,3.99,0.0,3.99,4.53,9.54,5.03,91.98
2025-01-24,7.61,0.23,0.0,0.23,4.71,11.69,9.47,82.14
2025-01-25,7.9,4.14,0.0,4.14,5.68,10.76,8.95,86.47
2025-01-26,8.44,0.0,0.0,0.0,5.39,11.78,4.6,92.13
2025-01-27,5.55,0.0,0.0,0.0,1.67,10.82,6.46,92.08
2025-01-28,4.55,0.0,0.0,0.0,2.44,7.56,5.21,89.03
2025-01-29,6.11,0.0,0.0,0.0,2.3,12.14,9.59,69.85
2025-01-30,6.57,0.0,0.0,0.0,2.91,13.1,12.37,68.07
2025-01-31,6.23,0.0,0.0,0.0,2.51,12.46,8.26,75.33
2025-02-01,5.78,0.07,0.0,0.07,1.51,11.58,8.83,82.54
2025-02-02,6.02,0.71,0.0,0.71,3.96,9.72,7.92,90.27
2025-02-03,5.4,1.55,0.0,1.55,1.62,10.45,11.35,88.56
2025-02-04,2.53,6.62,0.0,6.62,0.12,5.41,11.58,88.56
2025-02-05,-0.2,3.99,3.99,0.0,-1.74,1.88,11.01,92.72
2025-02-06,-0.88,11.34,11.34,0.0,-2.42,1.79,11.43,89.42
2025-02-07,-0.14,8.24,8.24,0.0,-1.6,1.85,9.38,92.64
2025-02-08,0.69,5.09,5.09,0.0,-0.5,2.43,10.65,93.95
2025-02-09,0.67,3.06,3.06,0.0,-0.64,2.21,10.56,93.65
2025-02-10,0.5,5.39,5.39,0.0,-1.39,3.29,8.11,92.01
2025-02-11,0.14,1.58,1.58,0.0,-1.8,2.81,8.47,88.7
2025-02-12,1.08,3.33,3.33,0.0,-0.75,3.37,9.84,93.45
2025-02-13,1.58,2.5,2.5,0.0,-0.94,4.45,10.88,91.25
2025-02-14,1.48,0.0,0.0,0.0,-3.48,6.82,10.23,76.94
2025-02-15,6.17,1.4,0.0,1.4,2.4,11.98,10.74,78.34
2025-02-16,4.19,5.88,0.0,5.88,2.17,6.67,5.71,95.73
2025-02-17,2.61,14.47,0.0,14.47,0.4,4.83,7.69,95.99
2025-02-18,0.98,5.23,5.23,0.0,0.03,2.32,5.66,90.87
2025-02-19,0.55,1.08,1.08,0.0,-0.76,2.16,7.79,79.56
2025-02-20,-2.58,6.9,6.9,0.0,-5.75,-0.03,11.71,86.73
2025-02-21,-4.37,8.96,8.96,0.0,-7.8,-0.27,13.65,87.67
2025-02-22,-4.43,18.54,18.54,0.0,-6.74,-2.14,10.95,90.66
2025-02-23,-4.65,11.61,11.61,0.0,-6.72,-1.51,11.09,92.83
2025-02-24,-3.24,2.64,2.64,0.0,-6.87,1.06,13.81,81.86
2025-02-25,-1.83,0.2,0.2,0.0,-7.39,3.94,15.4,69.54
2025-02-26,1.44,2.92,2.92,0.0,-1.29,5.78,11.49,80.62
2025-02-27,2.07,0.0,0.0,0.0,-2.92,8.35,8.83,78.55
2025-02-28,3.93,1.98,0.0,1.98,1.22,7.97,6.85,86.31
2025-03-01,3.76,0.0,0.0,0.0,0.8,7.58,6.07,83.93
2025-03-02,3.63,0.61,0.0,0.61,-0.8,8.57,7.75,84.75
2025-03-03,3.04,7.82,0.0,7.82,0.85,5.34,10.99,92.05
2025-03-04,2.79,0.23,0.0,0.23,-0.26,7.04,8.35,80.4
2025-03-05,2.99,0.0,0.0,0.0,-2.45,10.7,10.4,77.81
2025-03-06,4.84,0.0,0.0,0.0,-0.59,11.71,10.54,72.86
2025-03-07,5.75,0.0,0.0,0.0,-0.22,12.76,9.17,64.01
2025-03-08,5.96,0.0,0.0,0.0,1.06,12.25,7.64,78.55
2025-03-09,6.48,0.0,0.0,0.0,1.8,13.09,7.74,81.55
2025-03-10,8.3,0.0,0.0,0.0,2.07,15.59,9.35,72.1
2025-03-11,11.28,0.0,0.0,0.0,4.98,20.3,11.35,56.42
2025-03-12,13.11,0.0,0.0,0.0,6.12,22.16,11.73,47.67
2025-03-13,16.01,0.0,0.0,0.0,10.53,21.99,11.03,41.3
2025-03-14,16.93,0.0,0.0,0.0,12.53,22.36,8.74,37.91
2025-03-15,17.0,0.0,0.0,0.0,11.02,24.25,9.57,45.08
2025-03-16,18.39,0.0,0.0,0.0,12.45,25.16,11.09,42.14
2025-03-17,13.96,0.0,0.0,0.0,8.52,20.11,12.44,61.06
2025-03-18,7.1,0.0,0.0,0.0,3.43,9.68,11.31,86.3
2025-03-19,2.43,0.0,0.0,0.0,0.76,4.33,10.03,79.35
2025-03-20,1.28,0.0,0.0,0.0,-1.56,4.08,8.62,85.97
2025-03-21,2.2,0.0,0.0,0.0,0.11,4.93,10.58,81.48
2025-03-22,4.43,0.0,0.0,0.0,0.88,8.75,9.37,79.64
2025-03-23,5.59,0.0,0.0,0.0,-1.01,13.57,7.8,71.44
2025-03-24,10.96,0.0,0.0,0.0,6.07,15.47,7.55,62.03
2025-03-25,15.7,0.0,0.0,0.0,11.38,21.5,9.15,55.2
2025-03-26,13.53,0.0,0.0,0.0,9.4,18.6,7.4,60.34
2025-03-27,12.93,0.0,0.0,0.0,7.89,18.89,7.86,65.16
2025-03-28,13.85,0.07,0.0,0.07,8.71,19.55,6.29,72.46
2025-03-29,12.63,0.0,0.0,0.0,8.02,18.06,10.68,79.47
2025-03-30,10.51,1.59,0.0,1.59,6.75,15.77,7.02,86.1
2025-03-31,9.03,3.92,0.0,3.92,6.91,13.64,5.25,93.28
2025-04-01,10.54,0.15,0.0,0.15,6.19,15.41,11.98,84.02
2025-04-02,9.51,2.65,0.0,2.65,7.19,13.63,7.98,92.71
2025-04-03,7.99,7.97,0.0,7.97,5.9,10.66,16.33,94.86
2025-04-04,8.09,0.66,0.0,0.66,4.06,11.99,6.0,90.64
2025-04-05,8.43,2.08,0.0,2.08,7.06,11.53,4.73,93.85
2025-04-06,9.52,3.03,0.0,3.03,5.06,15.11,8.89,82.05
2025-04-07,7.64,5.17,0.0,5.17,2.79,12.14,8.64,90.4
2025-04-08,3.86,4.44,0.0,4.44,1.63,6.54,8.88,85.22
2025-04-09,3.07,4.19,0.0,4.19,0.92,5.93,8.45,87.37
2025-04-10,4.35,0.02,0.0,0.02,-1.14,9.88,11.41,69.46
2025-04-11,1.45,6.82,6.82,0.0,-2.21,5.6,19.39,76.34
2025-04-12,2.29,6.51,0.0,6.51,-1.02,5.49,19.62,77.08
2025-04-13,3.41,9.72,0.0,9.72,1.53,7.15,13.71,88.24
2025-04-14,4.98,6.82,0.0,6.82,1.18,9.89,10.7,84.03
2025-04-15,6.9,0.0,0.0,0.0,1.25,12.17,12.31,77.35
2025-04-16,10.48,0.0,0.0,0.0,6.14,15.37,7.83,74.85
2025-04-17,10.15,0.0,0.0,0.0,4.61,16.16,6.24,81.11
2025-04-18,10.04,0.0,0.0,0.0,4.44,15.99,5.26,80.9
2025-04-19,9.54,2.74,0.0,2.74,5.45,13.83,6.16,88.45
2025-04-20,9.84,1.74,0.0,1.74,7.77,12.63,8.84,91.25
2025-04-21,9.92,0.0,0.0,0.0,5.09,15.87,5.29,86.03
2025-04-22,9.5,0.0,0.0,0.0,5.33,15.26,4.41,90.84
2025-04-23,9.69,0.33,0.0,0.33,6.98,14.28,4.06,92.32
2025-04-24,9.82,2.31,0.0,2.31,6.12,14.49,4.92,91.19
2025-04-25,8.98,16.3,0.0,16.3,7.35,10.24,8.39,95.33
2025-04-26,11.45,1.41,0.0,1.41,7.06,16.6,6.71,83.69
2025-04-27,9.67,4.02,0.0,4.02,6.22,12.97,7.93,92.58
2025-04-28,7.95,0.0,0.0,0.0,3.58,12.22,12.93,73.01
2025-04-29,6.96,0.0,0.0,0.0,0.43,13.34,9.88,78.6
2025-04-30,8.39,0.0,0.0,0.0,1.82,14.45,8.75,78.37
2025-05-01,9.31,1.17,0.0,1.17,5.77,13.23,6.1,92.97
2025-05-02,10.01,3.81,0.0,3.81,7.33,13.39,7.3,91.92
2025-05-03,10.35,0.0,0.0,0.0,5.78,15.3,7.41,79.46
2025-05-04,10.46,0.0,0.0,0.0,3.99,17.04,8.65,73.87
2025-05-05,11.84,0.0,0.0,0.0,3.95,18.58,9.61,56.26
2025-05-06,15.11,0.23,0.0,0.23,8.6,21.16,9.59,59.84
2025-05-07,18.25,1.49,0.0,1.49,12.67,24.65,11.33,62.37
2025-05-08,16.23,2.19,0.0,2.19,11.51,21.78,9.36,74.41
2025-05-09,15.37,1.09,0.0,1.09,10.63,20.74,14.1,78.53
2025-05-10,12.24,4.21,0.0,4.21,9.39,16.89,7.35,91.05
2025-05-11,11.31,6.33,0.0,6.33,9.67,14.55,5.5,92.29
2025-05-12,11.14,0.3,0.0,0.3,8.0,15.27,5.44,89.36
2025-05-13,9.55,0.17,0.0,0.17,5.46,14.63,12.83,80.25
2025-05-14,8.21,0.74,0.0,0.74,2.53,13.59,10.66,80.87
2025-05-15,9.83,0.0,0.0,0.0,4.45,15.56,10.0,77.12
2025-05-16,13.94,0.21,0.0,0.21,6.98,19.65,8.99,68.67
2025-05-17,17.36,1.32,0.0,1.32,10.74,26.18,15.7,66.46
2025-05-18,13.5,6.82,0.0,6.82,9.25,18.95,6.23,89.56
2025-05-19,13.2,0.0,0.0,0.0,6.17,20.21,10.26,65.66
2025-05-20,13.05,0.11,0.0,0.11,7.84,17.88,18.69,68.44
2025-05-21,13.96,0.0,0.0,0.0,5.68,21.14,9.38,60.96
2025-05-22,16.47,0.04,0.0,0.04,10.0,22.76,8.93,66.4
2025-05-23,18.28,0.56,0.0,0.56,13.46,25.36,7.8,71.04
2025-05-24,19.38,0.0,0.0,0.0,13.4,25.01,8.64,62.1
2025-05-25,21.48,0.07,0.0,0.07,14.04,29.85,9.62,62.16
2025-05-26,17.45,4.94,0.0,4.94,13.72,23.12,10.16,82.54
2025-05-27,14.14,0.42,0.0,0.42,11.4,16.14,11.6,85.99
2025-05-28,15.86,0.0,0.0,0.0,10.1,21.57,10.46,69.85
2025-05-29,14.91,1.15,0.0,1.15,10.54,19.94,9.12,79.55
2025-05-30,15.13,2.19,0.0,2.19,10.73,19.84,8.21,81.69
2025-05-31,15.34,2.25,0.0,2.25,11.4,19.68,8.16,87.7
2025-06-01,15.36,3.06,0.0,3.06,11.94,20.32,7.82,87.91
2025-06-02,16.15,0.7,0.0,0.7,11.54,20.54,11.43,82.64
2025-06-03,16.84,0.06,0.0,0.06,10.92,22.54,10.52,76.65
2025-06-04,17.89,0.0,0.0,0.0,11.04,24.08,9.29,66.04
2025-06-05,19.07,0.0,0.0,0.0,12.16,25.46,9.22,60.16
2025-06-06,18.38,0.0,0.0,0.0,12.07,24.02,8.47,75.57
2025-06-07,18.45,0.0,0.0,0.0,12.5,24.01,7.62,75.83
2025-06-08,17.47,0.0,0.0,0.0,10.67,24.36,8.16,70.73
2025-06-09,17.88,0.0,0.0,0.0,10.76,24.82,9.59,73.29
2025-06-10,19.77,0.0,0.0,0.0,13.95,24.46,11.81,77.63
2025-06-11,20.25,0.0,0.0,0.0,14.72,25.5,8.41,82.51
2025-06-12,20.52,0.0,0.0,0.0,15.05,25.53,8.12,82.67
2025-06-13,19.47,0.0,0.0,0.0,15.02,23.77,9.52,77.45
2025-06-14,17.23,0.0,0.0,0.0,11.33,22.02,12.88,69.63
2025-06-15,15.85,0.68,0.0,0.68,10.72,20.19,13.29,79.24
2025-06-16,16.4,0.49,0.0,0.49,10.9,20.79,13.36,76.82
2025-06-17,18.04,0.0,0.0,0.0,11.57,23.91,13.28,66.18
2025-06-18,18.92,0.0,0.0,0.0,12.14,24.72,10.94,70.33
2025-06-19,19.54,0.0,0.0,0.0,13.02,25.21,9.41,70.69
2025-06-20,19.92,0.12,0.0,0.12,12.24,26.7,10.42,64.23
2025-06-21,19.14,0.88,0.0,0.88,13.77,23.75,10.1,65.85
2025-06-22,16.82,0.0,0.0,0.0,10.4,22.75,11.2,67.31
2025-06-23,18.06,0.0,0.0,0.0,10.24,23.83,12.64,64.54
2025-06-24,19.86,0.0,0.0,0.0,11.91,26.65,10.23,51.17
2025-06-25,21.07,0.0,0.0,0.0,13.11,28.38,10.04,46.66
2025-06-26,22.32,0.0,0.0,0.0,14.54,29.16,10.05,49.46
2025-06-27,22.23,0.0,0.0,0.0,15.81,27.73,10.36,55.49
2025-06-28,19.74,0.0,0.0,0.0,11.88,26.15,10.02,57.53
2025-06-29,17.75,7.41,0.0,7.41,14.79,21.61,12.82,77.43
2025-06-30,18.37,0.41,0.0,0.41,13.55,23.11,12.98,80.02
2025-07-01,20.01,1.35,0.0,1.35,14.31,25.02,11.27,71.19
2025-07-02,18.12,0.24,0.0,0.24,12.38,23.18,11.67,69.42
2025-07-03,16.92,1.84,0.0,1.84,12.44,22.81,12.82,78.91
2025-07-04,17.88,0.77,0.0,0.77,12.84,22.3,13.57,79.2
2025-07-05,19.65,0.0,0.0,0.0,12.67,25.51,11.47,69.95
2025-07-06,21.18,0.0,0.0,0.0,13.65,27.81,10.59,59.69
2025-07-07,21.93,0.0,0.0,0.0,15.1,28.09,8.96,63.41
2025-07-08,21.81,0.0,0.0,0.0,15.13,28.1,9.3,73.16
2025-07-09,22.82,0.0,0.0,0.0,15.08,30.33,8.75,66.54
2025-07-10,22.2,0.39,0.0,0.39,16.49,28.14,12.7,69.79
2025-07-11,21.83,0.0,0.0,0.0,16.05,27.73,9.44,78.21
2025-07-12,21.88,0.47,0.0,0.47,16.87,27.62,11.45,79.43
2025-07-13,22.5,0.0,0.0,0.0,17.12,27.9,11.63,73.43
2025-07-14,22.94,0.0,0.0,0.0,16.76,29.32,10.7,68.91
2025-07-15,22.84,0.0,0.0,0.0,16.49,27.88,10.29,66.77
2025-07-16,22.75,0.0,0.0,0.0,16.79,28.47,10.37,56.61
2025-07-17,22.82,0.0,0.0,0.0,15.3,29.29,10.05,60.01
2025-07-18,23.16,0.22,0.0,0.22,18.28,28.8,12.02,75.79
2025-07-19,22.27,1.63,0.0,1.63,18.24,27.88,8.47,81.32
2025-07-20,21.86,0.11,0.0,0.11,16.42,27.76,10.13,73.06
2025-07-21,21.66,0.0,0.0,0.0,15.29,27.69,9.62,66.6
2025-07-22,22.26,0.0,0.0,0.0,15.33,29.82,9.1,67.04
2025-07-23,23.97,0.0,0.0,0.0,16.66,30.64,8.67,63.03
2025-07-24,24.09,0.0,0.0,0.0,17.42,31.39,9.26,60.79
2025-07-25,23.12,0.0,0.0,0.0,17.1,28.74,10.41,61.94
2025-07-26,22.92,0.0,0.0,0.0,16.39,28.94,11.91,55.36
2025-07-27,23.59,0.0,0.0,0.0,15.87,30.48,10.88,57.03
2025-07-28,24.67,0.0,0.0,0.0,18.56,31.46,8.19,63.99
2025-07-29,24.59,0.0,0.0,0.0,19.33,31.1,9.22,66.64
2025-07-30,24.31,0.02,0.0,0.02,18.18,30.34,10.05,73.3
2025-07-31,23.69,0.68,0.0,0.68,20.03,28.52,8.79,82.61
2025-08-01,21.94,7.92,0.0,7.92,19.54,26.76,9.72,83.0
2025-08-02,21.91,1.42,0.0,1.42,19.23,25.18,9.55,82.48
2025-08-03,21.69,0.37,0.0,0.37,17.84,26.19,9.41,83.7
2025-08-04,22.81,0.0,0.0,0.0,16.41,28.52,9.54,73.93
2025-08-05,23.47,0.0,0.0,0.0,17.43,29.42,9.14,73.28
2025-08-06,23.68,0.0,0.0,0.0,16.93,30.27,9.4,70.37
2025-08-07,23.21,0.0,0.0,0.0,17.68,28.9,13.42,75.78
2025-08-08,23.45,0.99,0.0,0.99,19.2,27.98,10.99,80.32
2025-08-09,22.9,0.0,0.0,0.0,17.34,28.03,9.65,77.32
2025-08-10,22.39,0.0,0.0,0.0,15.78,28.54,10.34,71.88
2025-08-11,21.67,0.0,0.0,0.0,14.44,28.48,10.5,60.64
2025-08-12,21.6,0.0,0.0,0.0,15.25,27.62,10.37,68.19
2025-08-13,21.89,0.0,0.0,0.0,16.59,27.26,8.65,73.5
2025-08-14,21.16,0.0,0.0,0.0,15.29,27.62,9.55,69.84
2025-08-15,20.62,0.0,0.0,0.0,14.44,27.57,10.98,67.46
2025-08-16,19.72,0.0,0.0,0.0,13.83,25.44,11.06,69.13
2025-08-17,19.92,0.0,0.0,0.0,12.9,26.89,8.66,68.38
2025-08-18,20.83,0.04,0.0,0.04,15.82,27.41,10.44,71.06
2025-08-19,20.64,0.0,0.0,0.0,15.84,25.67,9.9,77.76
2025-08-20,20.14,0.52,0.0,0.52,15.8,24.86,11.99,78.47
2025-08-21,20.54,0.0,0.0,0.0,15.05,26.0,10.78,78.15
2025-08-22,21.37,0.0,0.0,0.0,14.71,28.77,9.42,69.25
2025-08-23,23.01,0.0,0.0,0.0,17.7,28.88,14.16,65.19
2025-08-24,20.4,0.62,0.0,0.62,16.23,23.66,9.07,80.05
2025-08-25,18.1,0.99,0.0,0.99,14.38,22.4,13.4,72.59
2025-08-26,18.12,0.0,0.0,0.0,14.09,23.07,10.08,72.57
2025-08-27,18.4,0.0,0.0,0.0,12.36,25.02,10.78,67.32
2025-08-28,18.84,0.0,0.0,0.0,12.82,24.93,10.6,66.09
2025-08-29,19.85,0.0,0.0,0.0,13.99,25.57,10.32,73.83
2025-08-30,21.51,0.0,0.0,0.0,15.72,27.41,10.24,74.56
2025-08-31,22.72,0.0,0.0,0.0,16.59,29.7,10.09,63.21
2025-09-01,22.15,0.0,0.0,0.0,17.92,27.0,14.68,62.25
2025-09-02,20.6,0.0,0.0,0.0,15.18,25.39,12.54,67.36
2025-09-03,19.31,1.26,0.0,1.26,16.01,23.1,12.67,78.04
2025-09-04,19.99,0.0,0.0,0.0,14.27,25.85,12.54,75.2
2025-09-05,21.02,0.0,0.0,0.0,15.75,26.21,10.41,78.34
2025-09-06,20.5,5.29,0.0,5.29,16.95,26.17,8.07,81.36
2025-09-07,17.93,5.01,0.0,5.01,15.42,21.04,10.28,85.81
2025-09-08,17.14,0.56,0.0,0.56,13.24,21.87,10.5,77.65
2025-09-09,18.34,0.05,0.0,0.05,14.33,23.28,12.7,77.28
2025-09-10,17.88,0.2,0.0,0.2,13.43,23.24,16.62,77.8
2025-09-11,17.86,1.94,0.0,1.94,14.59,22.84,11.86,85.19
2025-09-12,18.37,0.07,0.0,0.07,13.44,24.27,10.28,80.19
2025-09-13,18.56,0.0,0.0,0.0,14.77,24.46,10.51,76.21
2025-09-14,16.98,0.0,0.0,0.0,11.94,23.4,9.76,71.52
2025-09-15,17.09,0.0,0.0,0.0,10.72,24.0,10.2,70.5
2025-09-16,16.59,0.07,0.0,0.07,11.45,22.48,14.28,72.53
2025-09-17,17.38,0.0,0.0,0.0,11.0,24.54,11.5,66.04
2025-09-18,14.65,15.49,0.0,15.49,12.24,17.47,18.92,80.17
2025-09-19,14.45,11.93,0.0,11.93,11.65,16.34,23.58,77.92
2025-09-20,15.46,0.55,0.0,0.55,11.13,20.48,13.78,70.79
2025-09-21,15.47,0.12,0.0,0.12,10.76,21.76,11.87,75.5
2025-09-22,15.44,0.0,0.0,0.0,8.62,22.99,10.6,68.45
2025-09-23,16.63,0.0,0.0,0.0,10.62,23.32,9.45,68.28
2025-09-24,17.39,0.0,0.0,0.0,11.21,23.92,9.56,73.17
2025-09-25,16.62,0.23,0.0,0.23,11.63,22.4,11.44,78.96
2025-09-26,14.03,7.23,0.0,7.23,10.41,16.53,10.21,80.27
2025-09-27,12.15,0.0,0.0,0.0,7.83,18.13,12.14,68.14
2025-09-28,12.67,0.0,0.0,0.0,6.95,18.84,10.1,71.72
2025-09-29,13.0,14.66,0.0,14.66,11.4,15.48,7.58,92.02
2025-09-30,12.98,9.93,0.0,9.93,10.73,16.51,11.5,89.77
2025-10-01,13.0,1.07,0.0,1.07,9.6,17.85,10.62,81.06
2025-10-02,14.28,0.0,0.0,0.0,9.93,19.72,12.54,75.57
2025-10-03,15.49,0.0,0.0,0.0,9.78,22.37,10.46,69.02
2025-10-04,16.72,3.63,0.0,3.63,12.23,21.61,12.18,73.28
2025-10-05,15.42,1.21,0.0,1.21,12.11,19.98,11.21,76.16
2025-10-06,15.18,0.0,0.0,0.0,11.29,21.26,9.91,73.49
2025-10-07,15.87,1.6,0.0,1.6,10.87,21.68,10.1,71.25
2025-10-08,14.77,10.67,0.0,10.67,11.53,19.58,12.61,81.9
2025-10-09,12.64,8.49,0.0,8.49,9.86,17.24,16.16,77.74
2025-10-10,11.5,5.14,0.0,5.14,9.92,14.44,16.57,83.66
2025-10-11,10.97,17.51,0.0,17.51,7.4,15.54,16.82,81.93
2025-10-12,9.18,5.18,0.0,5.18,6.91,13.26,18.75,84.26
2025-10-13,11.41,1.57,0.0,1.57,8.15,16.07,14.19,80.4
2025-10-14,11.81,0.14,0.0,0.14,8.14,17.06,8.97,82.17
2025-10-15,11.09,3.06,0.0,3.06,7.74,15.29,9.29,88.39
2025-10-16,11.51,3.87,0.0,3.87,8.66,15.96,9.32,87.61
2025-10-17,11.9,0.0,0.0,0.0,7.44,17.46,9.18,85.49
2025-10-18,13.54,0.69,0.0,0.69,9.27,19.33,8.84,81.79
2025-10-19,12.33,12.79,0.0,12.79,9.27,15.86,12.56,91.18
2025-10-20,9.83,2.06,0.0,2.06,6.12,14.54,12.29,78.15
2025-10-21,9.29,0.0,0.0,0.0,4.65,15.68,11.34,75.15
2025-10-22,11.23,0.37,0.0,0.37,6.99,17.26,9.37,81.35
2025-10-23,13.25,2.82,0.0,2.82,10.24,17.4,10.18,88.75
2025-10-24,15.25,0.6,0.0,0.6,11.77,19.91,11.13,79.0
2025-10-25,13.97,5.98,0.0,5.98,10.51,18.34,9.56,84.74
2025-10-26,13.04,2.11,0.0,2.11,9.43,16.6,9.26,81.0
2025-10-27,16.99,1.22,0.0,1.22,10.38,23.43,16.17,62.92
2025-10-28,13.68,18.89,0.0,18.89,10.64,16.9,10.32,84.78
2025-10-29,10.31,6.8,0.0,6.8,6.45,14.17,15.03,80.52
2025-10-30,9.89,0.0,0.0,0.0,4.79,16.87,11.48,69.09
2025-10-31,11.76,0.0,0.0,0.0,7.13,17.76,12.09,62.13
2025-11-01,10.85,0.0,0.0,0.0,5.89,17.62,10.44,73.92
2025-11-02,10.68,0.0,0.0,0.0,6.32,16.72,9.37,73.79
2025-11-03,11.87,0.0,0.0,0.0,7.71,17.26,8.37,65.96
2025-11-04,12.63,0.0,0.0,0.0,9.28,18.22,8.5,70.61
2025-11-05,11.97,0.26,0.0,0.26,8.23,15.73,7.76,81.92
2025-11-06,11.77,0.0,0.0,0.0,8.68,16.3,7.55,87.46
2025-11-07,12.98,0.52,0.0,0.52,9.88,17.51,7.59,86.1
2025-11-08,13.34,0.0,0.0,0.0,10.04,18.19,7.41,83.55
2025-11-09,13.02,0.0,0.0,0.0,8.97,18.47,8.74,76.48
2025-11-10,13.39,0.0,0.0,0.0,9.47,18.3,8.78,75.62
2025-11-11,13.3,2.52,0.0,2.52,9.55,18.86,9.37,70.15
2025-11-12,10.7,6.0,0.0,6.0,8.47,13.14,12.52,90.26
2025-11-13,9.15,2.65,0.0,2.65,5.85,12.11,8.99,91.08
2025-11-14,6.71,7.38,0.0,7.38,4.18,10.41,10.99,88.52
2025-11-15,6.69,0.82,0.0,0.82,3.52,10.49,11.41,88.45
2025-11-16,7.26,0.0,0.0,0.0,3.62,13.56,11.01,77.19
2025-11-17,10.65,0.0,0.0,0.0,5.12,18.01,11.31,59.08
2025-11-18,13.29,0.0,0.0,0.0,8.68,19.35,14.0,50.3
2025-11-19,12.2,0.0,0.0,0.0,8.98,17.22,10.88,62.32
2025-11-20,11.8,0.0,0.0,0.0,8.12,17.55,11.23,62.95
2025-11-21,13.63,0.0,0.0,0.0,9.46,18.48,12.44,55.08
2025-11-22,14.75,0.0,0.0,0.0,10.64,21.82,13.25,49.36
2025-11-23,15.8,0.78,0.0,0.78,11.34,20.59,11.61,53.55
2025-11-24,11.24,7.62,0.0,7.62,7.83,14.31,11.64,84.94
2025-11-25,8.96,0.0,0.0,0.0,6.51,12.96,9.19,89.66
2025-11-26,9.77,0.0,0.0,0.0,6.52,15.0,9.76,78.75
2025-11-27,11.14,0.0,0.0,0.0,7.56,17.27,11.26,68.34
2025-11-28,11.08,0.0,0.0,0.0,8.42,15.37,8.75,70.27
2025-11-29,11.3,0.26,0.0,0.26,8.05,16.89,9.83,69.19
2025-11-30,9.66,2.05,0.0,2.05,6.55,13.27,11.16,79.91
2025-12-01,7.51,7.59,0.0,7.59,5.36,10.48,13.16,87.52
2025-12-02,7.07,0.0,0.0,0.0,4.27,11.0,8.23,82.62
2025-12-03,6.94,0.0,0.0,0.0,3.79,11.95,10.47,71.93
2025-12-04,7.33,0.0,0.0,0.0,4.15,11.84,9.06,70.65
2025-12-05,7.81,0.0,0.0,0.0,4.11,12.68,10.49,66.75
2025-12-06,11.67,0.0,0.0,0.0,8.9,16.35,10.14,64.49
2025-12-07,9.86,1.92,0.0,1.92,7.02,14.29,8.48,83.25
2025-12-08,8.54,8.4,0.0,8.4,6.3,11.16,11.63,89.53
2025-12-09,7.76,4.25,0.0,4.25,5.92,10.31,11.39,89.58
2025-12-10,6.82,4.89,0.0,4.89,4.81,9.59,11.81,90.48
2025-12-11,6.52,7.19,0.0,7.19,4.43,9.86,9.74,91.32
2025-12-12,6.5,4.75,0.0,4.75,3.84,9.69,12.83,84.58
2025-12-13,6.51,12.31,0.0,12.31,4.8,8.86,16.27,88.56
2025-12-14,5.58,2.64,0.0,2.64,4.19,8.29,9.11,89.0
2025-12-15,4.36,10.12,0.0,10.12,3.34,6.06,15.89,89.55
2025-12-16,4.67,9.28,0.0,9.28,2.85,7.84,15.35,88.52
2025-12-17,3.57,0.0,0.0,0.0,1.01,7.77,11.92,83.7
2025-12-18,3.91,0.0,0.0,0.0,0.7,10.15,10.29,75.21
2025-12-19,4.7,0.0,0.0,0.0,1.16,10.01,10.67,68.48
2025-12-20,4.77,0.0,0.0,0.0,1.46,10.57,10.04,69.55
2025-12-21,5.27,0.21,0.0,0.21,2.26,9.33,9.91,77.55
2025-12-22,5.76,3.69,0.0,3.69,3.89,8.08,7.17,84.97
2025-12-23,5.68,5.24,0.0,5.24,3.79,7.65,6.9,93.15
2025-12-24,6.13,2.05,0.0,2.05,2.92,9.08,6.72,88.34
2025-12-25,4.66,0.0,0.0,0.0,3.21,6.84,7.44,88.09
2025-12-26,3.47,5.09,0.0,5.09,2.23,5.01,9.3,88.77
2025-12-27,0.83,19.28,19.28,0.0,-0.88,2.61,17.03,86.42
2025-12-28,1.22,16.0,16.0,0.0,-1.19,3.97,22.24,82.14
2025-12-29,0.02,26.1,26.1,0.0,-1.56,1.44,27.24,83.73
2025-12-30,2.75,1.78,0.0,1.78,-2.04,8.0,17.99,62.27
2025-12-31,-1.15,22.98,22.98,0.0,-4.23,1.45,14.01,90.88
2026-01-01,-4.94,6.81,6.81,0.0,-7.49,-1.57,15.1,89.22
