publishAt,publishedAtDate,stars
2 gün önce,2026-04-09T09:44:00.989Z,5
4 gün önce,2026-04-07T18:32:33.657Z,5
bir hafta önce,2026-04-03T15:03:43.116Z,2
bir hafta önce,2026-04-03T09:48:53.189Z,5
bir hafta önce,2026-03-31T19:04:38.191Z,5
bir hafta önce düzenlendi,2026-03-31T11:25:28.357Z,5
bir hafta önce,2026-03-31T10:38:40.818Z,5
bir hafta önce,2026-03-29T08:59:05.563Z,3
2 hafta önce düzenlendi,2026-03-27T20:28:04.256Z,5
2 hafta önce,2026-03-26T10:04:18.084Z,5
2 hafta önce düzenlendi,2026-03-24T14:21:31.401Z,3
2 hafta önce,2026-03-23T14:59:56.589Z,4
2 hafta önce,2026-03-23T14:50:12.505Z,4
2 hafta önce,2026-03-22T13:39:57.934Z,5
3 hafta önce,2026-03-21T16:46:58.003Z,4
3 hafta önce,2026-03-19T13:46:04.540Z,5
3 hafta önce,2026-03-17T17:30:50.094Z,5
3 hafta önce,2026-03-16T12:03:10.518Z,5
3 hafta önce düzenlendi,2026-03-15T13:46:05.475Z,5
bir ay önce,2026-03-10T12:06:28.311Z,5
bir ay önce,2026-03-07T13:22:26.906Z,5
bir ay önce,2026-03-06T10:20:17.613Z,5
bir ay önce,2026-02-27T12:33:59.185Z,5
bir ay önce düzenlendi,2026-02-26T09:11:02.482Z,1
bir ay önce,2026-02-21T14:40:48.317Z,5
bir ay önce,2026-02-19T08:40:14.323Z,5
bir ay önce,2026-02-17T10:01:33.126Z,5
bir ay önce,2026-02-16T04:48:24.959Z,5
bir ay önce,2026-02-15T18:55:32.413Z,5
2 ay önce düzenlendi,2026-02-01T19:21:11.842Z,5
2 ay önce,2026-01-26T21:39:20.672Z,5
2 ay önce,2026-01-22T09:32:09.353Z,5
2 ay önce düzenlendi,2026-01-13T15:26:36.104Z,5
3 ay önce düzenlendi,2026-01-09T18:25:06.607Z,5
3 ay önce,2026-01-05T15:05:45.908Z,5
3 ay önce,2025-12-27T17:24:28.804Z,5
3 ay önce,2025-12-22T20:32:02.140Z,5
3 ay önce,2025-12-16T19:43:06.945Z,5
3 ay önce,2025-12-12T12:27:29.239Z,5
4 ay önce,2025-12-09T15:43:14.592Z,4
4 ay önce,2025-12-07T11:04:34.229Z,5
4 ay önce,2025-12-06T20:45:41.616Z,5
4 ay önce,2025-12-06T15:21:19.561Z,4
4 ay önce,2025-12-04T06:16:32.900Z,1
4 ay önce,2025-12-03T18:02:20.886Z,5
4 ay önce,2025-11-30T15:26:01.846Z,5
4 ay önce,2025-11-27T23:40:32.647Z,5
4 ay önce,2025-11-27T10:00:59.119Z,2
4 ay önce,2025-11-25T20:05:35.318Z,1
4 ay önce,2025-11-25T07:23:50.501Z,5
4 ay önce,2025-11-22T21:55:21.882Z,5
4 ay önce,2025-11-20T16:52:55.634Z,5
4 ay önce,2025-11-20T13:34:13.958Z,5
4 ay önce,2025-11-17T13:18:50.521Z,5
4 ay önce,2025-11-17T12:31:09.777Z,5
4 ay önce,2025-11-16T18:17:38.992Z,3
4 ay önce,2025-11-16T15:18:41.595Z,5
4 ay önce,2025-11-15T19:17:37.495Z,4
4 ay önce düzenlendi,2025-11-15T17:36:49.706Z,4
4 ay önce,2025-11-15T14:06:41.163Z,4
4 ay önce,2025-11-15T07:27:25.257Z,5
4 ay önce,2025-11-12T19:20:00.542Z,5
4 ay önce,2025-11-12T13:37:27.985Z,5
5 ay önce,2025-11-10T07:26:36.496Z,5
5 ay önce,2025-11-10T05:16:59.907Z,5
5 ay önce,2025-11-09T14:52:14.861Z,4
5 ay önce,2025-11-07T20:13:48.180Z,5
5 ay önce,2025-11-06T13:18:50.797Z,5
5 ay önce,2025-11-03T13:30:54.912Z,2
5 ay önce,2025-11-02T17:40:53.253Z,5
5 ay önce,2025-11-02T13:29:43.454Z,5
5 ay önce,2025-11-02T12:21:38.732Z,5
5 ay önce,2025-10-31T07:30:40.734Z,5
5 ay önce düzenlendi,2025-10-30T18:30:18.202Z,5
5 ay önce düzenlendi,2025-10-29T15:03:57.356Z,4
5 ay önce,2025-10-26T11:02:49.077Z,4
5 ay önce,2025-10-25T14:49:43.279Z,5
5 ay önce,2025-10-21T09:45:58.596Z,5
5 ay önce,2025-10-20T09:41:20.711Z,5
5 ay önce,2025-10-18T12:22:25.286Z,5
5 ay önce,2025-10-17T21:47:25.386Z,4
5 ay önce,2025-10-17T19:32:51.758Z,5
5 ay önce,2025-10-17T04:29:53.320Z,5
5 ay önce,2025-10-16T18:00:02.053Z,5
5 ay önce,2025-10-15T02:03:20.266Z,5
5 ay önce,2025-10-12T08:34:04.694Z,5
6 ay önce,2025-10-11T14:42:36.322Z,5
6 ay önce,2025-10-11T04:07:27.604Z,2
6 ay önce,2025-10-10T18:54:12.740Z,4
6 ay önce,2025-10-10T14:27:57.613Z,5
6 ay önce,2025-10-09T06:54:23.106Z,5
6 ay önce,2025-10-08T20:23:23.581Z,4
6 ay önce,2025-10-08T11:07:52.708Z,3
6 ay önce,2025-10-08T09:26:05.091Z,4
6 ay önce,2025-10-08T06:29:41.242Z,5
6 ay önce,2025-10-06T18:49:28.298Z,5
6 ay önce,2025-10-05T17:01:41.219Z,5
6 ay önce,2025-10-05T11:02:21.645Z,4
6 ay önce,2025-10-05T10:19:39.505Z,5
6 ay önce,2025-10-05T10:03:13.107Z,5
6 ay önce,2025-10-05T07:17:00.727Z,2
6 ay önce,2025-10-05T06:30:53.511Z,5
6 ay önce,2025-10-04T15:26:26.780Z,5
6 ay önce,2025-10-02T17:17:52.753Z,4
6 ay önce,2025-10-02T12:36:32.983Z,2
6 ay önce,2025-10-01T20:39:01.635Z,5
6 ay önce,2025-10-01T09:16:17.279Z,5
6 ay önce,2025-09-30T20:01:30.361Z,5
6 ay önce düzenlendi,2025-09-30T10:30:55.153Z,4
6 ay önce,2025-09-30T08:13:39.225Z,5
6 ay önce,2025-09-29T05:14:07.660Z,5
6 ay önce,2025-09-28T12:25:59.073Z,5
6 ay önce,2025-09-26T19:07:12.057Z,5
6 ay önce,2025-09-26T05:13:10.148Z,5
6 ay önce,2025-09-25T13:43:39.855Z,5
6 ay önce,2025-09-24T18:06:43.623Z,3
6 ay önce,2025-09-24T17:06:16.906Z,5
6 ay önce,2025-09-22T20:50:15.111Z,4
6 ay önce,2025-09-22T13:03:03.368Z,5
6 ay önce,2025-09-22T10:56:22.268Z,5
6 ay önce,2025-09-21T13:54:40.679Z,5
6 ay önce,2025-09-20T12:39:17.095Z,5
6 ay önce,2025-09-20T10:04:08.231Z,3
6 ay önce,2025-09-20T08:08:16.619Z,5
6 ay önce,2025-09-18T18:22:48.740Z,5
6 ay önce,2025-09-16T18:37:25.970Z,5
6 ay önce,2025-09-16T13:24:55.753Z,4
6 ay önce,2025-09-16T08:21:52.718Z,5
6 ay önce,2025-09-15T15:17:33.823Z,5
6 ay önce,2025-09-15T12:37:54.238Z,5
6 ay önce,2025-09-15T11:15:07.095Z,4
6 ay önce,2025-09-15T08:48:17.450Z,5
6 ay önce,2025-09-14T19:34:23.721Z,4
6 ay önce,2025-09-14T18:52:00.743Z,4
6 ay önce,2025-09-14T18:15:34.087Z,5
6 ay önce,2025-09-14T17:18:29.998Z,5
6 ay önce,2025-09-14T16:07:09.010Z,5
6 ay önce,2025-09-14T13:22:36.830Z,1
6 ay önce,2025-09-14T12:24:00.950Z,4
6 ay önce,2025-09-14T06:21:29.609Z,5
6 ay önce,2025-09-13T22:15:55.899Z,4
6 ay önce,2025-09-13T19:13:02.767Z,5
6 ay önce,2025-09-13T18:17:34.589Z,3
6 ay önce,2025-09-13T17:58:05.519Z,5
6 ay önce,2025-09-13T16:56:11.031Z,3
6 ay önce,2025-09-13T10:05:54.557Z,5
6 ay önce,2025-09-12T06:19:34.965Z,4
7 ay önce,2025-09-11T16:13:10.151Z,5
7 ay önce,2025-09-11T05:17:54.715Z,3
7 ay önce,2025-09-10T21:23:55.152Z,5
7 ay önce,2025-09-10T16:19:24.444Z,5
7 ay önce,2025-09-10T14:03:08.992Z,4
7 ay önce,2025-09-10T10:47:24.951Z,5
7 ay önce,2025-09-10T06:10:04.145Z,1
7 ay önce,2025-09-09T22:16:58.898Z,5
7 ay önce,2025-09-09T20:56:06.223Z,4
7 ay önce,2025-09-08T16:25:50.248Z,5
7 ay önce,2025-09-08T15:22:47.507Z,3
7 ay önce,2025-09-08T10:41:47.109Z,5
7 ay önce,2025-09-08T06:12:52.686Z,5
7 ay önce,2025-09-07T09:17:57.972Z,5
7 ay önce,2025-09-07T06:13:51.062Z,5
7 ay önce,2025-09-07T05:34:18.960Z,5
7 ay önce,2025-09-06T18:29:22.527Z,5
7 ay önce,2025-09-06T16:51:38.290Z,5
7 ay önce,2025-09-06T06:45:51.885Z,4
7 ay önce,2025-09-05T21:15:32.086Z,4
7 ay önce,2025-09-05T16:58:35.069Z,5
7 ay önce,2025-09-05T09:45:02.409Z,4
7 ay önce,2025-09-04T17:19:39.650Z,5
7 ay önce,2025-09-04T14:47:52.712Z,3
7 ay önce,2025-09-04T13:50:45.730Z,5
7 ay önce,2025-09-03T09:13:23.212Z,5
7 ay önce,2025-09-02T19:24:17.676Z,5
7 ay önce,2025-09-02T18:21:04.532Z,5
7 ay önce,2025-09-02T18:18:14.030Z,5
7 ay önce,2025-09-02T17:10:09.776Z,5
7 ay önce,2025-09-02T15:26:47.364Z,4
7 ay önce düzenlendi,2025-09-02T11:12:25.004Z,5
7 ay önce,2025-09-02T10:58:18.268Z,5
7 ay önce,2025-09-02T06:20:12.782Z,5
7 ay önce,2025-09-01T20:45:49.581Z,5
7 ay önce,2025-09-01T19:43:37.177Z,5
7 ay önce,2025-09-01T17:05:45.961Z,5
7 ay önce,2025-09-01T16:42:18.571Z,5
7 ay önce,2025-09-01T16:09:32.546Z,4
7 ay önce,2025-09-01T11:50:14.968Z,4
7 ay önce,2025-09-01T07:44:58.060Z,5
7 ay önce,2025-09-01T06:56:19.322Z,5
7 ay önce,2025-08-31T19:55:26.537Z,5
7 ay önce,2025-08-31T16:21:51.092Z,5
7 ay önce,2025-08-31T15:08:42.702Z,5
7 ay önce,2025-08-31T11:06:40.367Z,5
7 ay önce,2025-08-31T11:03:30.385Z,5
7 ay önce,2025-08-31T09:02:47.725Z,4
7 ay önce,2025-08-31T06:57:01.704Z,2
7 ay önce,2025-08-31T05:20:53.370Z,5
7 ay önce,2025-08-30T18:06:22.859Z,5
7 ay önce,2025-08-30T10:44:38.331Z,5
7 ay önce,2025-08-30T10:26:42.083Z,5
7 ay önce,2025-08-30T06:18:45.601Z,5
7 ay önce,2025-08-29T16:14:31.401Z,5
7 ay önce,2025-08-28T21:53:15.880Z,5
7 ay önce,2025-08-28T17:05:55.016Z,3
7 ay önce,2025-08-28T07:14:10.718Z,4
7 ay önce,2025-08-27T18:49:45.173Z,5
7 ay önce,2025-08-27T13:10:15.393Z,4
7 ay önce,2025-08-27T12:57:54.885Z,5
7 ay önce düzenlendi,2025-08-27T09:09:10.440Z,5
7 ay önce,2025-08-26T21:14:24.521Z,5
7 ay önce,2025-08-26T16:55:41.245Z,3
7 ay önce,2025-08-26T15:07:17.694Z,5
7 ay önce,2025-08-26T11:34:27.210Z,5
7 ay önce,2025-08-26T09:35:44.659Z,5
7 ay önce,2025-08-26T07:11:42.132Z,5
7 ay önce,2025-08-26T07:05:20.142Z,5
7 ay önce,2025-08-25T16:50:47.287Z,5
7 ay önce,2025-08-25T16:01:35.671Z,5
7 ay önce,2025-08-25T15:50:31.017Z,3
7 ay önce,2025-08-25T14:31:12.590Z,5
7 ay önce,2025-08-25T12:27:06.162Z,5
7 ay önce,2025-08-25T09:57:18.938Z,5
7 ay önce,2025-08-25T09:29:01.592Z,4
7 ay önce,2025-08-25T06:29:11.598Z,5
7 ay önce,2025-08-25T04:13:53.000Z,4
7 ay önce,2025-08-24T20:20:33.285Z,5
7 ay önce,2025-08-24T20:15:37.491Z,5
7 ay önce,2025-08-24T18:29:44.369Z,4
7 ay önce,2025-08-24T13:08:55.156Z,1
7 ay önce,2025-08-24T08:33:05.872Z,3
7 ay önce,2025-08-23T16:43:30.768Z,5
7 ay önce,2025-08-23T08:05:22.139Z,5
7 ay önce,2025-08-23T02:54:42.372Z,5
7 ay önce,2025-08-22T17:17:47.892Z,5
7 ay önce,2025-08-22T11:32:31.016Z,5
7 ay önce,2025-08-22T08:51:01.851Z,5
7 ay önce,2025-08-21T22:12:46.567Z,5
7 ay önce,2025-08-21T18:36:59.580Z,5
7 ay önce,2025-08-21T17:19:20.966Z,4
7 ay önce,2025-08-21T15:04:06.378Z,5
7 ay önce,2025-08-21T14:25:02.562Z,5
7 ay önce,2025-08-21T13:14:48.433Z,5
7 ay önce,2025-08-21T05:02:44.138Z,3
7 ay önce,2025-08-20T19:02:48.085Z,5
7 ay önce,2025-08-20T18:50:11.068Z,5
7 ay önce düzenlendi,2025-08-20T17:59:38.854Z,4
7 ay önce,2025-08-20T17:51:03.443Z,3
7 ay önce,2025-08-20T16:37:29.728Z,5
7 ay önce düzenlendi,2025-08-20T15:59:34.052Z,4
7 ay önce,2025-08-20T13:58:08.115Z,5
7 ay önce,2025-08-20T08:34:10.783Z,5
7 ay önce,2025-08-20T08:24:51.808Z,5
7 ay önce,2025-08-20T08:12:23.404Z,5
7 ay önce,2025-08-19T22:22:00.877Z,5
7 ay önce,2025-08-19T22:10:11.876Z,5
7 ay önce,2025-08-19T18:41:11.490Z,5
7 ay önce,2025-08-19T18:07:35.752Z,4
7 ay önce,2025-08-19T15:30:53.292Z,5
7 ay önce,2025-08-19T07:14:46.320Z,5
7 ay önce,2025-08-18T14:34:54.425Z,3
7 ay önce,2025-08-18T09:47:12.320Z,4
7 ay önce,2025-08-18T07:45:33.094Z,5
7 ay önce,2025-08-18T07:00:31.388Z,3
7 ay önce,2025-08-17T22:14:45.632Z,5
7 ay önce,2025-08-17T21:34:58.933Z,5
7 ay önce,2025-08-17T20:43:17.487Z,5
7 ay önce,2025-08-17T17:54:58.824Z,5
7 ay önce,2025-08-17T15:16:19.857Z,3
7 ay önce,2025-08-17T14:38:11.085Z,3
7 ay önce,2025-08-17T11:49:33.652Z,5
7 ay önce,2025-08-16T18:30:02.897Z,4
7 ay önce,2025-08-16T18:19:37.128Z,5
7 ay önce,2025-08-16T17:07:32.611Z,5
7 ay önce,2025-08-16T16:57:33.775Z,5
7 ay önce,2025-08-16T11:42:31.094Z,3
7 ay önce,2025-08-16T10:32:26.805Z,5
7 ay önce,2025-08-16T09:56:02.802Z,5
7 ay önce,2025-08-16T07:41:29.312Z,5
7 ay önce,2025-08-16T07:24:31.341Z,4
7 ay önce,2025-08-16T06:02:19.046Z,5
7 ay önce,2025-08-15T19:02:37.609Z,5
7 ay önce,2025-08-15T16:32:07.067Z,4
7 ay önce,2025-08-15T16:22:14.800Z,5
7 ay önce düzenlendi,2025-08-15T15:31:39.329Z,5
7 ay önce,2025-08-15T14:35:21.463Z,5
7 ay önce,2025-08-15T13:45:22.297Z,5
7 ay önce,2025-08-15T05:12:31.335Z,5
7 ay önce,2025-08-15T04:04:57.212Z,5
7 ay önce,2025-08-14T23:06:31.716Z,4
7 ay önce,2025-08-14T22:06:52.085Z,4
7 ay önce,2025-08-14T21:50:31.384Z,5
7 ay önce,2025-08-14T14:47:23.704Z,5
7 ay önce,2025-08-14T14:03:24.759Z,5
7 ay önce,2025-08-14T13:41:38.598Z,5
7 ay önce,2025-08-14T12:08:59.501Z,5
7 ay önce,2025-08-14T03:59:55.705Z,5
7 ay önce,2025-08-13T21:20:54.770Z,5
7 ay önce,2025-08-13T18:35:22.225Z,5
7 ay önce,2025-08-13T17:37:57.304Z,1
7 ay önce,2025-08-13T09:59:25.933Z,5
7 ay önce,2025-08-13T06:08:16.554Z,5
7 ay önce,2025-08-13T04:11:59.538Z,5
7 ay önce,2025-08-12T23:27:34.439Z,5
7 ay önce,2025-08-12T21:07:30.966Z,4
7 ay önce,2025-08-12T17:53:45.403Z,3
7 ay önce,2025-08-12T16:01:22.523Z,5
7 ay önce,2025-08-12T15:09:33.855Z,1
7 ay önce,2025-08-11T22:08:47.256Z,5
7 ay önce,2025-08-11T20:52:18.229Z,5
7 ay önce,2025-08-11T19:20:44.512Z,2
8 ay önce,2025-08-11T10:07:36.085Z,5
8 ay önce,2025-08-11T04:07:41.443Z,5
8 ay önce,2025-08-10T20:19:11.831Z,3
8 ay önce,2025-08-10T19:07:08.842Z,5
8 ay önce,2025-08-10T17:48:39.654Z,4
8 ay önce,2025-08-10T17:00:14.283Z,5
8 ay önce,2025-08-10T15:30:34.515Z,5
8 ay önce,2025-08-10T14:51:05.616Z,3
8 ay önce,2025-08-10T13:36:03.261Z,4
8 ay önce,2025-08-10T13:08:30.874Z,5
8 ay önce,2025-08-10T12:58:36.023Z,5
8 ay önce,2025-08-10T10:38:22.378Z,3
8 ay önce,2025-08-10T08:38:17.277Z,4
8 ay önce,2025-08-09T21:20:18.590Z,5
8 ay önce,2025-08-09T20:47:59.783Z,1
8 ay önce,2025-08-09T20:05:08.968Z,5
8 ay önce,2025-08-09T19:35:13.307Z,5
8 ay önce,2025-08-09T16:10:14.896Z,5
8 ay önce,2025-08-09T16:08:06.236Z,1
8 ay önce,2025-08-09T09:21:43.412Z,5
8 ay önce düzenlendi,2025-08-09T06:57:45.868Z,5
8 ay önce,2025-08-08T18:52:52.886Z,5
8 ay önce,2025-08-08T17:52:37.682Z,4
8 ay önce,2025-08-08T17:06:40.726Z,4
8 ay önce,2025-08-08T15:34:27.923Z,5
8 ay önce,2025-08-08T15:15:55.384Z,4
8 ay önce,2025-08-08T09:39:06.683Z,5
8 ay önce,2025-08-07T21:17:43.921Z,5
8 ay önce,2025-08-07T19:52:02.991Z,5
8 ay önce,2025-08-07T16:45:01.671Z,5
8 ay önce,2025-08-07T12:35:37.645Z,4
8 ay önce,2025-08-07T12:01:03.548Z,5
8 ay önce,2025-08-07T11:53:10.729Z,5
8 ay önce,2025-08-07T07:59:48.680Z,5
8 ay önce,2025-08-07T07:47:25.574Z,5
8 ay önce,2025-08-07T07:41:47.924Z,5
8 ay önce,2025-08-07T07:22:56.157Z,5
8 ay önce,2025-08-07T07:05:47.063Z,5
8 ay önce,2025-08-06T22:53:19.253Z,5
8 ay önce düzenlendi,2025-08-06T19:54:25.790Z,3
8 ay önce,2025-08-06T10:58:52.898Z,5
8 ay önce,2025-08-06T07:29:53.435Z,5
8 ay önce,2025-08-06T06:40:04.087Z,4
8 ay önce düzenlendi,2025-08-06T04:40:58.997Z,4
8 ay önce,2025-08-05T20:54:37.230Z,5
8 ay önce,2025-08-05T19:15:48.369Z,5
8 ay önce,2025-08-05T19:08:35.057Z,5
8 ay önce,2025-08-05T16:49:17.390Z,5
8 ay önce,2025-08-05T14:45:34.756Z,5
8 ay önce,2025-08-05T10:38:06.641Z,1
8 ay önce,2025-08-05T09:37:21.295Z,5
8 ay önce,2025-08-05T08:22:10.520Z,3
8 ay önce,2025-08-04T13:19:14.285Z,5
8 ay önce,2025-08-04T07:29:01.717Z,5
8 ay önce,2025-08-04T02:14:53.280Z,3
8 ay önce,2025-08-03T22:44:48.380Z,4
8 ay önce düzenlendi,2025-08-03T16:09:35.022Z,5
8 ay önce düzenlendi,2025-08-03T14:44:07.038Z,4
8 ay önce,2025-08-03T14:30:13.062Z,1
8 ay önce,2025-08-03T13:48:27.389Z,1
8 ay önce,2025-08-03T13:03:02.944Z,1
8 ay önce,2025-08-03T08:52:22.940Z,5
8 ay önce,2025-08-02T17:49:47.306Z,5
8 ay önce,2025-08-02T12:11:23.177Z,5
8 ay önce,2025-08-02T11:58:23.198Z,5
8 ay önce,2025-08-02T11:06:05.596Z,1
8 ay önce,2025-08-02T07:52:16.005Z,4
8 ay önce,2025-08-02T06:24:46.452Z,5
8 ay önce,2025-08-01T23:47:40.129Z,5
8 ay önce düzenlendi,2025-08-01T22:08:16.492Z,2
8 ay önce,2025-08-01T17:28:28.177Z,5
8 ay önce,2025-08-01T17:21:09.731Z,4
8 ay önce,2025-08-01T14:57:50.605Z,4
8 ay önce,2025-08-01T11:33:11.940Z,3
8 ay önce,2025-08-01T10:13:15.823Z,2
8 ay önce,2025-08-01T09:47:05.869Z,5
8 ay önce,2025-08-01T08:40:10.425Z,5
8 ay önce,2025-08-01T07:56:28.783Z,5
8 ay önce,2025-07-31T22:01:12.090Z,4
8 ay önce,2025-07-31T21:22:07.845Z,5
8 ay önce,2025-07-31T17:08:01.781Z,4
8 ay önce,2025-07-31T12:58:13.144Z,5
8 ay önce,2025-07-31T10:57:01.825Z,4
8 ay önce düzenlendi,2025-07-31T09:58:23.368Z,5
8 ay önce,2025-07-31T04:51:59.313Z,5
8 ay önce,2025-07-30T23:37:36.273Z,5
8 ay önce,2025-07-30T19:16:05.464Z,5
8 ay önce,2025-07-30T14:56:30.060Z,5
8 ay önce,2025-07-30T09:53:03.922Z,5
8 ay önce,2025-07-29T23:23:58.275Z,1
8 ay önce,2025-07-29T21:41:15.478Z,5
8 ay önce,2025-07-29T21:01:33.438Z,2
8 ay önce,2025-07-29T13:45:12.121Z,5
8 ay önce,2025-07-29T12:56:33.767Z,5
8 ay önce,2025-07-29T12:54:01.394Z,5
8 ay önce,2025-07-29T10:29:50.970Z,5
8 ay önce,2025-07-29T09:48:52.764Z,5
8 ay önce,2025-07-29T08:29:07.151Z,5
8 ay önce,2025-07-28T20:38:09.353Z,5
8 ay önce,2025-07-28T19:08:02.774Z,5
8 ay önce,2025-07-28T17:56:29.013Z,5
8 ay önce,2025-07-28T12:40:32.296Z,5
8 ay önce,2025-07-28T10:33:19.182Z,5
8 ay önce,2025-07-28T03:21:57.515Z,5
8 ay önce,2025-07-28T00:07:45.096Z,4
8 ay önce,2025-07-27T20:14:25.905Z,1
8 ay önce,2025-07-27T15:10:11.180Z,5
8 ay önce düzenlendi,2025-07-27T14:47:59.810Z,5
8 ay önce,2025-07-27T12:36:06.543Z,5
8 ay önce,2025-07-27T06:43:35.524Z,5
8 ay önce,2025-07-27T05:23:58.395Z,5
8 ay önce,2025-07-26T18:59:58.058Z,5
8 ay önce,2025-07-26T15:48:02.667Z,4
8 ay önce düzenlendi,2025-07-26T15:40:51.406Z,5
8 ay önce,2025-07-26T15:37:30.600Z,5
8 ay önce,2025-07-26T15:06:08.376Z,5
8 ay önce,2025-07-26T06:46:37.509Z,5
8 ay önce,2025-07-25T21:44:50.940Z,4
8 ay önce,2025-07-25T19:06:13.190Z,4
8 ay önce,2025-07-25T16:10:02.079Z,4
8 ay önce,2025-07-25T15:21:28.130Z,3
8 ay önce,2025-07-25T13:02:57.301Z,5
8 ay önce,2025-07-25T09:14:01.444Z,5
8 ay önce düzenlendi,2025-07-25T07:24:17.317Z,5
8 ay önce düzenlendi,2025-07-25T05:46:45.098Z,4
8 ay önce,2025-07-24T22:09:27.757Z,5
8 ay önce,2025-07-23T19:07:52.090Z,5
8 ay önce,2025-07-23T13:36:12.926Z,5
8 ay önce,2025-07-23T06:56:24.579Z,5
8 ay önce,2025-07-23T06:24:17.563Z,3
8 ay önce,2025-07-22T19:56:01.121Z,4
8 ay önce,2025-07-22T19:32:17.521Z,3
8 ay önce,2025-07-22T15:32:06.113Z,5
8 ay önce,2025-07-22T13:46:24.296Z,1
8 ay önce,2025-07-22T13:17:09.633Z,5
8 ay önce,2025-07-22T13:04:21.874Z,5
8 ay önce,2025-07-22T12:03:47.145Z,4
8 ay önce,2025-07-22T12:01:17.691Z,1
8 ay önce,2025-07-22T12:00:51.822Z,1
8 ay önce,2025-07-22T11:50:06.842Z,1
8 ay önce,2025-07-22T11:04:40.478Z,1
8 ay önce düzenlendi,2025-07-22T10:39:33.053Z,5
8 ay önce,2025-07-22T09:37:04.786Z,4
8 ay önce,2025-07-22T09:24:24.940Z,1
8 ay önce,2025-07-21T18:56:59.474Z,1
8 ay önce,2025-07-21T18:32:31.557Z,5
8 ay önce,2025-07-21T13:53:38.578Z,2
8 ay önce,2025-07-21T07:50:41.755Z,3
8 ay önce,2025-07-21T06:04:06.390Z,4
8 ay önce,2025-07-20T17:59:15.155Z,5
8 ay önce,2025-07-20T08:35:43.890Z,5
8 ay önce,2025-07-19T20:16:55.281Z,5
8 ay önce,2025-07-19T19:05:24.657Z,5
8 ay önce,2025-07-19T15:03:34.703Z,4
8 ay önce,2025-07-19T13:07:34.648Z,5
8 ay önce,2025-07-19T06:37:50.968Z,4
8 ay önce düzenlendi,2025-07-18T19:47:04.648Z,5
8 ay önce,2025-07-18T15:06:35.598Z,2
8 ay önce,2025-07-17T21:02:57.758Z,5
8 ay önce,2025-07-17T10:25:05.486Z,4
8 ay önce,2025-07-16T21:14:06.974Z,5
8 ay önce,2025-07-16T13:31:48.138Z,5
8 ay önce,2025-07-16T12:03:56.712Z,5
8 ay önce,2025-07-15T21:16:55.675Z,5
8 ay önce düzenlendi,2025-07-15T19:33:54.445Z,3
8 ay önce,2025-07-15T19:15:20.035Z,5
8 ay önce,2025-07-15T17:48:10.009Z,5
8 ay önce,2025-07-15T13:42:22.761Z,5
8 ay önce,2025-07-15T09:57:39.833Z,3
8 ay önce düzenlendi,2025-07-15T05:42:10.284Z,5
8 ay önce,2025-07-14T04:31:39.673Z,5
8 ay önce,2025-07-13T18:49:48.164Z,5
8 ay önce,2025-07-13T18:33:43.990Z,1
8 ay önce,2025-07-13T12:26:11.888Z,1
8 ay önce,2025-07-12T18:06:29.657Z,4
8 ay önce,2025-07-12T11:13:55.719Z,5
8 ay önce,2025-07-12T10:14:01.390Z,5
8 ay önce,2025-07-11T21:16:31.593Z,4
8 ay önce,2025-07-11T20:33:12.481Z,5
9 ay önce,2025-07-11T06:03:50.125Z,5
9 ay önce,2025-07-11T03:28:52.143Z,5
9 ay önce,2025-07-10T18:33:42.058Z,5
9 ay önce,2025-07-10T17:57:12.170Z,4
9 ay önce,2025-07-10T17:35:34.821Z,4
9 ay önce,2025-07-09T21:42:26.679Z,5
9 ay önce,2025-07-09T13:40:07.690Z,5
9 ay önce,2025-07-09T12:24:49.386Z,5
9 ay önce,2025-07-09T06:11:06.670Z,5
9 ay önce,2025-07-08T21:02:41.372Z,5
9 ay önce,2025-07-08T17:39:28.258Z,4
9 ay önce,2025-07-08T16:20:14.285Z,5
9 ay önce,2025-07-08T10:43:44.098Z,5
9 ay önce,2025-07-08T08:08:33.267Z,5
9 ay önce,2025-07-08T06:36:30.107Z,5
9 ay önce,2025-07-07T16:06:59.984Z,5
9 ay önce düzenlendi,2025-07-07T15:13:15.464Z,5
9 ay önce,2025-07-07T09:52:00.803Z,3
9 ay önce,2025-07-07T09:07:21.580Z,5
9 ay önce,2025-07-07T08:29:47.380Z,5
9 ay önce,2025-07-07T04:28:42.720Z,5
9 ay önce,2025-07-06T20:14:48.425Z,3
9 ay önce,2025-07-05T20:18:21.503Z,5
9 ay önce,2025-07-05T18:04:53.191Z,5
9 ay önce,2025-07-05T15:59:06.374Z,5
9 ay önce,2025-07-05T09:53:39.276Z,5
9 ay önce,2025-07-04T21:11:16.954Z,5
9 ay önce,2025-07-04T18:38:11.897Z,5
9 ay önce,2025-07-04T17:48:19.999Z,5
9 ay önce,2025-07-04T17:35:31.751Z,5
9 ay önce,2025-07-04T14:55:08.544Z,5
9 ay önce,2025-07-04T14:35:13.079Z,5
9 ay önce,2025-07-04T13:01:25.238Z,4
9 ay önce,2025-07-04T11:53:17.999Z,3
9 ay önce,2025-07-02T13:14:14.779Z,5
9 ay önce,2025-07-02T10:45:26.903Z,5
9 ay önce,2025-07-01T23:58:37.816Z,5
9 ay önce,2025-07-01T19:27:45.983Z,5
9 ay önce,2025-07-01T18:11:32.753Z,5
9 ay önce,2025-07-01T14:45:12.701Z,5
9 ay önce,2025-06-30T19:35:08.731Z,5
9 ay önce,2025-06-30T12:59:43.410Z,5
9 ay önce,2025-06-30T07:49:36.805Z,5
9 ay önce,2025-06-29T18:43:04.564Z,3
9 ay önce,2025-06-29T17:46:26.659Z,5
9 ay önce,2025-06-29T11:59:34.527Z,5
9 ay önce,2025-06-29T08:34:18.237Z,3
9 ay önce,2025-06-29T08:30:05.754Z,5
9 ay önce,2025-06-29T07:45:02.164Z,5
9 ay önce,2025-06-28T11:31:06.121Z,1
9 ay önce,2025-06-27T14:47:46.940Z,1
9 ay önce,2025-06-27T11:42:32.861Z,5
9 ay önce,2025-06-27T09:51:06.198Z,5
9 ay önce,2025-06-26T20:58:44.926Z,5
9 ay önce,2025-06-26T18:46:25.099Z,4
9 ay önce,2025-06-26T10:32:23.014Z,5
9 ay önce,2025-06-26T02:14:31.255Z,1
9 ay önce,2025-06-25T19:42:23.793Z,5
9 ay önce,2025-06-25T17:33:24.995Z,5
9 ay önce,2025-06-25T15:01:03.527Z,4
9 ay önce,2025-06-25T11:40:46.825Z,3
9 ay önce,2025-06-25T11:25:41.379Z,4
9 ay önce,2025-06-24T20:58:13.443Z,4
9 ay önce,2025-06-24T20:44:35.638Z,5
9 ay önce,2025-06-24T07:38:42.484Z,5
9 ay önce,2025-06-24T07:16:53.063Z,4
9 ay önce,2025-06-23T15:30:03.766Z,5
9 ay önce,2025-06-23T10:35:47.505Z,4
9 ay önce,2025-06-23T10:19:47.826Z,5
9 ay önce,2025-06-23T09:16:32.360Z,1
9 ay önce,2025-06-22T20:11:16.272Z,5
9 ay önce,2025-06-22T12:27:47.729Z,5
9 ay önce,2025-06-22T11:09:26.792Z,1
9 ay önce,2025-06-22T09:56:24.506Z,1
9 ay önce,2025-06-22T09:50:22.426Z,5
9 ay önce,2025-06-22T07:06:24.278Z,5
9 ay önce,2025-06-21T20:59:41.497Z,4
9 ay önce,2025-06-21T20:55:46.875Z,5
9 ay önce,2025-06-21T17:43:49.639Z,4
9 ay önce,2025-06-21T16:52:48.871Z,4
9 ay önce,2025-06-21T09:48:22.134Z,5
9 ay önce,2025-06-21T01:46:05.406Z,5
9 ay önce,2025-06-20T21:11:53.000Z,5
9 ay önce,2025-06-20T05:27:36.582Z,5
9 ay önce,2025-06-19T20:41:36.636Z,4
9 ay önce,2025-06-19T17:02:05.226Z,5
9 ay önce,2025-06-19T15:51:16.713Z,5
9 ay önce,2025-06-19T09:42:34.526Z,4
9 ay önce,2025-06-18T20:22:59.500Z,3
9 ay önce,2025-06-17T11:18:07.847Z,5
9 ay önce,2025-06-16T15:37:50.504Z,5
9 ay önce,2025-06-16T15:23:40.942Z,5
9 ay önce,2025-06-15T18:42:37.808Z,5
9 ay önce,2025-06-15T15:38:03.579Z,5
9 ay önce,2025-06-15T11:35:56.847Z,5
9 ay önce,2025-06-15T10:52:17.732Z,4
9 ay önce,2025-06-15T09:28:30.751Z,5
9 ay önce,2025-06-15T05:49:38.477Z,5
9 ay önce,2025-06-13T20:30:57.208Z,5
9 ay önce,2025-06-12T14:25:12.165Z,5
9 ay önce,2025-06-12T14:18:08.750Z,3
9 ay önce,2025-06-12T08:37:37.768Z,4
9 ay önce,2025-06-11T19:31:06.230Z,5
10 ay önce,2025-06-11T05:48:52.694Z,5
10 ay önce,2025-06-10T20:03:33.686Z,4
10 ay önce,2025-06-10T18:43:26.202Z,5
10 ay önce,2025-06-10T18:35:40.242Z,5
10 ay önce,2025-06-10T17:28:44.600Z,5
10 ay önce,2025-06-10T10:15:23.586Z,5
10 ay önce,2025-06-10T07:52:47.290Z,3
10 ay önce,2025-06-09T18:05:09.593Z,5
10 ay önce,2025-06-09T15:22:20.469Z,4
10 ay önce,2025-06-09T13:26:36.332Z,5
10 ay önce,2025-06-09T12:40:13.637Z,3
10 ay önce,2025-06-08T22:20:11.760Z,1
10 ay önce,2025-06-08T20:06:53.066Z,5
10 ay önce,2025-06-08T19:58:55.885Z,4
10 ay önce,2025-06-08T19:22:48.250Z,5
10 ay önce,2025-06-08T18:01:56.101Z,5
10 ay önce,2025-06-08T17:47:26.093Z,4
10 ay önce,2025-06-07T22:42:40.596Z,3
10 ay önce,2025-06-07T21:19:33.870Z,5
10 ay önce,2025-06-07T19:47:22.855Z,2
10 ay önce,2025-06-07T19:41:27.299Z,5
10 ay önce,2025-06-07T18:39:49.553Z,3
10 ay önce,2025-06-07T18:37:55.497Z,5
10 ay önce,2025-06-07T18:29:01.881Z,4
10 ay önce,2025-06-07T15:50:03.018Z,4
10 ay önce,2025-06-07T13:34:12.786Z,1
10 ay önce,2025-06-07T09:57:08.669Z,5
10 ay önce,2025-06-07T07:02:42.543Z,4
10 ay önce,2025-06-04T20:03:43.234Z,5
10 ay önce,2025-06-04T18:44:48.739Z,5
10 ay önce,2025-06-02T22:03:15.925Z,5
10 ay önce,2025-06-02T05:11:20.048Z,4
10 ay önce,2025-06-01T09:09:54.529Z,5
10 ay önce,2025-06-01T06:23:12.476Z,5
10 ay önce,2025-05-31T20:16:34.875Z,5
10 ay önce,2025-05-31T19:30:55.882Z,3
10 ay önce,2025-05-30T15:08:33.909Z,5
10 ay önce,2025-05-29T07:56:52.789Z,5
10 ay önce,2025-05-27T13:55:51.420Z,5
10 ay önce,2025-05-26T17:01:19.618Z,5
10 ay önce,2025-05-26T05:55:26.286Z,5
10 ay önce,2025-05-25T20:11:06.000Z,4
10 ay önce,2025-05-25T08:17:57.703Z,5
10 ay önce,2025-05-23T20:31:57.808Z,5
10 ay önce,2025-05-23T11:45:53.390Z,5
10 ay önce,2025-05-22T07:43:31.544Z,5
10 ay önce,2025-05-21T13:45:49.044Z,5
10 ay önce,2025-05-20T12:51:14.892Z,5
10 ay önce,2025-05-19T18:52:20.273Z,5
10 ay önce,2025-05-19T05:43:15.024Z,5
10 ay önce,2025-05-18T20:58:35.886Z,5
10 ay önce,2025-05-18T16:01:50.791Z,1
10 ay önce,2025-05-18T14:35:33.859Z,5
10 ay önce,2025-05-18T13:26:49.218Z,5
10 ay önce,2025-05-13T14:48:50.468Z,4
11 ay önce,2025-05-11T16:27:17.328Z,5
11 ay önce,2025-05-10T07:14:52.211Z,5
11 ay önce,2025-05-06T14:35:14.759Z,5
11 ay önce,2025-05-05T17:40:26.585Z,5
11 ay önce,2025-05-04T22:16:04.684Z,5
11 ay önce,2025-05-04T14:59:50.220Z,5
11 ay önce,2025-05-04T14:17:51.598Z,5
11 ay önce,2025-05-02T21:35:19.413Z,5
11 ay önce,2025-05-01T18:41:39.543Z,5
11 ay önce,2025-04-27T18:48:02.295Z,5
11 ay önce,2025-04-24T18:32:29.093Z,5
11 ay önce,2025-04-24T09:46:03.372Z,5
11 ay önce,2025-04-23T19:33:33.148Z,1
11 ay önce,2025-04-21T15:54:13.268Z,5
11 ay önce,2025-04-20T16:04:26.935Z,5
11 ay önce,2025-04-20T06:36:41.854Z,5
11 ay önce,2025-04-19T22:27:27.375Z,4
11 ay önce,2025-04-17T19:19:39.221Z,5
11 ay önce,2025-04-17T10:39:15.861Z,5
11 ay önce,2025-04-16T03:59:11.925Z,5
11 ay önce,2025-04-15T17:41:29.644Z,5
11 ay önce,2025-04-15T17:05:20.253Z,5
11 ay önce,2025-04-15T15:02:08.878Z,2
11 ay önce,2025-04-12T20:48:56.254Z,5
11 ay önce,2025-04-12T20:48:43.329Z,5
11 ay önce,2025-04-12T19:51:10.481Z,5
bir yıl önce,2025-04-09T08:15:43.053Z,5
bir yıl önce,2025-04-08T18:44:33.955Z,5
bir yıl önce,2025-04-08T09:17:40.403Z,5
bir yıl önce,2025-04-07T05:35:01.084Z,5
bir yıl önce,2025-04-06T19:37:54.596Z,5
bir yıl önce,2025-04-06T19:14:00.915Z,3
bir yıl önce,2025-04-06T08:41:46.475Z,5
bir yıl önce,2025-04-05T19:32:21.945Z,4
bir yıl önce,2025-04-05T18:36:35.429Z,5
bir yıl önce,2025-04-05T16:07:32.904Z,4
bir yıl önce,2025-04-05T12:16:38.779Z,4
bir yıl önce,2025-04-04T22:04:14.923Z,5
bir yıl önce,2025-04-04T11:37:25.783Z,5
bir yıl önce,2025-04-03T11:51:48.304Z,5
bir yıl önce,2025-04-03T08:18:20.583Z,5
bir yıl önce,2025-04-02T20:04:32.783Z,5
bir yıl önce,2025-04-02T18:50:52.321Z,5
bir yıl önce,2025-04-02T05:00:45.489Z,4
bir yıl önce,2025-04-01T15:14:50.212Z,4
bir yıl önce,2025-04-01T14:59:38.447Z,5
bir yıl önce,2025-04-01T09:04:57.811Z,5
bir yıl önce,2025-03-31T20:49:50.403Z,5
bir yıl önce,2025-03-31T13:33:20.184Z,5
bir yıl önce,2025-03-21T06:17:26.751Z,5
bir yıl önce,2025-03-20T08:57:24.986Z,5
bir yıl önce,2025-03-19T17:42:10.616Z,5
bir yıl önce,2025-03-12T22:51:57.836Z,5
bir yıl önce düzenlendi,2025-03-06T08:06:31.822Z,3
bir yıl önce,2025-03-06T06:36:24.431Z,5
bir yıl önce,2025-02-26T06:31:43.873Z,4
bir yıl önce,2025-02-15T20:59:46.752Z,5
bir yıl önce,2025-02-15T04:28:01.994Z,5
bir yıl önce,2025-02-07T21:06:17.130Z,5
bir yıl önce,2025-02-01T15:54:20.962Z,4
bir yıl önce,2025-01-30T14:29:02.557Z,1
bir yıl önce,2025-01-29T13:07:30.479Z,5
bir yıl önce,2025-01-19T16:46:35.078Z,5
bir yıl önce,2025-01-13T18:29:02.972Z,5
bir yıl önce,2024-12-22T20:11:25.747Z,5
bir yıl önce,2024-12-19T05:57:02.371Z,5
bir yıl önce,2024-12-16T06:24:22.469Z,5
bir yıl önce,2024-12-10T10:05:08.051Z,5
bir yıl önce,2024-12-03T09:28:27.841Z,5
bir yıl önce,2024-11-30T22:33:47.272Z,5
bir yıl önce,2024-11-24T10:33:19.873Z,5
bir yıl önce,2024-11-24T10:23:28.624Z,5
bir yıl önce,2024-11-21T20:47:39.231Z,5
bir yıl önce,2024-11-19T16:33:27.905Z,3
bir yıl önce,2024-11-15T09:42:11.831Z,5
bir yıl önce,2024-11-15T09:34:50.457Z,5
bir yıl önce,2024-11-12T22:07:39.470Z,5
bir yıl önce,2024-11-12T18:21:28.746Z,4
bir yıl önce,2024-11-10T18:45:25.727Z,5
bir yıl önce,2024-11-09T19:25:08.181Z,3
bir yıl önce,2024-11-03T19:10:55.801Z,5
bir yıl önce,2024-11-01T13:25:39.222Z,1
bir yıl önce,2024-10-30T18:12:10.733Z,4
bir yıl önce,2024-10-30T16:38:00.470Z,3
bir yıl önce,2024-10-26T18:52:46.327Z,3
bir yıl önce,2024-10-26T13:02:14.327Z,5
bir yıl önce,2024-10-25T16:02:04.146Z,5
bir yıl önce,2024-10-25T09:41:28.695Z,4
bir yıl önce düzenlendi,2024-10-23T10:59:55.006Z,5
bir yıl önce,2024-10-22T00:09:43.623Z,5
bir yıl önce,2024-10-19T04:32:13.413Z,5
bir yıl önce,2024-10-18T17:37:44.454Z,5
bir yıl önce düzenlendi,2024-10-16T01:34:50.334Z,5
bir yıl önce,2024-10-15T09:30:56.265Z,5
bir yıl önce,2024-10-15T08:00:33.001Z,5
bir yıl önce,2024-10-13T20:26:39.485Z,1
bir yıl önce,2024-10-13T14:09:16.101Z,5
bir yıl önce,2024-10-13T13:46:32.812Z,5
bir yıl önce,2024-10-12T16:40:21.890Z,5
bir yıl önce,2024-10-12T15:23:05.152Z,5
bir yıl önce,2024-10-10T20:41:33.580Z,3
bir yıl önce düzenlendi,2024-10-09T12:53:53.535Z,4
bir yıl önce,2024-10-09T10:27:27.855Z,5
bir yıl önce,2024-10-09T07:35:48.742Z,5
bir yıl önce,2024-10-08T16:19:54.714Z,5
bir yıl önce,2024-10-08T11:10:04.016Z,5
bir yıl önce,2024-10-08T03:34:46.057Z,5
bir yıl önce,2024-10-06T11:48:45.189Z,5
bir yıl önce,2024-10-06T06:22:09.148Z,5
bir yıl önce,2024-10-05T17:15:14.825Z,4
bir yıl önce,2024-10-04T12:42:05.628Z,5
bir yıl önce,2024-10-03T19:06:50.773Z,5
bir yıl önce,2024-09-30T17:52:44.502Z,4
bir yıl önce,2024-09-30T12:19:12.308Z,5
bir yıl önce,2024-09-29T20:04:44.273Z,4
bir yıl önce,2024-09-29T15:00:45.019Z,5
bir yıl önce,2024-09-28T17:40:29.294Z,5
bir yıl önce,2024-09-28T17:18:18.773Z,1
bir yıl önce,2024-09-28T13:35:16.067Z,2
bir yıl önce,2024-09-27T08:00:03.852Z,5
bir yıl önce,2024-09-26T19:37:10.716Z,3
bir yıl önce,2024-09-24T19:36:08.281Z,5
bir yıl önce,2024-09-24T12:46:05.604Z,4
bir yıl önce,2024-09-23T11:29:03.233Z,5
bir yıl önce,2024-09-22T18:21:09.311Z,5
bir yıl önce,2024-09-22T05:55:20.789Z,5
bir yıl önce,2024-09-21T22:08:37.688Z,5
bir yıl önce,2024-09-21T07:10:50.773Z,4
bir yıl önce,2024-09-20T20:55:27.187Z,4
bir yıl önce,2024-09-18T14:46:58.736Z,1
bir yıl önce,2024-09-17T21:47:15.914Z,5
bir yıl önce,2024-09-17T16:19:28.809Z,5
bir yıl önce,2024-09-17T14:35:16.042Z,5
bir yıl önce,2024-09-17T12:11:55.390Z,4
bir yıl önce düzenlendi,2024-09-17T09:32:30.130Z,4
bir yıl önce,2024-09-17T09:29:36.156Z,5
bir yıl önce,2024-09-17T08:22:08.436Z,5
bir yıl önce,2024-09-17T07:12:12.115Z,5
bir yıl önce düzenlendi,2024-09-16T04:33:49.817Z,5
bir yıl önce düzenlendi,2024-09-15T19:37:02.592Z,2
bir yıl önce,2024-09-15T12:16:10.964Z,5
bir yıl önce,2024-09-15T08:48:56.253Z,5
bir yıl önce,2024-09-14T21:41:25.717Z,5
bir yıl önce,2024-09-14T21:36:11.363Z,4
bir yıl önce,2024-09-14T14:23:03.892Z,5
bir yıl önce,2024-09-14T12:12:41.834Z,4
bir yıl önce,2024-09-13T16:31:28.584Z,5
bir yıl önce,2024-09-13T14:45:32.296Z,5
bir yıl önce,2024-09-13T13:49:30.322Z,5
bir yıl önce,2024-09-13T06:53:34.512Z,5
bir yıl önce,2024-09-13T04:22:54.939Z,3
bir yıl önce,2024-09-12T20:04:17.923Z,5
bir yıl önce,2024-09-12T18:29:06.992Z,4
bir yıl önce,2024-09-12T17:48:13.720Z,5
bir yıl önce,2024-09-12T15:32:39.667Z,5
bir yıl önce,2024-09-11T19:27:52.846Z,5
bir yıl önce,2024-09-11T13:16:14.709Z,5
bir yıl önce,2024-09-11T12:25:45.136Z,4
bir yıl önce,2024-09-11T11:42:04.314Z,5
bir yıl önce,2024-09-11T09:33:23.188Z,1
bir yıl önce,2024-09-11T06:57:03.076Z,5
bir yıl önce,2024-09-11T04:20:26.233Z,4
bir yıl önce,2024-09-10T20:29:55.937Z,5
bir yıl önce,2024-09-10T15:47:31.931Z,4
bir yıl önce,2024-09-10T13:56:34.248Z,5
bir yıl önce,2024-09-10T12:59:40.592Z,5
bir yıl önce,2024-09-10T08:56:38.039Z,4
bir yıl önce,2024-09-10T07:00:52.968Z,5
bir yıl önce,2024-09-09T20:31:22.125Z,5
bir yıl önce,2024-09-09T18:01:01.878Z,5
bir yıl önce,2024-09-09T12:58:37.237Z,5
bir yıl önce,2024-09-08T16:23:03.857Z,5
bir yıl önce,2024-09-08T15:47:02.962Z,5
bir yıl önce,2024-09-08T14:45:03.378Z,4
bir yıl önce,2024-09-08T05:58:22.219Z,5
bir yıl önce,2024-09-08T00:53:25.112Z,5
bir yıl önce,2024-09-07T21:01:20.794Z,5
bir yıl önce,2024-09-07T20:25:30.073Z,5
bir yıl önce,2024-09-07T07:22:00.461Z,5
bir yıl önce,2024-09-07T07:20:05.178Z,4
bir yıl önce,2024-09-06T20:27:28.323Z,5
bir yıl önce,2024-09-06T18:02:20.130Z,4
bir yıl önce,2024-09-06T14:53:26.484Z,4
bir yıl önce,2024-09-05T17:10:42.417Z,5
bir yıl önce,2024-09-05T14:17:33.921Z,5
bir yıl önce,2024-09-05T06:50:32.294Z,4
bir yıl önce,2024-09-04T21:07:46.911Z,4
bir yıl önce,2024-09-03T21:25:25.165Z,5
bir yıl önce,2024-09-03T21:18:44.530Z,5
bir yıl önce,2024-09-03T18:55:58.950Z,5
bir yıl önce,2024-09-03T14:54:28.508Z,5
bir yıl önce,2024-09-03T12:12:33.370Z,5
bir yıl önce,2024-09-02T22:21:13.946Z,5
bir yıl önce,2024-09-02T16:59:18.499Z,5
bir yıl önce,2024-09-02T07:58:07.444Z,4
bir yıl önce,2024-09-02T05:57:08.295Z,5
bir yıl önce,2024-09-01T21:11:59.953Z,4
bir yıl önce,2024-09-01T19:01:47.902Z,5
bir yıl önce,2024-09-01T18:09:48.805Z,5
bir yıl önce,2024-09-01T16:25:53.868Z,5
bir yıl önce,2024-09-01T16:13:40.542Z,5
bir yıl önce,2024-09-01T14:06:32.965Z,5
bir yıl önce,2024-09-01T13:41:59.713Z,1
bir yıl önce,2024-09-01T09:46:45.549Z,5
bir yıl önce,2024-08-31T16:43:07.109Z,5
bir yıl önce,2024-08-31T12:08:20.286Z,5
bir yıl önce,2024-08-31T09:21:35.435Z,4
bir yıl önce,2024-08-30T20:03:30.819Z,4
bir yıl önce,2024-08-30T18:47:28.684Z,4
bir yıl önce,2024-08-30T15:37:14.225Z,4
bir yıl önce,2024-08-30T09:03:46.683Z,2
bir yıl önce,2024-08-30T08:21:24.997Z,4
bir yıl önce,2024-08-30T06:56:55.818Z,4
bir yıl önce,2024-08-29T10:28:56.244Z,5
bir yıl önce,2024-08-28T23:16:39.571Z,5
bir yıl önce,2024-08-28T16:24:14.554Z,5
bir yıl önce,2024-08-28T02:43:51.121Z,4
bir yıl önce düzenlendi,2024-08-27T17:14:27.814Z,5
bir yıl önce,2024-08-27T12:09:33.758Z,4
bir yıl önce,2024-08-27T10:15:54.900Z,3
bir yıl önce,2024-08-27T10:15:49.689Z,1
bir yıl önce,2024-08-27T09:26:27.924Z,5
bir yıl önce,2024-08-27T07:46:16.330Z,5
bir yıl önce,2024-08-26T20:39:26.637Z,5
bir yıl önce,2024-08-26T18:57:44.450Z,5
bir yıl önce,2024-08-26T18:16:24.747Z,5
bir yıl önce,2024-08-26T17:52:12.542Z,5
bir yıl önce,2024-08-26T16:14:40.025Z,5
bir yıl önce,2024-08-26T14:23:01.903Z,5
bir yıl önce,2024-08-26T02:35:30.218Z,3
bir yıl önce,2024-08-25T18:04:35.029Z,5
bir yıl önce,2024-08-25T17:12:17.066Z,2
bir yıl önce,2024-08-25T13:11:24.417Z,5
bir yıl önce,2024-08-25T09:38:28.969Z,5
bir yıl önce,2024-08-25T09:37:11.322Z,3
bir yıl önce,2024-08-24T23:24:29.728Z,4
bir yıl önce,2024-08-24T21:31:08.449Z,5
bir yıl önce,2024-08-24T18:19:58.994Z,5
bir yıl önce,2024-08-24T18:14:51.173Z,5
bir yıl önce,2024-08-24T15:57:19.471Z,5
bir yıl önce,2024-08-24T13:06:05.085Z,5
bir yıl önce,2024-08-24T11:04:15.656Z,5
bir yıl önce,2024-08-24T10:54:31.266Z,5
bir yıl önce,2024-08-24T10:52:15.046Z,5
bir yıl önce,2024-08-24T10:35:47.712Z,5
bir yıl önce,2024-08-23T19:42:29.579Z,5
bir yıl önce,2024-08-23T18:59:59.450Z,5
bir yıl önce,2024-08-23T05:47:11.199Z,5
bir yıl önce,2024-08-23T05:12:25.168Z,5
bir yıl önce,2024-08-23T03:22:47.483Z,5
bir yıl önce,2024-08-22T20:47:55.708Z,5
bir yıl önce,2024-08-22T12:52:12.339Z,5
bir yıl önce,2024-08-21T22:06:33.951Z,5
bir yıl önce,2024-08-21T13:44:38.720Z,4
bir yıl önce,2024-08-21T12:52:36.175Z,5
bir yıl önce,2024-08-21T10:42:26.121Z,5
bir yıl önce,2024-08-20T18:30:14.053Z,5
bir yıl önce,2024-08-20T17:45:22.784Z,5
bir yıl önce,2024-08-20T17:40:48.525Z,5
bir yıl önce,2024-08-20T11:20:11.208Z,5
bir yıl önce,2024-08-19T19:27:47.608Z,5
bir yıl önce,2024-08-19T17:59:37.441Z,5
bir yıl önce,2024-08-19T07:56:52.092Z,5
bir yıl önce,2024-08-18T22:17:35.873Z,3
bir yıl önce,2024-08-18T15:47:36.713Z,5
bir yıl önce,2024-08-18T13:28:04.900Z,5
bir yıl önce,2024-08-18T06:37:23.925Z,5
bir yıl önce,2024-08-17T21:11:50.096Z,5
bir yıl önce,2024-08-17T19:55:29.159Z,4
bir yıl önce,2024-08-17T16:44:55.175Z,5
bir yıl önce,2024-08-17T14:40:51.489Z,5
bir yıl önce,2024-08-17T07:12:13.263Z,5
bir yıl önce,2024-08-16T15:21:26.381Z,4
bir yıl önce,2024-08-14T20:18:05.680Z,5
bir yıl önce,2024-08-14T16:22:00.688Z,5
bir yıl önce,2024-08-14T11:56:55.325Z,5
bir yıl önce,2024-08-14T11:20:41.955Z,5
bir yıl önce,2024-08-13T14:35:30.789Z,5
bir yıl önce,2024-08-13T09:12:38.172Z,5
bir yıl önce,2024-08-13T07:42:13.442Z,5
bir yıl önce,2024-08-13T07:17:35.461Z,5
bir yıl önce,2024-08-12T22:53:35.794Z,5
bir yıl önce,2024-08-12T20:06:36.245Z,5
bir yıl önce,2024-08-12T16:20:25.871Z,2
bir yıl önce,2024-08-12T13:31:23.042Z,5
bir yıl önce,2024-08-12T12:56:29.384Z,4
bir yıl önce,2024-08-12T11:26:48.136Z,5
bir yıl önce,2024-08-12T09:49:21.728Z,5
bir yıl önce,2024-08-12T05:39:34.146Z,3
bir yıl önce düzenlendi,2024-08-11T21:38:48.380Z,5
bir yıl önce,2024-08-11T17:03:35.086Z,5
bir yıl önce,2024-08-11T11:15:10.610Z,3
bir yıl önce,2024-08-11T05:40:53.230Z,5
bir yıl önce,2024-08-11T05:35:03.974Z,3
bir yıl önce,2024-08-10T21:36:43.578Z,5
bir yıl önce,2024-08-10T21:27:48.265Z,2
bir yıl önce,2024-08-10T19:46:08.239Z,5
bir yıl önce,2024-08-10T19:04:51.083Z,5
bir yıl önce,2024-08-10T18:42:55.988Z,3
bir yıl önce,2024-08-10T15:02:52.171Z,5
bir yıl önce,2024-08-10T13:53:06.255Z,5
bir yıl önce,2024-08-10T09:59:08.626Z,1
bir yıl önce,2024-08-10T07:31:46.698Z,5
bir yıl önce,2024-08-09T17:41:35.267Z,5
bir yıl önce,2024-08-08T19:28:31.494Z,5
bir yıl önce,2024-08-08T17:36:52.811Z,5
bir yıl önce,2024-08-07T20:26:25.424Z,5
bir yıl önce,2024-08-07T16:04:59.879Z,4
bir yıl önce,2024-08-07T13:35:25.156Z,2
bir yıl önce,2024-08-07T10:25:30.419Z,5
bir yıl önce,2024-08-06T16:49:17.044Z,5
bir yıl önce,2024-08-06T14:43:56.918Z,5
bir yıl önce,2024-08-06T12:46:13.889Z,4
bir yıl önce,2024-08-06T12:03:37.035Z,5
bir yıl önce,2024-08-06T03:26:38.667Z,1
bir yıl önce,2024-08-05T20:28:15.747Z,5
bir yıl önce,2024-08-05T15:34:21.149Z,5
bir yıl önce,2024-08-05T13:48:45.652Z,3
bir yıl önce,2024-08-05T10:04:40.104Z,5
bir yıl önce,2024-08-05T07:48:14.317Z,5
bir yıl önce,2024-08-04T17:23:33.986Z,4
bir yıl önce,2024-08-04T13:42:49.272Z,1
bir yıl önce,2024-08-04T11:15:43.913Z,5
bir yıl önce,2024-08-03T19:03:26.605Z,4
bir yıl önce,2024-08-02T17:02:33.105Z,5
bir yıl önce,2024-08-02T15:58:08.254Z,5
bir yıl önce,2024-08-02T11:13:11.231Z,5
bir yıl önce,2024-08-02T07:07:07.025Z,5
bir yıl önce,2024-08-02T00:13:04.208Z,5
bir yıl önce,2024-08-01T18:47:52.516Z,5
bir yıl önce,2024-08-01T18:25:01.998Z,3
bir yıl önce,2024-08-01T14:47:32.293Z,5
bir yıl önce,2024-07-31T22:03:11.897Z,5
bir yıl önce,2024-07-31T06:34:56.941Z,4
bir yıl önce,2024-07-30T15:09:12.857Z,4
bir yıl önce,2024-07-30T14:33:56.415Z,4
bir yıl önce,2024-07-30T12:47:11.934Z,4
bir yıl önce,2024-07-30T09:05:32.148Z,5
bir yıl önce,2024-07-30T08:30:47.819Z,5
bir yıl önce,2024-07-29T18:29:57.093Z,5
bir yıl önce,2024-07-28T18:47:47.955Z,4
bir yıl önce,2024-07-28T12:41:01.926Z,5
bir yıl önce,2024-07-28T12:12:49.476Z,5
bir yıl önce,2024-07-28T09:14:12.215Z,5
bir yıl önce,2024-07-27T19:20:15.540Z,4
bir yıl önce,2024-07-26T18:35:32.279Z,5
bir yıl önce,2024-07-25T18:22:31.964Z,5
bir yıl önce,2024-07-25T10:32:16.444Z,5
bir yıl önce,2024-07-25T09:27:10.095Z,5
bir yıl önce,2024-07-25T07:25:44.638Z,5
bir yıl önce,2024-07-24T21:26:25.533Z,5
bir yıl önce,2024-07-24T02:32:43.263Z,4
bir yıl önce,2024-07-23T20:50:20.512Z,5
bir yıl önce,2024-07-23T19:01:08.485Z,5
bir yıl önce,2024-07-23T13:01:22.696Z,5
bir yıl önce,2024-07-23T12:38:09.763Z,5
bir yıl önce,2024-07-23T07:12:32.590Z,5
bir yıl önce,2024-07-23T02:50:01.574Z,5
bir yıl önce,2024-07-22T20:17:26.373Z,5
bir yıl önce,2024-07-22T13:24:30.648Z,5
bir yıl önce,2024-07-22T08:45:41.892Z,1
bir yıl önce,2024-07-21T22:12:07.626Z,5
bir yıl önce,2024-07-21T07:19:28.690Z,1
bir yıl önce,2024-07-20T21:32:40.065Z,5
bir yıl önce,2024-07-20T17:09:20.463Z,5
bir yıl önce,2024-07-20T17:06:41.960Z,3
bir yıl önce,2024-07-19T17:30:28.094Z,3
bir yıl önce,2024-07-19T09:06:36.725Z,5
bir yıl önce,2024-07-19T06:38:19.150Z,5
bir yıl önce,2024-07-18T22:04:41.608Z,5
bir yıl önce,2024-07-18T18:42:35.066Z,5
bir yıl önce,2024-07-18T13:27:15.385Z,5
bir yıl önce,2024-07-17T10:21:29.434Z,4
bir yıl önce,2024-07-17T08:29:06.874Z,5
bir yıl önce,2024-07-16T19:09:36.281Z,5
bir yıl önce,2024-07-16T18:36:51.266Z,2
bir yıl önce,2024-07-16T17:28:37.987Z,5
bir yıl önce,2024-07-16T17:07:18.023Z,5
bir yıl önce,2024-07-16T15:04:56.884Z,5
bir yıl önce,2024-07-16T08:36:52.484Z,5
bir yıl önce,2024-07-16T06:47:30.845Z,4
bir yıl önce,2024-07-16T06:12:20.628Z,5
bir yıl önce düzenlendi,2024-07-16T05:39:23.354Z,4
bir yıl önce,2024-07-15T18:53:53.388Z,4
bir yıl önce,2024-07-15T07:31:29.861Z,5
bir yıl önce,2024-07-15T06:20:16.091Z,5
bir yıl önce,2024-07-14T20:23:39.520Z,5
bir yıl önce,2024-07-14T18:37:07.912Z,5
bir yıl önce düzenlendi,2024-07-14T15:14:45.527Z,5
bir yıl önce,2024-07-14T14:12:29.863Z,5
bir yıl önce,2024-07-14T11:11:05.215Z,5
bir yıl önce,2024-07-13T22:30:20.471Z,5
bir yıl önce,2024-07-13T14:03:19.221Z,5
bir yıl önce,2024-07-13T10:36:03.123Z,5
bir yıl önce,2024-07-12T09:33:20.326Z,1
bir yıl önce,2024-07-11T07:34:11.937Z,3
bir yıl önce,2024-07-10T02:26:13.935Z,4
bir yıl önce,2024-07-08T09:39:57.263Z,2
bir yıl önce,2024-07-07T22:33:46.191Z,5
bir yıl önce,2024-07-07T09:29:10.564Z,5
bir yıl önce,2024-07-07T04:19:39.423Z,5
bir yıl önce,2024-07-06T11:46:01.701Z,5
bir yıl önce,2024-07-05T17:54:03.391Z,5
bir yıl önce,2024-07-05T14:19:12.199Z,5
bir yıl önce,2024-07-05T05:02:38.576Z,5
bir yıl önce,2024-07-02T14:16:07.630Z,5
bir yıl önce,2024-07-02T07:15:54.444Z,5
bir yıl önce,2024-07-01T13:53:54.185Z,5
bir yıl önce,2024-07-01T05:42:01.136Z,5
bir yıl önce,2024-06-30T14:47:01.246Z,5
bir yıl önce,2024-06-30T13:37:49.293Z,5
bir yıl önce,2024-06-30T13:20:08.147Z,1
bir yıl önce,2024-06-30T13:13:48.317Z,5
bir yıl önce,2024-06-30T11:05:12.686Z,2
bir yıl önce,2024-06-30T02:45:25.497Z,5
bir yıl önce,2024-06-29T18:43:58.803Z,4
bir yıl önce,2024-06-29T17:14:26.263Z,5
bir yıl önce,2024-06-29T16:41:57.422Z,5
bir yıl önce,2024-06-29T15:54:44.725Z,5
bir yıl önce düzenlendi,2024-06-29T14:08:27.463Z,4
bir yıl önce,2024-06-29T12:18:38.343Z,5
bir yıl önce,2024-06-29T10:43:44.004Z,5
bir yıl önce,2024-06-29T10:17:36.354Z,5
bir yıl önce,2024-06-28T13:28:31.154Z,5
bir yıl önce,2024-06-28T09:50:47.715Z,5
bir yıl önce,2024-06-27T18:52:15.753Z,5
bir yıl önce,2024-06-27T17:37:01.865Z,5
bir yıl önce,2024-06-27T09:05:43.256Z,4
bir yıl önce,2024-06-27T08:35:04.446Z,5
bir yıl önce,2024-06-26T20:32:23.188Z,4
bir yıl önce,2024-06-26T17:30:50.461Z,5
bir yıl önce,2024-06-26T16:43:28.591Z,5
bir yıl önce,2024-06-26T14:12:10.019Z,5
bir yıl önce,2024-06-26T13:56:41.139Z,4
bir yıl önce,2024-06-26T12:00:08.303Z,1
bir yıl önce,2024-06-26T10:37:20.659Z,5
bir yıl önce,2024-06-25T17:03:21.217Z,1
bir yıl önce,2024-06-25T12:14:44.076Z,5
bir yıl önce,2024-06-25T12:11:48.884Z,5
bir yıl önce,2024-06-25T09:28:39.678Z,5
bir yıl önce,2024-06-25T04:06:18.519Z,5
bir yıl önce,2024-06-24T09:14:12.550Z,1
bir yıl önce,2024-06-23T16:47:27.305Z,4
bir yıl önce,2024-06-23T15:42:50.395Z,4
bir yıl önce,2024-06-23T11:05:37.271Z,4
bir yıl önce,2024-06-23T10:20:18.161Z,4
bir yıl önce düzenlendi,2024-06-23T10:05:15.778Z,4
bir yıl önce,2024-06-22T19:46:49.587Z,3
bir yıl önce,2024-06-22T19:44:43.161Z,5
bir yıl önce,2024-06-21T18:21:32.137Z,5
bir yıl önce,2024-06-21T18:13:42.871Z,2
bir yıl önce,2024-06-21T17:39:40.762Z,1
bir yıl önce,2024-06-21T17:06:51.595Z,5
bir yıl önce,2024-06-21T16:11:43.830Z,5
bir yıl önce,2024-06-21T15:12:45.309Z,2
bir yıl önce,2024-06-21T05:37:29.060Z,5
bir yıl önce,2024-06-19T17:05:28.903Z,5
bir yıl önce,2024-06-19T16:49:12.146Z,3
bir yıl önce,2024-06-19T11:42:53.370Z,3
bir yıl önce,2024-06-19T09:09:38.382Z,5
bir yıl önce,2024-06-19T08:11:14.512Z,1
bir yıl önce,2024-06-18T07:55:50.901Z,5
bir yıl önce,2024-06-17T10:37:20.179Z,5
bir yıl önce düzenlendi,2024-06-17T10:35:36.239Z,5
bir yıl önce,2024-06-17T05:39:43.708Z,5
bir yıl önce,2024-06-16T18:46:47.054Z,5
bir yıl önce,2024-06-15T20:36:30.179Z,3
bir yıl önce,2024-06-13T10:44:21.538Z,5
bir yıl önce,2024-06-13T04:43:29.577Z,5
bir yıl önce,2024-06-11T18:47:28.269Z,5
bir yıl önce,2024-06-11T02:43:51.923Z,4
bir yıl önce,2024-06-10T14:26:36.582Z,5
bir yıl önce,2024-06-10T09:54:16.676Z,5
bir yıl önce,2024-06-09T18:42:22.610Z,3
bir yıl önce,2024-06-09T14:48:26.139Z,5
bir yıl önce,2024-06-08T21:30:05.045Z,1
bir yıl önce,2024-06-07T12:56:10.730Z,5
bir yıl önce,2024-06-07T11:25:24.632Z,5
bir yıl önce,2024-06-06T08:32:11.916Z,5
bir yıl önce,2024-06-05T21:30:09.385Z,4
bir yıl önce,2024-06-05T05:57:17.666Z,5
bir yıl önce,2024-06-02T13:20:47.461Z,5
bir yıl önce,2024-06-02T12:14:13.761Z,4
bir yıl önce,2024-06-02T11:00:55.095Z,5
bir yıl önce,2024-06-02T06:42:17.342Z,3
bir yıl önce,2024-05-25T08:36:42.465Z,5
bir yıl önce,2024-05-25T03:41:27.219Z,5
bir yıl önce,2024-05-24T08:29:50.760Z,5
bir yıl önce,2024-05-21T18:23:33.845Z,4
bir yıl önce,2024-05-21T14:45:20.360Z,5
bir yıl önce,2024-05-21T07:34:22.303Z,4
bir yıl önce,2024-05-19T19:00:17.848Z,5
bir yıl önce,2024-05-19T17:27:41.259Z,5
bir yıl önce,2024-05-15T07:52:26.444Z,5
bir yıl önce,2024-05-14T19:29:35.842Z,5
bir yıl önce,2024-05-14T18:50:17.484Z,5
bir yıl önce,2024-05-10T10:12:04.435Z,5
bir yıl önce,2024-05-10T06:13:17.702Z,5
bir yıl önce,2024-05-06T00:57:04.260Z,3
bir yıl önce,2024-05-05T12:17:59.861Z,4
bir yıl önce,2024-04-29T18:05:46.068Z,5
bir yıl önce,2024-04-29T13:31:56.395Z,4
bir yıl önce,2024-04-28T15:00:41.841Z,4
bir yıl önce,2024-04-28T11:58:46.500Z,5
bir yıl önce,2024-04-28T09:25:57.456Z,5
bir yıl önce,2024-04-26T20:45:09.123Z,5
bir yıl önce,2024-04-25T13:04:33.436Z,5
bir yıl önce,2024-04-24T15:55:01.198Z,5
bir yıl önce,2024-04-22T11:57:51.606Z,3
bir yıl önce,2024-04-21T18:17:54.590Z,3
bir yıl önce,2024-04-20T13:53:44.791Z,5
bir yıl önce,2024-04-19T08:05:38.647Z,5
bir yıl önce,2024-04-18T16:00:06.261Z,5
bir yıl önce,2024-04-16T20:35:51.803Z,5
bir yıl önce,2024-04-16T13:56:19.092Z,3
bir yıl önce,2024-04-16T09:44:59.094Z,4
bir yıl önce,2024-04-14T17:06:08.941Z,5
bir yıl önce,2024-04-14T12:08:17.501Z,5
bir yıl önce,2024-04-14T11:50:53.876Z,5
bir yıl önce,2024-04-14T07:35:32.906Z,5
bir yıl önce,2024-04-13T22:46:16.561Z,5
bir yıl önce,2024-04-13T19:21:51.321Z,5
bir yıl önce,2024-04-13T18:14:05.713Z,1
bir yıl önce,2024-04-13T12:50:25.779Z,1
bir yıl önce,2024-04-12T19:53:58.210Z,4
bir yıl önce düzenlendi,2024-04-12T17:40:22.272Z,5
bir yıl önce,2024-04-12T11:19:47.446Z,5
bir yıl önce,2024-04-11T20:32:42.872Z,1
2 yıl önce,2024-04-11T17:32:25.554Z,3
2 yıl önce,2024-04-11T16:27:25.098Z,5
2 yıl önce,2024-04-09T14:05:55.021Z,5
2 yıl önce,2024-04-09T12:03:45.195Z,5
2 yıl önce,2024-04-08T07:06:42.677Z,5
2 yıl önce,2024-04-04T20:05:13.008Z,5
2 yıl önce,2024-04-02T05:19:08.342Z,5
2 yıl önce,2024-03-02T15:23:13.528Z,5
2 yıl önce,2024-03-02T09:29:11.909Z,2
2 yıl önce,2024-02-25T21:56:28.788Z,5
2 yıl önce,2024-02-25T14:42:06.010Z,3
2 yıl önce,2024-02-25T13:42:12.556Z,1
2 yıl önce,2024-02-25T00:31:58.655Z,4
2 yıl önce,2024-02-21T13:24:36.883Z,5
2 yıl önce düzenlendi,2024-02-19T13:50:06.497Z,4
2 yıl önce,2024-02-17T14:16:16.504Z,5
2 yıl önce,2024-01-22T17:08:37.392Z,3
2 yıl önce,2024-01-12T16:04:50.438Z,3
2 yıl önce,2024-01-10T02:25:13.253Z,5
2 yıl önce,2023-12-23T18:29:44.558Z,5
2 yıl önce,2023-12-23T11:15:03.602Z,4
2 yıl önce,2023-12-20T12:11:17.238Z,4
2 yıl önce düzenlendi,2023-12-14T03:35:02.096Z,5
2 yıl önce,2023-12-08T15:05:02.227Z,5
2 yıl önce,2023-12-05T02:28:00.937Z,5
2 yıl önce,2023-12-02T12:32:28.305Z,1
2 yıl önce,2023-11-27T10:41:43.113Z,5
2 yıl önce,2023-11-25T08:19:04.287Z,5
2 yıl önce,2023-11-24T06:34:23.115Z,4
2 yıl önce,2023-11-18T18:45:30.376Z,5
2 yıl önce,2023-11-09T15:43:52.299Z,5
2 yıl önce,2023-11-05T01:34:35.299Z,5
2 yıl önce,2023-10-28T18:36:44.830Z,5
2 yıl önce düzenlendi,2023-10-23T09:43:44.841Z,5
2 yıl önce,2023-10-18T17:22:06.683Z,5
2 yıl önce,2023-10-12T04:49:05.909Z,2
2 yıl önce düzenlendi,2023-10-09T16:19:49.933Z,5
2 yıl önce,2023-10-08T16:19:32.318Z,5
2 yıl önce,2023-10-08T08:21:50.186Z,5
2 yıl önce,2023-10-07T11:46:14.900Z,5
2 yıl önce,2023-10-05T08:22:35.028Z,5
2 yıl önce,2023-10-03T14:41:15.941Z,5
2 yıl önce,2023-10-01T08:43:58.065Z,5
2 yıl önce,2023-09-29T18:20:07.634Z,5
2 yıl önce,2023-09-26T14:41:06.758Z,5
2 yıl önce,2023-09-24T12:11:09.853Z,5
2 yıl önce,2023-09-23T18:02:34.938Z,4
2 yıl önce,2023-09-23T10:14:54.485Z,1
2 yıl önce,2023-09-22T21:20:55.431Z,5
2 yıl önce,2023-09-22T17:12:34.195Z,5
2 yıl önce,2023-09-22T10:19:27.792Z,1
2 yıl önce,2023-09-22T03:51:06.033Z,5
2 yıl önce,2023-09-21T06:50:23.302Z,5
2 yıl önce,2023-09-20T11:51:20.994Z,4
2 yıl önce,2023-09-19T21:26:55.466Z,5
2 yıl önce,2023-09-19T06:49:21.827Z,4
2 yıl önce,2023-09-17T16:14:45.083Z,5
2 yıl önce,2023-09-17T11:01:54.443Z,5
2 yıl önce,2023-09-16T08:35:59.657Z,5
2 yıl önce düzenlendi,2023-09-15T11:58:39.626Z,4
2 yıl önce,2023-09-13T20:13:50.261Z,5
2 yıl önce,2023-09-12T10:35:01.398Z,5
2 yıl önce,2023-09-11T19:11:08.992Z,5
2 yıl önce,2023-09-11T13:28:57.125Z,5
2 yıl önce,2023-09-11T05:00:20.542Z,2
2 yıl önce,2023-09-10T15:09:18.695Z,5
2 yıl önce,2023-09-10T14:05:00.026Z,3
2 yıl önce,2023-09-10T07:38:52.701Z,5
2 yıl önce,2023-09-09T23:25:41.438Z,4
2 yıl önce,2023-09-09T20:46:44.665Z,5
2 yıl önce,2023-09-09T19:33:50.072Z,5
2 yıl önce,2023-09-09T18:08:02.753Z,5
2 yıl önce,2023-09-09T16:59:23.650Z,4
2 yıl önce,2023-09-09T15:40:53.673Z,5
2 yıl önce,2023-09-08T22:12:42.063Z,5
2 yıl önce,2023-09-08T17:59:56.637Z,4
2 yıl önce,2023-09-08T12:43:47.718Z,5
2 yıl önce,2023-09-06T09:26:00.340Z,5
2 yıl önce,2023-09-05T17:57:57.630Z,5
2 yıl önce,2023-09-04T19:52:32.447Z,4
2 yıl önce,2023-09-04T19:34:53.693Z,5
2 yıl önce,2023-09-04T18:17:04.570Z,5
2 yıl önce,2023-09-04T13:58:28.191Z,5
2 yıl önce,2023-09-02T13:12:47.040Z,4
2 yıl önce,2023-09-02T08:46:35.681Z,5
2 yıl önce,2023-09-02T04:11:56.068Z,5
2 yıl önce,2023-09-01T14:17:59.712Z,5
2 yıl önce,2023-09-01T11:25:55.870Z,5
2 yıl önce,2023-08-30T21:21:35.549Z,5
2 yıl önce,2023-08-30T20:04:40.719Z,5
2 yıl önce,2023-08-30T17:47:58.088Z,5
2 yıl önce,2023-08-30T11:50:13.257Z,5
2 yıl önce,2023-08-30T07:23:30.438Z,5
2 yıl önce,2023-08-29T07:19:31.748Z,5
2 yıl önce,2023-08-28T20:30:39.511Z,4
2 yıl önce,2023-08-28T18:57:46.247Z,3
2 yıl önce düzenlendi,2023-08-28T10:08:28.594Z,5
2 yıl önce,2023-08-28T06:45:44.981Z,5
2 yıl önce,2023-08-28T05:09:22.022Z,5
2 yıl önce düzenlendi,2023-08-27T16:51:34.500Z,4
2 yıl önce,2023-08-27T12:07:36.139Z,2
2 yıl önce,2023-08-25T17:29:00.373Z,5
2 yıl önce,2023-08-25T15:47:40.480Z,5
2 yıl önce,2023-08-25T06:49:54.439Z,5
2 yıl önce,2023-08-24T16:23:26.206Z,5
2 yıl önce,2023-08-24T12:48:41.339Z,2
2 yıl önce,2023-08-24T12:11:21.428Z,5
2 yıl önce,2023-08-23T12:38:20.928Z,5
2 yıl önce,2023-08-22T12:32:11.620Z,5
2 yıl önce,2023-08-22T10:21:53.727Z,5
2 yıl önce,2023-08-21T04:56:00.087Z,5
2 yıl önce,2023-08-20T10:11:39.517Z,4
2 yıl önce,2023-08-20T08:56:50.303Z,5
2 yıl önce,2023-08-19T17:23:17.361Z,5
2 yıl önce,2023-08-18T23:55:22.151Z,5
2 yıl önce,2023-08-17T20:34:23.422Z,5
2 yıl önce,2023-08-17T19:59:41.645Z,5
2 yıl önce,2023-08-17T12:17:59.505Z,5
2 yıl önce,2023-08-17T07:43:33.954Z,5
2 yıl önce,2023-08-17T06:02:03.754Z,5
2 yıl önce,2023-08-16T21:27:26.240Z,4
2 yıl önce,2023-08-16T20:36:21.203Z,4
2 yıl önce,2023-08-16T09:31:37.870Z,5
2 yıl önce,2023-08-15T12:24:14.238Z,5
2 yıl önce,2023-08-14T13:04:00.160Z,4
2 yıl önce,2023-08-14T10:12:54.088Z,5
2 yıl önce,2023-08-14T09:39:49.835Z,5
2 yıl önce düzenlendi,2023-08-14T09:05:46.970Z,5
2 yıl önce,2023-08-13T21:10:44.822Z,5
2 yıl önce,2023-08-13T18:39:05.433Z,5
2 yıl önce,2023-08-13T10:21:21.691Z,5
2 yıl önce,2023-08-11T21:40:16.981Z,3
2 yıl önce,2023-08-11T19:33:24.412Z,4
2 yıl önce,2023-08-11T19:08:08.601Z,5
2 yıl önce,2023-08-11T16:30:27.541Z,5
2 yıl önce,2023-08-11T13:07:36.514Z,5
2 yıl önce,2023-08-11T08:38:54.340Z,5
2 yıl önce,2023-08-10T19:51:01.521Z,5
2 yıl önce,2023-08-09T18:28:49.136Z,5
2 yıl önce,2023-08-09T14:08:00.276Z,5
2 yıl önce,2023-08-08T11:50:58.976Z,5
2 yıl önce,2023-08-07T21:04:41.734Z,5
2 yıl önce,2023-08-07T06:56:06.455Z,5
2 yıl önce,2023-08-06T16:33:19.542Z,5
2 yıl önce,2023-08-06T16:01:21.141Z,5
2 yıl önce,2023-08-06T13:20:26.569Z,5
2 yıl önce,2023-08-06T09:28:14.074Z,5
2 yıl önce,2023-08-06T07:35:32.291Z,3
2 yıl önce,2023-08-06T01:41:03.683Z,5
2 yıl önce,2023-08-03T17:58:20.823Z,5
2 yıl önce,2023-08-01T22:48:16.645Z,3
2 yıl önce,2023-07-30T14:55:18.979Z,5
2 yıl önce,2023-07-30T13:36:21.208Z,5
2 yıl önce,2023-07-29T18:03:24.948Z,5
2 yıl önce,2023-07-29T15:26:15.617Z,3
2 yıl önce,2023-07-28T06:39:27.283Z,4
2 yıl önce,2023-07-27T23:59:53.254Z,5
2 yıl önce,2023-07-26T19:40:03.148Z,4
2 yıl önce,2023-07-26T12:41:35.889Z,5
2 yıl önce,2023-07-26T07:50:26.084Z,5
2 yıl önce düzenlendi,2023-07-26T04:45:27.775Z,5
2 yıl önce,2023-07-25T19:15:22.721Z,5
2 yıl önce,2023-07-25T11:58:56.340Z,5
2 yıl önce,2023-07-25T10:59:58.868Z,5
2 yıl önce,2023-07-24T11:16:15.517Z,5
2 yıl önce,2023-07-23T19:48:17.366Z,5
2 yıl önce,2023-07-23T18:31:04.649Z,4
2 yıl önce,2023-07-22T17:30:35.275Z,5
2 yıl önce,2023-07-22T07:53:24.559Z,5
2 yıl önce,2023-07-20T11:39:01.291Z,5
2 yıl önce,2023-07-18T17:14:53.183Z,5
2 yıl önce,2023-07-18T15:09:13.564Z,5
2 yıl önce,2023-07-17T21:26:47.515Z,5
2 yıl önce,2023-07-17T11:26:38.025Z,4
2 yıl önce,2023-07-16T20:04:47.406Z,4
2 yıl önce,2023-07-15T14:40:03.227Z,5
2 yıl önce,2023-07-15T11:42:03.069Z,5
2 yıl önce,2023-07-14T17:50:34.798Z,4
2 yıl önce,2023-07-13T16:57:17.341Z,5
2 yıl önce,2023-07-12T20:38:26.058Z,4
2 yıl önce,2023-07-10T16:02:56.941Z,4
2 yıl önce,2023-07-09T19:27:04.050Z,5
2 yıl önce,2023-07-09T13:40:32.475Z,5
2 yıl önce düzenlendi,2023-07-09T06:10:02.840Z,5
2 yıl önce,2023-07-08T14:13:27.738Z,4
2 yıl önce,2023-07-07T11:01:54.956Z,5
2 yıl önce,2023-07-07T07:04:18.255Z,3
2 yıl önce,2023-07-06T19:33:26.026Z,5
2 yıl önce,2023-07-06T08:34:28.580Z,3
2 yıl önce,2023-07-05T17:18:35.056Z,5
2 yıl önce,2023-07-05T14:03:52.256Z,4
2 yıl önce,2023-07-05T12:34:01.426Z,5
2 yıl önce,2023-07-05T07:51:43.426Z,5
2 yıl önce,2023-07-04T18:29:31.219Z,4
2 yıl önce,2023-07-04T07:49:13.115Z,5
2 yıl önce,2023-07-04T07:39:01.649Z,4
2 yıl önce,2023-07-03T18:16:26.333Z,5
2 yıl önce,2023-07-03T07:03:11.512Z,5
2 yıl önce,2023-07-02T21:30:20.978Z,5
2 yıl önce,2023-07-02T14:35:36.220Z,5
2 yıl önce,2023-07-01T21:07:25.060Z,5
2 yıl önce,2023-07-01T17:40:03.180Z,5
2 yıl önce,2023-07-01T14:33:57.836Z,4
2 yıl önce,2023-07-01T13:33:16.576Z,5
2 yıl önce,2023-07-01T13:00:48.361Z,3
2 yıl önce,2023-07-01T12:39:19.532Z,3
2 yıl önce,2023-07-01T06:16:08.844Z,5
2 yıl önce,2023-06-30T15:06:58.099Z,5
2 yıl önce,2023-06-30T08:16:10.893Z,4
2 yıl önce,2023-06-29T11:10:36.222Z,1
2 yıl önce,2023-06-29T07:54:27.927Z,5
2 yıl önce,2023-06-28T19:07:58.441Z,1
2 yıl önce,2023-06-27T16:09:51.164Z,5
2 yıl önce,2023-06-27T10:29:50.195Z,5
2 yıl önce,2023-06-26T20:22:37.534Z,5
2 yıl önce,2023-06-26T19:43:14.310Z,5
2 yıl önce,2023-06-26T13:22:59.039Z,5
2 yıl önce,2023-06-24T21:18:20.060Z,5
2 yıl önce,2023-06-24T04:00:17.850Z,5
2 yıl önce,2023-06-23T16:32:49.141Z,5
2 yıl önce,2023-06-18T21:28:43.068Z,3
2 yıl önce,2023-06-14T21:10:32.691Z,5
2 yıl önce,2023-06-13T11:08:58.109Z,5
2 yıl önce,2023-06-07T16:36:45.088Z,3
2 yıl önce,2023-06-07T14:33:56.145Z,5
2 yıl önce,2023-06-05T04:50:13.001Z,4
2 yıl önce,2023-06-04T21:26:48.099Z,5
2 yıl önce,2023-06-03T21:27:50.946Z,5
2 yıl önce,2023-06-02T11:55:42.606Z,5
2 yıl önce,2023-05-31T16:54:02.758Z,4
2 yıl önce,2023-05-31T11:29:53.221Z,5
2 yıl önce,2023-05-29T12:43:08.300Z,1
2 yıl önce,2023-05-26T20:27:59.021Z,4
2 yıl önce,2023-05-26T15:00:41.798Z,5
2 yıl önce,2023-05-18T17:06:42.777Z,5
2 yıl önce,2023-05-18T14:18:30.224Z,5
2 yıl önce,2023-05-12T01:23:53.260Z,5
2 yıl önce,2023-05-08T16:19:43.393Z,5
2 yıl önce,2023-05-07T11:29:50.543Z,4
2 yıl önce,2023-05-04T11:34:37.894Z,5
2 yıl önce,2023-05-02T10:50:49.255Z,3
2 yıl önce,2023-05-02T09:03:56.339Z,5
2 yıl önce,2023-04-28T17:31:15.129Z,5
2 yıl önce,2023-04-26T09:32:03.184Z,1
2 yıl önce,2023-04-25T10:31:22.932Z,5
2 yıl önce,2023-04-20T14:32:23.778Z,4
2 yıl önce,2023-04-17T12:22:24.540Z,5
3 yıl önce,2023-04-04T16:06:57.067Z,5
3 yıl önce,2023-03-26T16:48:00.957Z,5
3 yıl önce,2023-03-15T00:15:59.648Z,5
3 yıl önce düzenlendi,2023-02-04T20:30:33.860Z,5
3 yıl önce,2023-01-26T01:01:33.152Z,5
3 yıl önce,2022-12-28T11:49:41.718Z,5
3 yıl önce,2022-12-23T15:26:26.904Z,3
3 yıl önce,2022-12-18T20:47:35.734Z,5
3 yıl önce,2022-12-11T17:54:01.928Z,5
3 yıl önce,2022-12-10T23:59:50.233Z,5
3 yıl önce,2022-11-29T13:03:58.105Z,5
3 yıl önce,2022-11-23T19:43:50.019Z,5
3 yıl önce,2022-11-14T17:28:00.510Z,4
3 yıl önce,2022-11-05T07:01:57.951Z,5
3 yıl önce,2022-11-04T22:28:15.225Z,5
3 yıl önce,2022-11-02T08:15:56.812Z,5
3 yıl önce,2022-11-02T07:59:48.670Z,4
3 yıl önce,2022-10-30T18:16:04.385Z,5
3 yıl önce,2022-10-30T11:52:03.842Z,5
3 yıl önce,2022-10-27T16:47:29.210Z,5
3 yıl önce,2022-10-23T14:48:05.420Z,4
3 yıl önce,2022-10-16T20:15:30.493Z,5
3 yıl önce,2022-10-10T14:15:24.226Z,5
3 yıl önce,2022-10-08T17:58:33.399Z,5
3 yıl önce,2022-10-06T11:33:05.158Z,2
3 yıl önce,2022-10-05T06:35:11.332Z,5
3 yıl önce,2022-10-03T23:03:09.332Z,5
3 yıl önce,2022-10-02T20:22:18.668Z,5
3 yıl önce,2022-10-02T15:22:00.423Z,5
3 yıl önce,2022-10-02T14:01:18.898Z,5
3 yıl önce,2022-09-29T13:13:28.577Z,5
3 yıl önce,2022-09-27T06:19:18.698Z,5
3 yıl önce,2022-09-25T12:44:18.514Z,5
3 yıl önce,2022-09-23T21:48:54.909Z,5
3 yıl önce,2022-09-22T20:54:01.355Z,5
3 yıl önce,2022-09-22T15:03:20.779Z,5
3 yıl önce,2022-09-22T06:56:41.519Z,5
3 yıl önce,2022-09-20T12:24:27.339Z,5
3 yıl önce,2022-09-20T11:02:37.397Z,5
3 yıl önce,2022-09-20T06:48:34.355Z,5
3 yıl önce,2022-09-20T06:04:16.673Z,5
3 yıl önce,2022-09-19T04:22:25.895Z,5
3 yıl önce,2022-09-18T09:58:29.343Z,3
3 yıl önce,2022-09-17T22:57:27.041Z,5
3 yıl önce,2022-09-16T16:02:51.967Z,5
3 yıl önce,2022-09-16T03:40:46.157Z,5
3 yıl önce,2022-09-15T15:02:24.136Z,5
3 yıl önce,2022-09-15T09:07:01.978Z,5
3 yıl önce,2022-09-13T12:06:32.771Z,5
3 yıl önce,2022-09-13T11:10:56.768Z,5
3 yıl önce,2022-09-13T09:56:06.774Z,3
3 yıl önce,2022-09-12T21:52:12.065Z,5
3 yıl önce düzenlendi,2022-09-10T19:49:59.570Z,5
3 yıl önce,2022-09-10T16:42:44.777Z,4
3 yıl önce,2022-09-10T11:50:15.869Z,4
3 yıl önce,2022-09-10T05:56:59.759Z,5
3 yıl önce,2022-09-08T14:21:42.380Z,5
3 yıl önce düzenlendi,2022-09-08T11:32:15.880Z,5
3 yıl önce,2022-09-07T20:28:28.848Z,5
3 yıl önce,2022-09-07T18:03:38.978Z,4
3 yıl önce,2022-09-07T17:20:12.343Z,5
3 yıl önce,2022-09-07T10:32:59.096Z,3
3 yıl önce,2022-09-07T03:24:34.176Z,4
3 yıl önce düzenlendi,2022-09-05T15:22:02.705Z,5
3 yıl önce,2022-09-05T11:43:24.362Z,5
3 yıl önce,2022-09-05T09:46:08.016Z,5
3 yıl önce,2022-09-04T21:41:08.207Z,5
3 yıl önce,2022-09-04T16:29:55.979Z,5
3 yıl önce,2022-09-01T13:00:54.870Z,4
3 yıl önce,2022-08-31T17:23:41.634Z,5
3 yıl önce,2022-08-31T15:14:18.477Z,5
3 yıl önce,2022-08-31T08:49:58.096Z,3
3 yıl önce,2022-08-31T08:13:59.236Z,5
3 yıl önce,2022-08-31T07:48:13.835Z,2
3 yıl önce,2022-08-30T13:37:46.360Z,5
3 yıl önce,2022-08-30T08:56:45.097Z,1
3 yıl önce,2022-08-29T14:42:52.150Z,5
3 yıl önce,2022-08-29T09:08:01.774Z,5
3 yıl önce,2022-08-28T16:56:45.630Z,1
3 yıl önce,2022-08-28T15:34:01.049Z,5
3 yıl önce,2022-08-28T11:48:47.418Z,5
3 yıl önce,2022-08-28T06:40:40.801Z,3
3 yıl önce,2022-08-27T20:35:42.976Z,5
3 yıl önce,2022-08-27T13:41:17.280Z,4
3 yıl önce,2022-08-27T10:47:11.920Z,5
3 yıl önce,2022-08-26T19:10:24.729Z,4
3 yıl önce,2022-08-26T06:02:20.489Z,5
3 yıl önce,2022-08-25T10:57:40.004Z,5
3 yıl önce,2022-08-24T14:32:09.714Z,5
3 yıl önce,2022-08-24T11:47:46.689Z,4
3 yıl önce,2022-08-23T13:57:16.156Z,4
3 yıl önce,2022-08-22T20:45:09.683Z,5
3 yıl önce,2022-08-22T19:22:23.866Z,5
3 yıl önce,2022-08-22T17:41:24.696Z,5
3 yıl önce,2022-08-22T17:02:49.568Z,5
3 yıl önce,2022-08-21T21:34:46.808Z,5
3 yıl önce düzenlendi,2022-08-21T12:52:55.569Z,5
3 yıl önce,2022-08-21T04:47:07.577Z,5
3 yıl önce,2022-08-20T17:16:34.495Z,5
3 yıl önce,2022-08-20T12:10:46.511Z,5
3 yıl önce,2022-08-20T12:09:30.579Z,5
3 yıl önce,2022-08-20T08:44:29.688Z,5
3 yıl önce,2022-08-20T06:54:13.960Z,5
3 yıl önce,2022-08-20T05:17:38.843Z,5
3 yıl önce,2022-08-19T18:43:03.553Z,5
3 yıl önce,2022-08-18T22:06:25.452Z,5
3 yıl önce,2022-08-18T18:15:13.063Z,1
3 yıl önce,2022-08-17T16:26:45.844Z,5
3 yıl önce,2022-08-17T13:39:31.462Z,5
3 yıl önce,2022-08-17T03:55:08.806Z,4
3 yıl önce,2022-08-15T17:49:24.852Z,5
3 yıl önce,2022-08-14T21:25:11.263Z,5
3 yıl önce,2022-08-14T14:59:53.384Z,5
3 yıl önce,2022-08-13T09:25:46.666Z,5
3 yıl önce,2022-08-12T20:27:26.052Z,5
3 yıl önce,2022-08-12T18:38:31.369Z,4
3 yıl önce,2022-08-11T23:52:27.364Z,5
3 yıl önce,2022-08-11T09:46:39.162Z,5
3 yıl önce,2022-08-10T14:59:35.569Z,4
3 yıl önce,2022-08-09T16:20:21.678Z,5
3 yıl önce,2022-08-09T12:03:14.769Z,4
3 yıl önce,2022-08-09T11:11:06.224Z,5
3 yıl önce,2022-08-09T10:02:08.460Z,5
3 yıl önce,2022-08-08T19:20:03.735Z,5
3 yıl önce,2022-08-08T12:22:07.051Z,1
3 yıl önce,2022-08-07T20:30:56.343Z,4
3 yıl önce,2022-08-07T17:12:21.696Z,3
3 yıl önce,2022-08-07T16:29:29.412Z,4
3 yıl önce,2022-08-07T15:21:34.052Z,1
3 yıl önce,2022-08-07T12:15:32.540Z,5
3 yıl önce,2022-08-07T08:52:02.249Z,5
3 yıl önce,2022-08-06T22:49:27.316Z,5
3 yıl önce,2022-08-06T17:51:08.161Z,5
3 yıl önce,2022-08-06T16:17:48.092Z,4
3 yıl önce,2022-08-05T21:53:42.207Z,5
3 yıl önce,2022-08-05T14:16:55.185Z,5
3 yıl önce,2022-08-04T06:49:47.562Z,5
3 yıl önce,2022-08-03T16:11:34.905Z,5
3 yıl önce,2022-08-02T13:29:19.161Z,5
3 yıl önce,2022-08-02T10:36:59.847Z,5
3 yıl önce,2022-08-01T21:03:47.391Z,1
3 yıl önce,2022-07-31T21:27:10.491Z,3
3 yıl önce,2022-07-31T20:35:10.612Z,5
3 yıl önce,2022-07-31T19:32:48.408Z,5
3 yıl önce,2022-07-31T18:13:04.662Z,5
3 yıl önce,2022-07-31T11:14:38.679Z,1
3 yıl önce,2022-07-31T10:41:35.622Z,1
3 yıl önce,2022-07-31T10:19:13.952Z,5
3 yıl önce,2022-07-31T06:43:02.454Z,3
3 yıl önce,2022-07-30T21:01:23.276Z,5
3 yıl önce,2022-07-30T16:57:17.291Z,5
3 yıl önce,2022-07-30T13:37:44.523Z,5
3 yıl önce,2022-07-30T09:30:18.803Z,5
3 yıl önce,2022-07-30T07:03:03.416Z,4
3 yıl önce,2022-07-30T05:23:38.164Z,2
3 yıl önce,2022-07-29T13:31:17.963Z,4
3 yıl önce,2022-07-26T14:09:03.312Z,5
3 yıl önce,2022-07-26T14:03:54.654Z,5
3 yıl önce,2022-07-26T12:57:57.844Z,5
3 yıl önce,2022-07-25T19:22:58.810Z,5
3 yıl önce,2022-07-25T18:23:47.957Z,4
3 yıl önce,2022-07-25T09:54:27.579Z,4
3 yıl önce düzenlendi,2022-07-24T19:22:54.955Z,5
3 yıl önce,2022-07-24T07:53:43.555Z,4
3 yıl önce,2022-07-22T14:57:59.178Z,5
3 yıl önce,2022-07-21T17:36:32.533Z,5
3 yıl önce,2022-07-21T16:10:29.837Z,4
3 yıl önce,2022-07-21T09:02:22.373Z,5
3 yıl önce,2022-07-20T18:16:33.131Z,5
3 yıl önce,2022-07-19T21:11:41.249Z,5
3 yıl önce,2022-07-19T15:57:48.891Z,5
3 yıl önce,2022-07-19T09:24:21.407Z,5
3 yıl önce,2022-07-19T06:36:18.174Z,5
3 yıl önce,2022-07-17T17:46:17.122Z,5
3 yıl önce,2022-07-17T17:28:06.517Z,5
3 yıl önce,2022-07-17T11:12:21.894Z,5
3 yıl önce,2022-07-17T09:46:07.169Z,5
3 yıl önce,2022-07-17T08:16:04.582Z,5
3 yıl önce,2022-07-16T18:29:33.252Z,5
3 yıl önce,2022-07-16T13:22:35.638Z,5
3 yıl önce,2022-07-16T08:21:43.302Z,5
3 yıl önce,2022-07-15T16:36:49.342Z,4
3 yıl önce,2022-07-15T13:35:29.188Z,5
3 yıl önce,2022-07-14T15:54:30.996Z,5
3 yıl önce,2022-07-14T10:37:16.434Z,5
3 yıl önce,2022-07-13T15:30:11.584Z,3
3 yıl önce,2022-07-13T12:38:06.806Z,5
3 yıl önce,2022-07-12T15:52:51.043Z,5
3 yıl önce,2022-07-12T12:44:20.383Z,5
3 yıl önce,2022-07-12T12:09:40.109Z,5
3 yıl önce,2022-07-12T10:08:43.311Z,3
3 yıl önce,2022-07-11T19:41:12.237Z,5
3 yıl önce,2022-07-11T14:27:17.671Z,5
3 yıl önce,2022-07-10T22:14:26.962Z,4
3 yıl önce,2022-07-10T10:14:08.908Z,5
3 yıl önce,2022-07-09T15:53:36.938Z,5
3 yıl önce,2022-07-09T13:37:55.230Z,5
3 yıl önce düzenlendi,2022-07-09T08:29:43.441Z,5
3 yıl önce,2022-07-07T19:36:55.187Z,5
3 yıl önce,2022-07-06T07:18:04.259Z,5
3 yıl önce,2022-07-05T17:45:35.544Z,5
3 yıl önce,2022-07-05T07:04:51.618Z,3
3 yıl önce düzenlendi,2022-07-04T19:31:27.109Z,5
3 yıl önce,2022-07-03T12:17:08.929Z,5
3 yıl önce,2022-07-02T13:54:30.664Z,3
3 yıl önce,2022-07-01T13:53:09.242Z,4
3 yıl önce,2022-06-30T09:49:40.863Z,5
3 yıl önce,2022-06-24T12:05:37.626Z,5
3 yıl önce,2022-06-23T13:42:59.173Z,5
3 yıl önce,2022-06-23T05:52:19.837Z,5
3 yıl önce,2022-06-22T10:05:22.274Z,4
3 yıl önce,2022-06-13T10:31:31.724Z,5
3 yıl önce,2022-06-11T15:47:57.766Z,5
3 yıl önce,2022-06-01T16:20:44.760Z,4
3 yıl önce,2022-05-29T21:19:18.139Z,5
3 yıl önce,2022-05-28T17:51:03.785Z,5
3 yıl önce,2022-05-25T17:04:19.719Z,5
3 yıl önce,2022-05-21T16:14:12.639Z,5
3 yıl önce,2022-05-15T05:22:15.945Z,5
3 yıl önce,2022-05-13T15:33:29.332Z,5
3 yıl önce,2022-05-08T10:22:05.441Z,4
3 yıl önce,2022-05-04T17:40:55.358Z,5
3 yıl önce,2022-04-30T16:26:14.416Z,4
3 yıl önce,2022-04-30T07:29:48.853Z,5
3 yıl önce,2022-04-25T10:09:34.005Z,5
3 yıl önce,2022-04-22T17:31:14.456Z,5
3 yıl önce,2022-04-17T11:15:11.984Z,5
4 yıl önce,2022-04-10T07:07:07.106Z,5
4 yıl önce,2022-03-29T20:07:30.363Z,5
4 yıl önce,2022-03-29T10:55:05.964Z,5
4 yıl önce,2022-03-18T11:51:49.526Z,5
4 yıl önce,2022-03-06T11:22:44.996Z,5
4 yıl önce,2022-02-27T14:16:04.965Z,4
4 yıl önce,2022-02-26T10:11:38.140Z,5
4 yıl önce,2022-02-24T11:58:49.992Z,5
4 yıl önce,2022-02-13T11:32:53.491Z,5
4 yıl önce,2022-02-06T18:20:33.484Z,5
4 yıl önce,2022-01-29T23:15:16.903Z,5
4 yıl önce,2022-01-16T12:53:44.466Z,5
4 yıl önce,2022-01-11T16:29:14.508Z,5
4 yıl önce,2022-01-06T16:25:23.412Z,5
4 yıl önce,2021-12-29T19:40:16.754Z,5
4 yıl önce,2021-10-22T17:32:44.689Z,2
4 yıl önce,2021-10-22T14:21:44.587Z,5
4 yıl önce,2021-10-21T11:06:28.315Z,5
4 yıl önce,2021-10-02T19:09:37.168Z,5
4 yıl önce,2021-10-02T03:52:29.395Z,4
4 yıl önce,2021-09-26T04:41:28.116Z,5
4 yıl önce,2021-09-20T09:03:05.955Z,5
4 yıl önce,2021-09-09T17:04:57.538Z,5
4 yıl önce,2021-09-05T12:42:19.487Z,5
4 yıl önce,2021-08-23T10:03:29.806Z,5
4 yıl önce,2021-08-21T20:43:51.334Z,5
4 yıl önce,2021-08-21T14:59:39.841Z,5
4 yıl önce,2021-08-18T09:28:53.046Z,5
4 yıl önce,2021-08-17T12:31:31.466Z,3
4 yıl önce,2021-08-15T17:39:36.597Z,5
4 yıl önce,2021-08-08T19:36:19.302Z,4
4 yıl önce,2021-08-08T11:57:05.486Z,5
4 yıl önce,2021-08-06T09:24:13.588Z,4
4 yıl önce,2021-08-06T08:59:57.451Z,5
4 yıl önce,2021-08-04T22:27:16.110Z,4
4 yıl önce,2021-07-30T09:00:27.887Z,5
4 yıl önce,2021-07-30T07:17:56.365Z,4
4 yıl önce,2021-07-27T19:08:36.239Z,5
4 yıl önce,2021-07-27T16:20:57.064Z,5
4 yıl önce,2021-07-25T22:07:37.139Z,5
4 yıl önce,2021-07-25T08:17:41.788Z,5
4 yıl önce,2021-07-24T15:49:18.719Z,5
4 yıl önce düzenlendi,2021-07-22T16:26:28.292Z,4
4 yıl önce,2021-07-20T22:20:32.677Z,5
4 yıl önce,2021-07-20T19:14:19.537Z,5
4 yıl önce,2021-07-20T07:37:21.937Z,5
4 yıl önce,2021-07-19T14:40:34.328Z,5
4 yıl önce,2021-07-18T17:52:46.398Z,4
4 yıl önce,2021-07-18T15:02:16.037Z,5
4 yıl önce,2021-07-17T17:53:36.883Z,5
4 yıl önce,2021-07-16T18:34:03.468Z,5
4 yıl önce,2021-07-16T17:07:07.909Z,5
4 yıl önce,2021-07-16T09:35:28.746Z,5
4 yıl önce düzenlendi,2021-07-09T12:38:57.947Z,4
4 yıl önce,2021-06-29T16:45:08.805Z,5
4 yıl önce,2021-06-19T18:18:40.144Z,1
4 yıl önce,2021-06-18T16:43:57.336Z,5
4 yıl önce,2021-06-03T19:27:52.367Z,3
4 yıl önce,2021-05-21T15:18:43.699Z,4
4 yıl önce,2021-05-17T13:02:58.281Z,4
4 yıl önce,2021-05-12T14:50:38.263Z,5
4 yıl önce,2021-05-11T06:15:42.184Z,5
4 yıl önce,2021-05-09T05:00:27.307Z,5
4 yıl önce düzenlendi,2021-04-25T11:32:28.955Z,1
4 yıl önce,2021-04-24T18:49:20.749Z,5
4 yıl önce,2021-04-22T21:13:07.686Z,5
4 yıl önce,2021-04-20T11:51:20.583Z,5
4 yıl önce,2021-04-17T12:26:41.121Z,5
4 yıl önce,2021-04-17T06:50:16.852Z,5
5 yıl önce,2021-04-11T06:03:37.774Z,5
5 yıl önce,2021-04-08T08:29:07.486Z,5
5 yıl önce,2021-03-27T14:25:57.687Z,5
5 yıl önce,2021-03-25T19:10:34.002Z,5
5 yıl önce düzenlendi,2021-03-19T09:13:54.682Z,4
5 yıl önce,2021-03-14T21:51:22.899Z,5
5 yıl önce,2021-02-27T14:06:34.888Z,5
5 yıl önce,2021-02-05T20:00:46.677Z,2
5 yıl önce,2021-02-04T20:35:57.660Z,5
5 yıl önce,2021-01-24T21:44:20.931Z,5
5 yıl önce,2021-01-17T17:20:14.880Z,4
5 yıl önce,2021-01-16T11:01:24.042Z,5
5 yıl önce,2021-01-16T07:07:08.772Z,5
5 yıl önce,2021-01-08T17:29:30.531Z,5
5 yıl önce,2021-01-01T14:22:02.527Z,5
5 yıl önce,2020-12-03T17:07:25.636Z,4
5 yıl önce,2020-11-22T16:35:18.616Z,4
5 yıl önce,2020-11-20T12:26:09.297Z,5
5 yıl önce,2020-11-18T11:23:21.591Z,5
5 yıl önce,2020-11-17T14:24:38.388Z,2
5 yıl önce,2020-11-16T15:21:37.741Z,5
5 yıl önce,2020-11-08T20:02:02.532Z,5
5 yıl önce,2020-11-03T15:11:10.087Z,5
5 yıl önce,2020-10-31T09:14:07.784Z,4
5 yıl önce,2020-10-26T13:53:21.781Z,5
5 yıl önce,2020-10-19T06:50:35.607Z,5
5 yıl önce,2020-10-17T14:15:06.257Z,1
5 yıl önce,2020-10-16T11:16:09.994Z,5
5 yıl önce,2020-10-14T08:57:34.065Z,5
5 yıl önce,2020-10-10T17:08:55.626Z,5
5 yıl önce,2020-10-06T16:37:33.819Z,5
5 yıl önce,2020-09-28T20:10:10.843Z,5
5 yıl önce,2020-09-24T14:15:49.920Z,5
5 yıl önce,2020-09-21T17:49:07.645Z,4
5 yıl önce,2020-09-17T12:02:19.534Z,5
5 yıl önce,2020-09-13T07:25:24.251Z,5
5 yıl önce,2020-09-08T18:13:24.500Z,4
5 yıl önce,2020-09-02T05:19:53.306Z,5
5 yıl önce,2020-08-22T18:17:40.877Z,1
5 yıl önce,2020-08-22T17:03:12.604Z,4
5 yıl önce,2020-08-07T14:16:49.679Z,5
5 yıl önce,2020-08-02T16:36:23.533Z,5
5 yıl önce,2020-08-02T13:46:39.577Z,4
5 yıl önce,2020-08-01T08:51:20.266Z,5
5 yıl önce,2020-07-27T11:28:49.632Z,5
5 yıl önce,2020-07-21T22:48:59.503Z,5
5 yıl önce,2020-07-09T17:52:25.614Z,5
5 yıl önce,2020-07-08T22:05:35.719Z,4
5 yıl önce,2020-07-04T20:33:46.923Z,2
5 yıl önce,2020-06-05T11:52:33.824Z,5
6 yıl önce,2020-03-19T22:31:18.916Z,5
6 yıl önce,2020-03-16T17:42:42.108Z,5
6 yıl önce,2020-03-10T13:14:13.394Z,5
6 yıl önce,2020-03-04T14:02:27.435Z,4
6 yıl önce,2020-02-20T21:14:44.316Z,5
6 yıl önce düzenlendi,2020-02-18T14:02:12.257Z,5
6 yıl önce,2020-02-02T10:11:29.145Z,5
6 yıl önce,2020-01-30T18:21:16.491Z,3
6 yıl önce,2020-01-28T17:42:08.987Z,5
6 yıl önce,2020-01-26T18:26:47.078Z,4
6 yıl önce,2020-01-19T21:04:56.881Z,4
6 yıl önce,2019-12-25T06:39:43.754Z,5
6 yıl önce,2019-12-08T20:12:45.070Z,3
6 yıl önce,2019-11-29T19:03:32.995Z,5
6 yıl önce,2019-11-09T14:37:29.107Z,5
6 yıl önce,2019-11-06T10:32:20.255Z,5
6 yıl önce,2019-11-03T18:41:31.852Z,5
6 yıl önce,2019-11-02T15:47:03.699Z,5
6 yıl önce,2019-10-31T13:56:27.778Z,5
6 yıl önce,2019-10-30T14:45:35.001Z,5
6 yıl önce,2019-10-28T17:56:36.995Z,5
6 yıl önce,2019-10-28T16:30:48.931Z,4
6 yıl önce,2019-10-27T08:49:35.902Z,5
6 yıl önce,2019-10-26T14:32:22.127Z,5
6 yıl önce,2019-10-19T08:31:40.660Z,4
6 yıl önce,2019-10-14T05:53:36.260Z,5
6 yıl önce,2019-10-13T05:37:47.207Z,5
6 yıl önce,2019-10-11T18:30:54.236Z,4
6 yıl önce,2019-09-24T10:18:47.707Z,5
6 yıl önce,2019-09-21T12:22:12.738Z,5
6 yıl önce,2019-09-18T08:26:46.784Z,5
6 yıl önce düzenlendi,2019-09-18T04:27:09.072Z,5
6 yıl önce,2019-09-16T18:36:43.513Z,5
6 yıl önce,2019-09-16T06:55:54.976Z,5
6 yıl önce,2019-09-15T21:58:20.250Z,5
6 yıl önce,2019-09-15T15:11:31.334Z,5
6 yıl önce,2019-09-10T05:55:48.065Z,5
6 yıl önce,2019-09-09T07:18:25.627Z,5
6 yıl önce,2019-09-07T18:30:21.534Z,5
6 yıl önce,2019-09-04T18:13:16.236Z,5
6 yıl önce,2019-09-03T18:50:50.665Z,5
6 yıl önce,2019-09-03T15:02:52.843Z,5
6 yıl önce,2019-09-02T17:09:27.946Z,5
6 yıl önce,2019-09-01T18:42:39.212Z,5
6 yıl önce,2019-08-29T15:54:00.272Z,5
6 yıl önce,2019-08-28T20:48:03.880Z,5
6 yıl önce,2019-08-28T09:48:59.355Z,5
6 yıl önce,2019-08-27T16:09:43.192Z,5
6 yıl önce,2019-08-27T04:05:30.219Z,5
6 yıl önce,2019-08-24T06:53:08.242Z,4
6 yıl önce,2019-08-22T21:11:55.162Z,5
6 yıl önce,2019-08-22T09:32:35.323Z,5
6 yıl önce,2019-08-22T08:49:08.876Z,4
6 yıl önce,2019-08-21T07:32:00.553Z,4
6 yıl önce,2019-08-20T11:45:01.094Z,5
6 yıl önce,2019-08-18T16:05:31.741Z,5
6 yıl önce,2019-08-18T09:44:03.902Z,3
6 yıl önce,2019-08-16T16:34:09.716Z,5
6 yıl önce,2019-08-14T14:36:18.924Z,5
6 yıl önce,2019-08-14T04:48:53.823Z,5
6 yıl önce,2019-08-13T15:55:39.326Z,5
6 yıl önce,2019-08-12T15:03:25.440Z,5
6 yıl önce,2019-08-10T13:37:26.117Z,4
6 yıl önce,2019-08-09T09:23:06.547Z,4
6 yıl önce,2019-08-08T16:33:41.662Z,5
6 yıl önce,2019-08-07T16:50:09.903Z,5
6 yıl önce,2019-08-07T11:35:35.016Z,5
6 yıl önce,2019-08-07T06:58:03.951Z,5
6 yıl önce,2019-08-06T17:24:20.559Z,5
6 yıl önce,2019-08-05T13:28:00.951Z,3
6 yıl önce,2019-08-04T16:32:06.000Z,5
6 yıl önce,2019-08-02T20:42:21.008Z,5
6 yıl önce,2019-07-30T14:52:33.825Z,5
6 yıl önce,2019-07-28T16:24:43.308Z,5
6 yıl önce,2019-07-28T14:41:57.774Z,4
6 yıl önce,2019-07-27T09:13:49.637Z,5
6 yıl önce,2019-07-24T18:47:45.658Z,5
6 yıl önce,2019-07-24T17:57:10.098Z,5
6 yıl önce,2019-07-23T05:26:57.800Z,5
6 yıl önce,2019-07-16T16:06:51.989Z,5
6 yıl önce,2019-07-14T12:57:12.496Z,5
6 yıl önce,2019-07-13T02:13:23.741Z,5
6 yıl önce,2019-07-11T07:22:56.908Z,5
6 yıl önce,2019-07-09T15:05:30.521Z,5
6 yıl önce,2019-07-09T14:11:16.637Z,5
6 yıl önce,2019-07-09T11:32:31.824Z,5
6 yıl önce,2019-07-07T18:35:02.650Z,1
6 yıl önce,2019-07-06T17:59:28.245Z,5
6 yıl önce,2019-07-05T11:31:33.255Z,5
6 yıl önce,2019-07-03T15:20:51.735Z,4
6 yıl önce,2019-07-03T10:30:48.777Z,5
6 yıl önce,2019-07-01T18:00:59.799Z,5
6 yıl önce,2019-06-26T16:57:20.674Z,5
6 yıl önce,2019-06-26T00:24:08.888Z,5
6 yıl önce,2019-06-24T20:44:37.288Z,5
6 yıl önce,2019-06-22T09:07:31.060Z,5
6 yıl önce,2019-06-12T07:42:45.030Z,5
6 yıl önce,2019-06-10T16:30:12.610Z,5
6 yıl önce,2019-06-09T09:44:47.362Z,5
6 yıl önce,2019-06-08T18:42:13.597Z,5
6 yıl önce,2019-05-20T07:07:11.340Z,5
6 yıl önce,2019-05-20T06:10:47.134Z,5
6 yıl önce,2019-05-15T10:00:14.840Z,5
6 yıl önce,2019-05-14T15:47:59.722Z,5
6 yıl önce,2019-05-11T14:11:42.137Z,5
6 yıl önce,2019-05-10T17:32:56.143Z,5
6 yıl önce,2019-05-08T08:33:07.414Z,5
6 yıl önce,2019-05-06T10:59:19.726Z,5
6 yıl önce,2019-05-01T15:53:52.896Z,5
6 yıl önce,2019-04-30T17:16:55.953Z,5
6 yıl önce,2019-04-28T09:39:54.330Z,5
6 yıl önce düzenlendi,2019-04-27T05:58:11.157Z,5
6 yıl önce,2019-04-15T18:02:35.004Z,5
6 yıl önce,2019-04-14T05:51:16.888Z,4
7 yıl önce,2019-04-08T11:00:23.151Z,5
7 yıl önce,2019-04-07T13:56:05.825Z,5
7 yıl önce,2019-04-07T09:35:42.843Z,5
7 yıl önce,2019-04-05T07:03:24.961Z,5
7 yıl önce,2019-03-17T19:22:18.258Z,5
7 yıl önce,2019-02-27T14:15:23.661Z,5
7 yıl önce,2019-02-23T06:48:42.808Z,5
7 yıl önce,2019-02-22T23:14:22.396Z,5
7 yıl önce,2019-02-07T09:47:15.082Z,5
7 yıl önce,2019-02-02T16:47:55.371Z,5
7 yıl önce,2019-02-02T06:41:29.637Z,5
7 yıl önce,2019-01-27T20:16:51.404Z,5
7 yıl önce,2019-01-24T11:56:27.011Z,5
7 yıl önce,2019-01-20T10:38:28.607Z,5
7 yıl önce,2019-01-12T06:29:04.537Z,5
7 yıl önce,2019-01-04T19:38:21.404Z,1
7 yıl önce,2019-01-01T19:15:19.497Z,5
7 yıl önce,2018-12-31T15:23:04.226Z,1
7 yıl önce,2018-12-16T07:17:40.234Z,5
7 yıl önce,2018-12-08T12:12:48.505Z,5
7 yıl önce,2018-11-26T14:03:24.553Z,2
7 yıl önce,2018-11-05T09:35:59.224Z,5
7 yıl önce,2018-10-29T09:23:13.333Z,4
7 yıl önce,2018-10-09T08:41:35.302Z,5
7 yıl önce,2018-09-11T19:23:23.907Z,4
7 yıl önce,2018-09-08T13:39:56.380Z,5
7 yıl önce,2018-09-05T15:17:43.042Z,5
7 yıl önce,2018-08-30T08:36:36.698Z,5
7 yıl önce,2018-08-28T03:56:47.764Z,5
7 yıl önce,2018-08-15T18:13:02.338Z,5
7 yıl önce,2018-08-08T08:23:04.309Z,5
7 yıl önce,2018-08-08T07:23:18.384Z,5
7 yıl önce,2018-08-08T06:54:59.574Z,5
7 yıl önce,2018-07-29T19:12:46.993Z,5
7 yıl önce,2018-07-26T12:58:35.271Z,5
7 yıl önce,2018-07-15T17:42:27.393Z,5
7 yıl önce,2018-06-29T19:57:27.821Z,5
7 yıl önce,2018-06-27T18:36:43.281Z,4
7 yıl önce,2018-05-13T10:10:24.455Z,5
7 yıl önce,2018-05-03T05:25:14.575Z,5
7 yıl önce,2018-04-25T10:11:19.746Z,5
8 yıl önce,2018-04-10T14:45:14.517Z,5
8 yıl önce,2018-04-07T11:31:12.594Z,5
8 yıl önce,2018-03-30T11:05:56.405Z,5
8 yıl önce,2018-03-09T11:29:39.386Z,5
8 yıl önce,2018-02-27T18:31:57.656Z,1
8 yıl önce,2018-02-16T12:44:13.062Z,5
8 yıl önce,2018-02-12T14:08:09.393Z,5
8 yıl önce,2018-02-12T07:16:32.986Z,5
8 yıl önce,2018-02-10T10:32:36.608Z,2
8 yıl önce,2018-02-05T13:14:32.237Z,5
8 yıl önce,2018-02-03T13:04:20.735Z,5
8 yıl önce,2018-02-01T14:43:50.185Z,4
8 yıl önce,2018-02-01T06:34:01.194Z,5
8 yıl önce,2018-01-30T10:45:58.727Z,5
8 yıl önce,2018-01-28T09:58:39.186Z,5
8 yıl önce,2018-01-26T15:09:21.913Z,5
8 yıl önce,2018-01-25T10:59:21.839Z,5
8 yıl önce,2018-01-22T13:00:02.299Z,5
8 yıl önce,2018-01-21T11:06:22.132Z,1
8 yıl önce,2018-01-18T04:09:19.146Z,5
8 yıl önce,2018-01-15T11:48:10.968Z,5
8 yıl önce,2017-12-31T11:38:22.854Z,5
8 yıl önce,2017-12-01T18:48:55.364Z,5